READ MEAN QUALITY,Read1,Q19 Reads,8
READ MEAN QUALITY,Read1,Q20 Reads,20
READ MEAN QUALITY,Read1,Q21 Reads,53
READ MEAN QUALITY,Read1,Q22 Reads,137
READ MEAN QUALITY,Read1,Q23 Reads,308
READ MEAN QUALITY,Read1,Q24 Reads,620
READ MEAN QUALITY,Read1,Q25 Reads,1067
READ MEAN QUALITY,Read1,Q26 Reads,1868
READ MEAN QUALITY,Read1,Q27 Reads,3243
READ MEAN QUALITY,Read1,Q28 Reads,5448
READ MEAN QUALITY,Read1,Q29 Reads,9044
READ MEAN QUALITY,Read1,Q30 Reads,13651
READ MEAN QUALITY,Read1,Q31 Reads,20989
READ MEAN QUALITY,Read1,Q32 Reads,30338
READ MEAN QUALITY,Read1,Q33 Reads,43507
READ MEAN QUALITY,Read1,Q34 Reads,60845
READ MEAN QUALITY,Read1,Q35 Reads,101378
READ MEAN QUALITY,Read1,Q36 Reads,217923
READ MEAN QUALITY,Read1,Q37 Reads,761657
POSITIONAL BASE MEAN QUALITY,Read1,ReadPos 1 A Average Quality,36.05
POSITIONAL BASE MEAN QUALITY,Read1,ReadPos 2 A Average Quality,35.88
POSITIONAL BASE MEAN QUALITY,Read1,ReadPos 3 A Average Quality,36.02
POSITIONAL BASE MEAN QUALITY,Read1,ReadPos 4 A Average Quality,35.96
POSITIONAL BASE MEAN QUALITY,Read1,ReadPos 5 A Average Quality,35.90
POSITIONAL BASE MEAN QUALITY,Read1,ReadPos 6 A Average Quality,35.90
POSITIONAL BASE MEAN QUALITY,Read1,ReadPos 7 A Average Quality,35.91
POSITIONAL BASE MEAN QUALITY,Read1,ReadPos 8 A Average Quality,35.93
POSITIONAL BASE MEAN QUALITY,Read1,ReadPos 9 A Average Quality,35.89
POSITIONAL BASE MEAN QUALITY,Read1,ReadPos 10 A Average Quality,35.86
POSITIONAL BASE MEAN QUALITY,Read1,ReadPos 11 A Average Quality,35.85
POSITIONAL BASE MEAN QUALITY,Read1,ReadPos 12 A Average Quality,35.91
POSITIONAL BASE MEAN QUALITY,Read1,ReadPos 13 A Average Quality,35.90
POSITIONAL BASE MEAN QUALITY,Read1,ReadPos 14 A Average Quality,35.93
POSITIONAL BASE MEAN QUALITY,Read1,ReadPos 15 A Average Quality,35.91
POSITIONAL BASE MEAN QUALITY,Read1,ReadPos 16 A Average Quality,35.91
POSITIONAL BASE MEAN QUALITY,Read1,ReadPos 17 A Average Quality,35.97
POSITIONAL BASE MEAN QUALITY,Read1,ReadPos 18 A Average Quality,35.96
POSITIONAL BASE MEAN QUALITY,Read1,ReadPos 19 A Average Quality,36.01
POSITIONAL BASE MEAN QUALITY,Read1,ReadPos 20 A Average Quality,35.94
POSITIONAL BASE MEAN QUALITY,Read1,ReadPos 21 A Average Quality,36.01
POSITIONAL BASE MEAN QUALITY,Read1,ReadPos 22 A Average Quality,35.96
POSITIONAL BASE MEAN QUALITY,Read1,ReadPos 23 A Average Quality,35.92
POSITIONAL BASE MEAN QUALITY,Read1,ReadPos 24 A Average Quality,35.94
POSITIONAL BASE MEAN QUALITY,Read1,ReadPos 25 A Average Quality,36.01
POSITIONAL BASE MEAN QUALITY,Read1,ReadPos 26 A Average Quality,35.86
POSITIONAL BASE MEAN QUALITY,Read1,ReadPos 1 C Average Quality,35.94
POSITIONAL BASE MEAN QUALITY,Read1,ReadPos 2 C Average Quality,36.02
POSITIONAL BASE MEAN QUALITY,Read1,ReadPos 3 C Average Quality,36.15
POSITIONAL BASE MEAN QUALITY,Read1,ReadPos 4 C Average Quality,36.15
POSITIONAL BASE MEAN QUALITY,Read1,ReadPos 5 C Average Quality,36.14
POSITIONAL BASE MEAN QUALITY,Read1,ReadPos 6 C Average Quality,36.14
POSITIONAL BASE MEAN QUALITY,Read1,ReadPos 7 C Average Quality,36.14
POSITIONAL BASE MEAN QUALITY,Read1,ReadPos 8 C Average Quality,36.18
POSITIONAL BASE MEAN QUALITY,Read1,ReadPos 9 C Average Quality,36.16
POSITIONAL BASE MEAN QUALITY,Read1,ReadPos 10 C Average Quality,36.12
POSITIONAL BASE MEAN QUALITY,Read1,ReadPos 11 C Average Quality,36.14
POSITIONAL BASE MEAN QUALITY,Read1,ReadPos 12 C Average Quality,36.18
POSITIONAL BASE MEAN QUALITY,Read1,ReadPos 13 C Average Quality,36.14
POSITIONAL BASE MEAN QUALITY,Read1,ReadPos 14 C Average Quality,36.16
POSITIONAL BASE MEAN QUALITY,Read1,ReadPos 15 C Average Quality,36.12
POSITIONAL BASE MEAN QUALITY,Read1,ReadPos 16 C Average Quality,36.15
POSITIONAL BASE MEAN QUALITY,Read1,ReadPos 17 C Average Quality,36.12
POSITIONAL BASE MEAN QUALITY,Read1,ReadPos 18 C Average Quality,36.08
POSITIONAL BASE MEAN QUALITY,Read1,ReadPos 19 C Average Quality,36.09
POSITIONAL BASE MEAN QUALITY,Read1,ReadPos 20 C Average Quality,36.01
POSITIONAL BASE MEAN QUALITY,Read1,ReadPos 21 C Average Quality,36.05
POSITIONAL BASE MEAN QUALITY,Read1,ReadPos 22 C Average Quality,36.02
POSITIONAL BASE MEAN QUALITY,Read1,ReadPos 23 C Average Quality,36.02
POSITIONAL BASE MEAN QUALITY,Read1,ReadPos 24 C Average Quality,36.03
POSITIONAL BASE MEAN QUALITY,Read1,ReadPos 25 C Average Quality,35.99
POSITIONAL BASE MEAN QUALITY,Read1,ReadPos 26 C Average Quality,36.02
POSITIONAL BASE MEAN QUALITY,Read1,ReadPos 1 G Average Quality,35.56
POSITIONAL BASE MEAN QUALITY,Read1,ReadPos 2 G Average Quality,35.38
POSITIONAL BASE MEAN QUALITY,Read1,ReadPos 3 G Average Quality,35.48
POSITIONAL BASE MEAN QUALITY,Read1,ReadPos 4 G Average Quality,35.66
POSITIONAL BASE MEAN QUALITY,Read1,ReadPos 5 G Average Quality,35.62
POSITIONAL BASE MEAN QUALITY,Read1,ReadPos 6 G Average Quality,35.65
POSITIONAL BASE MEAN QUALITY,Read1,ReadPos 7 G Average Quality,35.63
POSITIONAL BASE MEAN QUALITY,Read1,ReadPos 8 G Average Quality,35.70
POSITIONAL BASE MEAN QUALITY,Read1,ReadPos 9 G Average Quality,35.68
POSITIONAL BASE MEAN QUALITY,Read1,ReadPos 10 G Average Quality,35.70
POSITIONAL BASE MEAN QUALITY,Read1,ReadPos 11 G Average Quality,35.71
POSITIONAL BASE MEAN QUALITY,Read1,ReadPos 12 G Average Quality,35.77
POSITIONAL BASE MEAN QUALITY,Read1,ReadPos 13 G Average Quality,35.75
POSITIONAL BASE MEAN QUALITY,Read1,ReadPos 14 G Average Quality,35.74
POSITIONAL BASE MEAN QUALITY,Read1,ReadPos 15 G Average Quality,35.67
POSITIONAL BASE MEAN QUALITY,Read1,ReadPos 16 G Average Quality,35.69
POSITIONAL BASE MEAN QUALITY,Read1,ReadPos 17 G Average Quality,35.64
POSITIONAL BASE MEAN QUALITY,Read1,ReadPos 18 G Average Quality,35.61
POSITIONAL BASE MEAN QUALITY,Read1,ReadPos 19 G Average Quality,35.53
POSITIONAL BASE MEAN QUALITY,Read1,ReadPos 20 G Average Quality,35.54
POSITIONAL BASE MEAN QUALITY,Read1,ReadPos 21 G Average Quality,35.42
POSITIONAL BASE MEAN QUALITY,Read1,ReadPos 22 G Average Quality,35.59
POSITIONAL BASE MEAN QUALITY,Read1,ReadPos 23 G Average Quality,35.55
POSITIONAL BASE MEAN QUALITY,Read1,ReadPos 24 G Average Quality,35.60
POSITIONAL BASE MEAN QUALITY,Read1,ReadPos 25 G Average Quality,35.41
POSITIONAL BASE MEAN QUALITY,Read1,ReadPos 26 G Average Quality,35.64
POSITIONAL BASE MEAN QUALITY,Read1,ReadPos 1 T Average Quality,35.83
POSITIONAL BASE MEAN QUALITY,Read1,ReadPos 2 T Average Quality,35.74
POSITIONAL BASE MEAN QUALITY,Read1,ReadPos 3 T Average Quality,35.70
POSITIONAL BASE MEAN QUALITY,Read1,ReadPos 4 T Average Quality,35.73
POSITIONAL BASE MEAN QUALITY,Read1,ReadPos 5 T Average Quality,35.70
POSITIONAL BASE MEAN QUALITY,Read1,ReadPos 6 T Average Quality,35.70
POSITIONAL BASE MEAN QUALITY,Read1,ReadPos 7 T Average Quality,35.70
POSITIONAL BASE MEAN QUALITY,Read1,ReadPos 8 T Average Quality,35.71
POSITIONAL BASE MEAN QUALITY,Read1,ReadPos 9 T Average Quality,35.68
POSITIONAL BASE MEAN QUALITY,Read1,ReadPos 10 T Average Quality,35.65
POSITIONAL BASE MEAN QUALITY,Read1,ReadPos 11 T Average Quality,35.61
POSITIONAL BASE MEAN QUALITY,Read1,ReadPos 12 T Average Quality,35.72
POSITIONAL BASE MEAN QUALITY,Read1,ReadPos 13 T Average Quality,35.70
POSITIONAL BASE MEAN QUALITY,Read1,ReadPos 14 T Average Quality,35.69
POSITIONAL BASE MEAN QUALITY,Read1,ReadPos 15 T Average Quality,35.62
POSITIONAL BASE MEAN QUALITY,Read1,ReadPos 16 T Average Quality,35.68
POSITIONAL BASE MEAN QUALITY,Read1,ReadPos 17 T Average Quality,35.66
POSITIONAL BASE MEAN QUALITY,Read1,ReadPos 18 T Average Quality,35.59
POSITIONAL BASE MEAN QUALITY,Read1,ReadPos 19 T Average Quality,35.58
POSITIONAL BASE MEAN QUALITY,Read1,ReadPos 20 T Average Quality,35.63
POSITIONAL BASE MEAN QUALITY,Read1,ReadPos 21 T Average Quality,35.41
POSITIONAL BASE MEAN QUALITY,Read1,ReadPos 22 T Average Quality,35.50
POSITIONAL BASE MEAN QUALITY,Read1,ReadPos 23 T Average Quality,35.61
POSITIONAL BASE MEAN QUALITY,Read1,ReadPos 24 T Average Quality,35.61
POSITIONAL BASE MEAN QUALITY,Read1,ReadPos 25 T Average Quality,35.60
POSITIONAL BASE MEAN QUALITY,Read1,ReadPos 26 T Average Quality,35.75
POSITIONAL BASE CONTENT,Read1,ReadPos 1 A Bases,261388
POSITIONAL BASE CONTENT,Read1,ReadPos 2 A Bases,263472
POSITIONAL BASE CONTENT,Read1,ReadPos 3 A Bases,263542
POSITIONAL BASE CONTENT,Read1,ReadPos 4 A Bases,268953
POSITIONAL BASE CONTENT,Read1,ReadPos 5 A Bases,268513
POSITIONAL BASE CONTENT,Read1,ReadPos 6 A Bases,268251
POSITIONAL BASE CONTENT,Read1,ReadPos 7 A Bases,271026
POSITIONAL BASE CONTENT,Read1,ReadPos 8 A Bases,269973
POSITIONAL BASE CONTENT,Read1,ReadPos 9 A Bases,268808
POSITIONAL BASE CONTENT,Read1,ReadPos 10 A Bases,269626
POSITIONAL BASE CONTENT,Read1,ReadPos 11 A Bases,269964
POSITIONAL BASE CONTENT,Read1,ReadPos 12 A Bases,270104
POSITIONAL BASE CONTENT,Read1,ReadPos 13 A Bases,273820
POSITIONAL BASE CONTENT,Read1,ReadPos 14 A Bases,278730
POSITIONAL BASE CONTENT,Read1,ReadPos 15 A Bases,309307
POSITIONAL BASE CONTENT,Read1,ReadPos 16 A Bases,317815
POSITIONAL BASE CONTENT,Read1,ReadPos 17 A Bases,341158
POSITIONAL BASE CONTENT,Read1,ReadPos 18 A Bases,308458
POSITIONAL BASE CONTENT,Read1,ReadPos 19 A Bases,307327
POSITIONAL BASE CONTENT,Read1,ReadPos 20 A Bases,335898
POSITIONAL BASE CONTENT,Read1,ReadPos 21 A Bases,341782
POSITIONAL BASE CONTENT,Read1,ReadPos 22 A Bases,319860
POSITIONAL BASE CONTENT,Read1,ReadPos 23 A Bases,318855
POSITIONAL BASE CONTENT,Read1,ReadPos 24 A Bases,321774
POSITIONAL BASE CONTENT,Read1,ReadPos 25 A Bases,340528
POSITIONAL BASE CONTENT,Read1,ReadPos 26 A Bases,340987
POSITIONAL BASE CONTENT,Read1,ReadPos 1 C Bases,298792
POSITIONAL BASE CONTENT,Read1,ReadPos 2 C Bases,298870
POSITIONAL BASE CONTENT,Read1,ReadPos 3 C Bases,298055
POSITIONAL BASE CONTENT,Read1,ReadPos 4 C Bases,294276
POSITIONAL BASE CONTENT,Read1,ReadPos 5 C Bases,294252
POSITIONAL BASE CONTENT,Read1,ReadPos 6 C Bases,290308
POSITIONAL BASE CONTENT,Read1,ReadPos 7 C Bases,292893
POSITIONAL BASE CONTENT,Read1,ReadPos 8 C Bases,293954
POSITIONAL BASE CONTENT,Read1,ReadPos 9 C Bases,294464
POSITIONAL BASE CONTENT,Read1,ReadPos 10 C Bases,291235
POSITIONAL BASE CONTENT,Read1,ReadPos 11 C Bases,288366
POSITIONAL BASE CONTENT,Read1,ReadPos 12 C Bases,286505
POSITIONAL BASE CONTENT,Read1,ReadPos 13 C Bases,279914
POSITIONAL BASE CONTENT,Read1,ReadPos 14 C Bases,279904
POSITIONAL BASE CONTENT,Read1,ReadPos 15 C Bases,327277
POSITIONAL BASE CONTENT,Read1,ReadPos 16 C Bases,326978
POSITIONAL BASE CONTENT,Read1,ReadPos 17 C Bases,304669
POSITIONAL BASE CONTENT,Read1,ReadPos 18 C Bases,324327
POSITIONAL BASE CONTENT,Read1,ReadPos 19 C Bases,309664
POSITIONAL BASE CONTENT,Read1,ReadPos 20 C Bases,325802
POSITIONAL BASE CONTENT,Read1,ReadPos 21 C Bases,303554
POSITIONAL BASE CONTENT,Read1,ReadPos 22 C Bases,302157
POSITIONAL BASE CONTENT,Read1,ReadPos 23 C Bases,320910
POSITIONAL BASE CONTENT,Read1,ReadPos 24 C Bases,321185
POSITIONAL BASE CONTENT,Read1,ReadPos 25 C Bases,298575
POSITIONAL BASE CONTENT,Read1,ReadPos 26 C Bases,279326
POSITIONAL BASE CONTENT,Read1,ReadPos 1 G Bases,363593
POSITIONAL BASE CONTENT,Read1,ReadPos 2 G Bases,360141
POSITIONAL BASE CONTENT,Read1,ReadPos 3 G Bases,360957
POSITIONAL BASE CONTENT,Read1,ReadPos 4 G Bases,358869
POSITIONAL BASE CONTENT,Read1,ReadPos 5 G Bases,358958
POSITIONAL BASE CONTENT,Read1,ReadPos 6 G Bases,359352
POSITIONAL BASE CONTENT,Read1,ReadPos 7 G Bases,358893
POSITIONAL BASE CONTENT,Read1,ReadPos 8 G Bases,356643
POSITIONAL BASE CONTENT,Read1,ReadPos 9 G Bases,358110
POSITIONAL BASE CONTENT,Read1,ReadPos 10 G Bases,359958
POSITIONAL BASE CONTENT,Read1,ReadPos 11 G Bases,361726
POSITIONAL BASE CONTENT,Read1,ReadPos 12 G Bases,365102
POSITIONAL BASE CONTENT,Read1,ReadPos 13 G Bases,367797
POSITIONAL BASE CONTENT,Read1,ReadPos 14 G Bases,365119
POSITIONAL BASE CONTENT,Read1,ReadPos 15 G Bases,297516
POSITIONAL BASE CONTENT,Read1,ReadPos 16 G Bases,298800
POSITIONAL BASE CONTENT,Read1,ReadPos 17 G Bases,302256
POSITIONAL BASE CONTENT,Read1,ReadPos 18 G Bases,306414
POSITIONAL BASE CONTENT,Read1,ReadPos 19 G Bases,330004
POSITIONAL BASE CONTENT,Read1,ReadPos 20 G Bases,296786
POSITIONAL BASE CONTENT,Read1,ReadPos 21 G Bases,296332
POSITIONAL BASE CONTENT,Read1,ReadPos 22 G Bases,299138
POSITIONAL BASE CONTENT,Read1,ReadPos 23 G Bases,320018
POSITIONAL BASE CONTENT,Read1,ReadPos 24 G Bases,311089
POSITIONAL BASE CONTENT,Read1,ReadPos 25 G Bases,283517
POSITIONAL BASE CONTENT,Read1,ReadPos 26 G Bases,270045
POSITIONAL BASE CONTENT,Read1,ReadPos 1 T Bases,348329
POSITIONAL BASE CONTENT,Read1,ReadPos 2 T Bases,349599
POSITIONAL BASE CONTENT,Read1,ReadPos 3 T Bases,349114
POSITIONAL BASE CONTENT,Read1,ReadPos 4 T Bases,349966
POSITIONAL BASE CONTENT,Read1,ReadPos 5 T Bases,350374
POSITIONAL BASE CONTENT,Read1,ReadPos 6 T Bases,354113
POSITIONAL BASE CONTENT,Read1,ReadPos 7 T Bases,349209
POSITIONAL BASE CONTENT,Read1,ReadPos 8 T Bases,351445
POSITIONAL BASE CONTENT,Read1,ReadPos 9 T Bases,350594
POSITIONAL BASE CONTENT,Read1,ReadPos 10 T Bases,351133
POSITIONAL BASE CONTENT,Read1,ReadPos 11 T Bases,351891
POSITIONAL BASE CONTENT,Read1,ReadPos 12 T Bases,350037
POSITIONAL BASE CONTENT,Read1,ReadPos 13 T Bases,350348
POSITIONAL BASE CONTENT,Read1,ReadPos 14 T Bases,348095
POSITIONAL BASE CONTENT,Read1,ReadPos 15 T Bases,337743
POSITIONAL BASE CONTENT,Read1,ReadPos 16 T Bases,328188
POSITIONAL BASE CONTENT,Read1,ReadPos 17 T Bases,323632
POSITIONAL BASE CONTENT,Read1,ReadPos 18 T Bases,332432
POSITIONAL BASE CONTENT,Read1,ReadPos 19 T Bases,324564
POSITIONAL BASE CONTENT,Read1,ReadPos 20 T Bases,312527
POSITIONAL BASE CONTENT,Read1,ReadPos 21 T Bases,329081
POSITIONAL BASE CONTENT,Read1,ReadPos 22 T Bases,349233
POSITIONAL BASE CONTENT,Read1,ReadPos 23 T Bases,309971
POSITIONAL BASE CONTENT,Read1,ReadPos 24 T Bases,313668
POSITIONAL BASE CONTENT,Read1,ReadPos 25 T Bases,334672
POSITIONAL BASE CONTENT,Read1,ReadPos 26 T Bases,281454
POSITIONAL BASE CONTENT,Read1,ReadPos 1 N Bases,2
POSITIONAL BASE CONTENT,Read1,ReadPos 2 N Bases,16
POSITIONAL BASE CONTENT,Read1,ReadPos 3 N Bases,430
POSITIONAL BASE CONTENT,Read1,ReadPos 4 N Bases,33
POSITIONAL BASE CONTENT,Read1,ReadPos 5 N Bases,0
POSITIONAL BASE CONTENT,Read1,ReadPos 6 N Bases,0
POSITIONAL BASE CONTENT,Read1,ReadPos 7 N Bases,0
POSITIONAL BASE CONTENT,Read1,ReadPos 8 N Bases,0
POSITIONAL BASE CONTENT,Read1,ReadPos 9 N Bases,0
POSITIONAL BASE CONTENT,Read1,ReadPos 10 N Bases,10
POSITIONAL BASE CONTENT,Read1,ReadPos 11 N Bases,0
POSITIONAL BASE CONTENT,Read1,ReadPos 12 N Bases,165
POSITIONAL BASE CONTENT,Read1,ReadPos 13 N Bases,0
POSITIONAL BASE CONTENT,Read1,ReadPos 14 N Bases,13
POSITIONAL BASE CONTENT,Read1,ReadPos 15 N Bases,0
POSITIONAL BASE CONTENT,Read1,ReadPos 16 N Bases,0
POSITIONAL BASE CONTENT,Read1,ReadPos 17 N Bases,0
POSITIONAL BASE CONTENT,Read1,ReadPos 18 N Bases,0
POSITIONAL BASE CONTENT,Read1,ReadPos 19 N Bases,0
POSITIONAL BASE CONTENT,Read1,ReadPos 20 N Bases,0
POSITIONAL BASE CONTENT,Read1,ReadPos 21 N Bases,0
POSITIONAL BASE CONTENT,Read1,ReadPos 22 N Bases,0
POSITIONAL BASE CONTENT,Read1,ReadPos 23 N Bases,0
POSITIONAL BASE CONTENT,Read1,ReadPos 24 N Bases,0
POSITIONAL BASE CONTENT,Read1,ReadPos 25 N Bases,0
POSITIONAL BASE CONTENT,Read1,ReadPos 26 N Bases,0
READ LENGTHS,Read1,1bp Length Reads,6
READ LENGTHS,Read1,3bp Length Reads,1
READ LENGTHS,Read1,5bp Length Reads,73
READ LENGTHS,Read1,6bp Length Reads,3
READ LENGTHS,Read1,7bp Length Reads,6
READ LENGTHS,Read1,8bp Length Reads,39
READ LENGTHS,Read1,9bp Length Reads,14
READ LENGTHS,Read1,10bp Length Reads,15
READ LENGTHS,Read1,11bp Length Reads,34
READ LENGTHS,Read1,12bp Length Reads,34
READ LENGTHS,Read1,13bp Length Reads,18
READ LENGTHS,Read1,14bp Length Reads,18
READ LENGTHS,Read1,15bp Length Reads,62
READ LENGTHS,Read1,16bp Length Reads,66
READ LENGTHS,Read1,17bp Length Reads,84
READ LENGTHS,Read1,18bp Length Reads,72
READ LENGTHS,Read1,19bp Length Reads,546
READ LENGTHS,Read1,20bp Length Reads,264
READ LENGTHS,Read1,21bp Length Reads,361
READ LENGTHS,Read1,22bp Length Reads,634
READ LENGTHS,Read1,23bp Length Reads,2038
READ LENGTHS,Read1,24bp Length Reads,10424
READ LENGTHS,Read1,25bp Length Reads,85481
READ LENGTHS,Read1,26bp Length Reads,1171821
READ GC CONTENT,Read1,0% GC Reads,3936
READ GC CONTENT,Read1,1% GC Reads,3936
READ GC CONTENT,Read1,2% GC Reads,29496
READ GC CONTENT,Read1,3% GC Reads,55056
READ GC CONTENT,Read1,4% GC Reads,55056
READ GC CONTENT,Read1,5% GC Reads,55056
READ GC CONTENT,Read1,6% GC Reads,72096
READ GC CONTENT,Read1,7% GC Reads,93724
READ GC CONTENT,Read1,8% GC Reads,100278
READ GC CONTENT,Read1,9% GC Reads,102244
READ GC CONTENT,Read1,10% GC Reads,529224
READ GC CONTENT,Read1,11% GC Reads,963741
READ GC CONTENT,Read1,12% GC Reads,971278
READ GC CONTENT,Read1,13% GC Reads,2598598
READ GC CONTENT,Read1,14% GC Reads,4360920
READ GC CONTENT,Read1,15% GC Reads,4589963
READ GC CONTENT,Read1,16% GC Reads,4684004
READ GC CONTENT,Read1,17% GC Reads,12600067
READ GC CONTENT,Read1,18% GC Reads,21573882
READ GC CONTENT,Read1,19% GC Reads,22893766
READ GC CONTENT,Read1,20% GC Reads,23243718
READ GC CONTENT,Read1,21% GC Reads,44812416
READ GC CONTENT,Read1,22% GC Reads,68455982
READ GC CONTENT,Read1,23% GC Reads,71090186
READ GC CONTENT,Read1,24% GC Reads,71577103
READ GC CONTENT,Read1,25% GC Reads,133586641
READ GC CONTENT,Read1,26% GC Reads,202578378
READ GC CONTENT,Read1,27% GC Reads,210952842
READ GC CONTENT,Read1,28% GC Reads,212862214
READ GC CONTENT,Read1,29% GC Reads,343079598
READ GC CONTENT,Read1,30% GC Reads,485847112
READ GC CONTENT,Read1,31% GC Reads,501116575
READ GC CONTENT,Read1,32% GC Reads,503682879
READ GC CONTENT,Read1,33% GC Reads,740182695
READ GC CONTENT,Read1,34% GC Reads,998215005
READ GC CONTENT,Read1,35% GC Reads,1023123471
READ GC CONTENT,Read1,36% GC Reads,1026207138
READ GC CONTENT,Read1,37% GC Reads,1348436168
READ GC CONTENT,Read1,38% GC Reads,1697244302
READ GC CONTENT,Read1,39% GC Reads,1723877146
READ GC CONTENT,Read1,40% GC Reads,2074477494
READ GC CONTENT,Read1,41% GC Reads,2426125817
READ GC CONTENT,Read1,42% GC Reads,2451338882
READ GC CONTENT,Read1,43% GC Reads,2475754978
READ GC CONTENT,Read1,44% GC Reads,2787841219
READ GC CONTENT,Read1,45% GC Reads,3099741017
READ GC CONTENT,Read1,46% GC Reads,3109571758
READ GC CONTENT,Read1,47% GC Reads,3119470975
READ GC CONTENT,Read1,48% GC Reads,3238981539
READ GC CONTENT,Read1,49% GC Reads,3358321706
READ GC CONTENT,Read1,50% GC Reads,3364874253
READ GC CONTENT,Read1,51% GC Reads,3371426800
READ GC CONTENT,Read1,52% GC Reads,3254309728
READ GC CONTENT,Read1,53% GC Reads,3137344058
READ GC CONTENT,Read1,54% GC Reads,3118406438
READ GC CONTENT,Read1,55% GC Reads,3101891394
READ GC CONTENT,Read1,56% GC Reads,2831223220
READ GC CONTENT,Read1,57% GC Reads,2558154749
READ GC CONTENT,Read1,58% GC Reads,2532654664
READ GC CONTENT,Read1,59% GC Reads,2507300081
READ GC CONTENT,Read1,60% GC Reads,2140178728
READ GC CONTENT,Read1,61% GC Reads,1770278626
READ GC CONTENT,Read1,62% GC Reads,1741836621
READ GC CONTENT,Read1,63% GC Reads,1379437733
READ GC CONTENT,Read1,64% GC Reads,1042644113
READ GC CONTENT,Read1,65% GC Reads,1038771420
READ GC CONTENT,Read1,66% GC Reads,1013944894
READ GC CONTENT,Read1,67% GC Reads,758439397
READ GC CONTENT,Read1,68% GC Reads,524107284
READ GC CONTENT,Read1,69% GC Reads,522636717
READ GC CONTENT,Read1,70% GC Reads,509940183
READ GC CONTENT,Read1,71% GC Reads,355536930
READ GC CONTENT,Read1,72% GC Reads,212132218
READ GC CONTENT,Read1,73% GC Reads,210816596
READ GC CONTENT,Read1,74% GC Reads,202326444
READ GC CONTENT,Read1,75% GC Reads,130284231
READ GC CONTENT,Read1,76% GC Reads,65712462
READ GC CONTENT,Read1,77% GC Reads,65290418
READ GC CONTENT,Read1,78% GC Reads,62951124
READ GC CONTENT,Read1,79% GC Reads,37700539
READ GC CONTENT,Read1,80% GC Reads,14488123
READ GC CONTENT,Read1,81% GC Reads,14240736
READ GC CONTENT,Read1,82% GC Reads,13372068
READ GC CONTENT,Read1,83% GC Reads,7779372
READ GC CONTENT,Read1,84% GC Reads,2818116
READ GC CONTENT,Read1,85% GC Reads,2705396
READ GC CONTENT,Read1,86% GC Reads,2308250
READ GC CONTENT,Read1,87% GC Reads,1161338
READ GC CONTENT,Read1,88% GC Reads,293610
READ GC CONTENT,Read1,89% GC Reads,300819
READ GC CONTENT,Read1,90% GC Reads,208082
READ GC CONTENT,Read1,91% GC Reads,102565
READ GC CONTENT,Read1,92% GC Reads,96994
READ GC CONTENT,Read1,93% GC Reads,96666
READ GC CONTENT,Read1,94% GC Reads,89130
READ GC CONTENT,Read1,95% GC Reads,81922
READ GC CONTENT,Read1,96% GC Reads,81922
READ GC CONTENT,Read1,97% GC Reads,81922
READ GC CONTENT,Read1,98% GC Reads,40961
READ GC CONTENT,Read1,99% GC Reads,0
READ GC CONTENT,Read1,100% GC Reads,0
READ GC CONTENT QUALITY,Read1,0% GC Reads Average Quality,35.00
READ GC CONTENT QUALITY,Read1,1% GC Reads Average Quality,35.00
READ GC CONTENT QUALITY,Read1,2% GC Reads Average Quality,29.80
READ GC CONTENT QUALITY,Read1,3% GC Reads Average Quality,29.43
READ GC CONTENT QUALITY,Read1,4% GC Reads Average Quality,29.43
READ GC CONTENT QUALITY,Read1,5% GC Reads Average Quality,29.43
READ GC CONTENT QUALITY,Read1,6% GC Reads Average Quality,28.50
READ GC CONTENT QUALITY,Read1,7% GC Reads Average Quality,28.37
READ GC CONTENT QUALITY,Read1,8% GC Reads Average Quality,28.93
READ GC CONTENT QUALITY,Read1,9% GC Reads Average Quality,29.09
READ GC CONTENT QUALITY,Read1,10% GC Reads Average Quality,33.18
READ GC CONTENT QUALITY,Read1,11% GC Reads Average Quality,33.60
READ GC CONTENT QUALITY,Read1,12% GC Reads Average Quality,33.58
READ GC CONTENT QUALITY,Read1,13% GC Reads Average Quality,34.16
READ GC CONTENT QUALITY,Read1,14% GC Reads Average Quality,34.33
READ GC CONTENT QUALITY,Read1,15% GC Reads Average Quality,34.38
READ GC CONTENT QUALITY,Read1,16% GC Reads Average Quality,34.40
READ GC CONTENT QUALITY,Read1,17% GC Reads Average Quality,35.07
READ GC CONTENT QUALITY,Read1,18% GC Reads Average Quality,35.23
READ GC CONTENT QUALITY,Read1,19% GC Reads Average Quality,35.25
READ GC CONTENT QUALITY,Read1,20% GC Reads Average Quality,35.25
READ GC CONTENT QUALITY,Read1,21% GC Reads Average Quality,35.33
READ GC CONTENT QUALITY,Read1,22% GC Reads Average Quality,35.37
READ GC CONTENT QUALITY,Read1,23% GC Reads Average Quality,35.37
READ GC CONTENT QUALITY,Read1,24% GC Reads Average Quality,35.38
READ GC CONTENT QUALITY,Read1,25% GC Reads Average Quality,35.49
READ GC CONTENT QUALITY,Read1,26% GC Reads Average Quality,35.54
READ GC CONTENT QUALITY,Read1,27% GC Reads Average Quality,35.55
READ GC CONTENT QUALITY,Read1,28% GC Reads Average Quality,35.55
READ GC CONTENT QUALITY,Read1,29% GC Reads Average Quality,35.65
READ GC CONTENT QUALITY,Read1,30% GC Reads Average Quality,35.70
READ GC CONTENT QUALITY,Read1,31% GC Reads Average Quality,35.70
READ GC CONTENT QUALITY,Read1,32% GC Reads Average Quality,35.70
READ GC CONTENT QUALITY,Read1,33% GC Reads Average Quality,35.76
READ GC CONTENT QUALITY,Read1,34% GC Reads Average Quality,35.80
READ GC CONTENT QUALITY,Read1,35% GC Reads Average Quality,35.80
READ GC CONTENT QUALITY,Read1,36% GC Reads Average Quality,35.80
READ GC CONTENT QUALITY,Read1,37% GC Reads Average Quality,35.84
READ GC CONTENT QUALITY,Read1,38% GC Reads Average Quality,35.87
READ GC CONTENT QUALITY,Read1,39% GC Reads Average Quality,35.87
READ GC CONTENT QUALITY,Read1,40% GC Reads Average Quality,35.89
READ GC CONTENT QUALITY,Read1,41% GC Reads Average Quality,35.91
READ GC CONTENT QUALITY,Read1,42% GC Reads Average Quality,35.91
READ GC CONTENT QUALITY,Read1,43% GC Reads Average Quality,35.91
READ GC CONTENT QUALITY,Read1,44% GC Reads Average Quality,35.92
READ GC CONTENT QUALITY,Read1,45% GC Reads Average Quality,35.94
READ GC CONTENT QUALITY,Read1,46% GC Reads Average Quality,35.94
READ GC CONTENT QUALITY,Read1,47% GC Reads Average Quality,35.94
READ GC CONTENT QUALITY,Read1,48% GC Reads Average Quality,35.95
READ GC CONTENT QUALITY,Read1,49% GC Reads Average Quality,35.97
READ GC CONTENT QUALITY,Read1,50% GC Reads Average Quality,35.96
READ GC CONTENT QUALITY,Read1,51% GC Reads Average Quality,35.96
READ GC CONTENT QUALITY,Read1,52% GC Reads Average Quality,35.97
READ GC CONTENT QUALITY,Read1,53% GC Reads Average Quality,35.97
READ GC CONTENT QUALITY,Read1,54% GC Reads Average Quality,35.97
READ GC CONTENT QUALITY,Read1,55% GC Reads Average Quality,35.97
READ GC CONTENT QUALITY,Read1,56% GC Reads Average Quality,35.98
READ GC CONTENT QUALITY,Read1,57% GC Reads Average Quality,35.99
READ GC CONTENT QUALITY,Read1,58% GC Reads Average Quality,36.00
READ GC CONTENT QUALITY,Read1,59% GC Reads Average Quality,36.00
READ GC CONTENT QUALITY,Read1,60% GC Reads Average Quality,36.00
READ GC CONTENT QUALITY,Read1,61% GC Reads Average Quality,36.01
READ GC CONTENT QUALITY,Read1,62% GC Reads Average Quality,36.01
READ GC CONTENT QUALITY,Read1,63% GC Reads Average Quality,36.01
READ GC CONTENT QUALITY,Read1,64% GC Reads Average Quality,36.00
READ GC CONTENT QUALITY,Read1,65% GC Reads Average Quality,36.00
READ GC CONTENT QUALITY,Read1,66% GC Reads Average Quality,36.00
READ GC CONTENT QUALITY,Read1,67% GC Reads Average Quality,36.00
READ GC CONTENT QUALITY,Read1,68% GC Reads Average Quality,36.00
READ GC CONTENT QUALITY,Read1,69% GC Reads Average Quality,36.00
READ GC CONTENT QUALITY,Read1,70% GC Reads Average Quality,35.99
READ GC CONTENT QUALITY,Read1,71% GC Reads Average Quality,35.98
READ GC CONTENT QUALITY,Read1,72% GC Reads Average Quality,35.96
READ GC CONTENT QUALITY,Read1,73% GC Reads Average Quality,35.95
READ GC CONTENT QUALITY,Read1,74% GC Reads Average Quality,35.95
READ GC CONTENT QUALITY,Read1,75% GC Reads Average Quality,35.92
READ GC CONTENT QUALITY,Read1,76% GC Reads Average Quality,35.83
READ GC CONTENT QUALITY,Read1,77% GC Reads Average Quality,35.84
READ GC CONTENT QUALITY,Read1,78% GC Reads Average Quality,35.83
READ GC CONTENT QUALITY,Read1,79% GC Reads Average Quality,35.79
READ GC CONTENT QUALITY,Read1,80% GC Reads Average Quality,35.66
READ GC CONTENT QUALITY,Read1,81% GC Reads Average Quality,35.67
READ GC CONTENT QUALITY,Read1,82% GC Reads Average Quality,35.68
READ GC CONTENT QUALITY,Read1,83% GC Reads Average Quality,35.57
READ GC CONTENT QUALITY,Read1,84% GC Reads Average Quality,35.01
READ GC CONTENT QUALITY,Read1,85% GC Reads Average Quality,34.96
READ GC CONTENT QUALITY,Read1,86% GC Reads Average Quality,34.77
READ GC CONTENT QUALITY,Read1,87% GC Reads Average Quality,34.21
READ GC CONTENT QUALITY,Read1,88% GC Reads Average Quality,31.39
READ GC CONTENT QUALITY,Read1,89% GC Reads Average Quality,31.45
READ GC CONTENT QUALITY,Read1,90% GC Reads Average Quality,31.43
READ GC CONTENT QUALITY,Read1,91% GC Reads Average Quality,30.94
READ GC CONTENT QUALITY,Read1,92% GC Reads Average Quality,30.65
READ GC CONTENT QUALITY,Read1,93% GC Reads Average Quality,30.21
READ GC CONTENT QUALITY,Read1,94% GC Reads Average Quality,28.67
READ GC CONTENT QUALITY,Read1,95% GC Reads Average Quality,27.38
READ GC CONTENT QUALITY,Read1,96% GC Reads Average Quality,27.38
READ GC CONTENT QUALITY,Read1,97% GC Reads Average Quality,27.38
READ GC CONTENT QUALITY,Read1,98% GC Reads Average Quality,27.38
READ GC CONTENT QUALITY,Read1,99% GC Reads Average Quality,NA
READ GC CONTENT QUALITY,Read1,100% GC Reads Average Quality,NA
SEQUENCE POSITIONS,Read1,'AGATCGGAAGAG' Total Sequence Starts,0,0.00
SEQUENCE POSITIONS,Read1,'TGGAATTCTCGG' Total Sequence Starts,0,0.00
SEQUENCE POSITIONS,Read1,'GATCGTCGGACT' 1bp Starts,2
SEQUENCE POSITIONS,Read1,'GATCGTCGGACT' Total Sequence Starts,2,0.00
SEQUENCE POSITIONS,Read1,'CTGTCTCTTATA' Total Sequence Starts,0,0.00
POSITIONAL QUALITY,Read1,ReadPos 1 1% Quantile QV,11
POSITIONAL QUALITY,Read1,ReadPos 1 2% Quantile QV,11
POSITIONAL QUALITY,Read1,ReadPos 1 5% Quantile QV,25
POSITIONAL QUALITY,Read1,ReadPos 1 10% Quantile QV,37
POSITIONAL QUALITY,Read1,ReadPos 1 25% Quantile QV,37
POSITIONAL QUALITY,Read1,ReadPos 1 50% Quantile QV,37
POSITIONAL QUALITY,Read1,ReadPos 1 75% Quantile QV,37
POSITIONAL QUALITY,Read1,ReadPos 1 90% Quantile QV,37
POSITIONAL QUALITY,Read1,ReadPos 1 95% Quantile QV,37
POSITIONAL QUALITY,Read1,ReadPos 1 98% Quantile QV,37
POSITIONAL QUALITY,Read1,ReadPos 1 99% Quantile QV,37
POSITIONAL QUALITY,Read1,ReadPos 2 1% Quantile QV,11
POSITIONAL QUALITY,Read1,ReadPos 2 2% Quantile QV,11
POSITIONAL QUALITY,Read1,ReadPos 2 5% Quantile QV,25
POSITIONAL QUALITY,Read1,ReadPos 2 10% Quantile QV,37
POSITIONAL QUALITY,Read1,ReadPos 2 25% Quantile QV,37
POSITIONAL QUALITY,Read1,ReadPos 2 50% Quantile QV,37
POSITIONAL QUALITY,Read1,ReadPos 2 75% Quantile QV,37
POSITIONAL QUALITY,Read1,ReadPos 2 90% Quantile QV,37
POSITIONAL QUALITY,Read1,ReadPos 2 95% Quantile QV,37
POSITIONAL QUALITY,Read1,ReadPos 2 98% Quantile QV,37
POSITIONAL QUALITY,Read1,ReadPos 2 99% Quantile QV,37
POSITIONAL QUALITY,Read1,ReadPos 3 1% Quantile QV,11
POSITIONAL QUALITY,Read1,ReadPos 3 2% Quantile QV,11
POSITIONAL QUALITY,Read1,ReadPos 3 5% Quantile QV,25
POSITIONAL QUALITY,Read1,ReadPos 3 10% Quantile QV,37
POSITIONAL QUALITY,Read1,ReadPos 3 25% Quantile QV,37
POSITIONAL QUALITY,Read1,ReadPos 3 50% Quantile QV,37
POSITIONAL QUALITY,Read1,ReadPos 3 75% Quantile QV,37
POSITIONAL QUALITY,Read1,ReadPos 3 90% Quantile QV,37
POSITIONAL QUALITY,Read1,ReadPos 3 95% Quantile QV,37
POSITIONAL QUALITY,Read1,ReadPos 3 98% Quantile QV,37
POSITIONAL QUALITY,Read1,ReadPos 3 99% Quantile QV,37
POSITIONAL QUALITY,Read1,ReadPos 4 1% Quantile QV,11
POSITIONAL QUALITY,Read1,ReadPos 4 2% Quantile QV,11
POSITIONAL QUALITY,Read1,ReadPos 4 5% Quantile QV,25
POSITIONAL QUALITY,Read1,ReadPos 4 10% Quantile QV,37
POSITIONAL QUALITY,Read1,ReadPos 4 25% Quantile QV,37
POSITIONAL QUALITY,Read1,ReadPos 4 50% Quantile QV,37
POSITIONAL QUALITY,Read1,ReadPos 4 75% Quantile QV,37
POSITIONAL QUALITY,Read1,ReadPos 4 90% Quantile QV,37
POSITIONAL QUALITY,Read1,ReadPos 4 95% Quantile QV,37
POSITIONAL QUALITY,Read1,ReadPos 4 98% Quantile QV,37
POSITIONAL QUALITY,Read1,ReadPos 4 99% Quantile QV,37
POSITIONAL QUALITY,Read1,ReadPos 5 1% Quantile QV,11
POSITIONAL QUALITY,Read1,ReadPos 5 2% Quantile QV,11
POSITIONAL QUALITY,Read1,ReadPos 5 5% Quantile QV,25
POSITIONAL QUALITY,Read1,ReadPos 5 10% Quantile QV,37
POSITIONAL QUALITY,Read1,ReadPos 5 25% Quantile QV,37
POSITIONAL QUALITY,Read1,ReadPos 5 50% Quantile QV,37
POSITIONAL QUALITY,Read1,ReadPos 5 75% Quantile QV,37
POSITIONAL QUALITY,Read1,ReadPos 5 90% Quantile QV,37
POSITIONAL QUALITY,Read1,ReadPos 5 95% Quantile QV,37
POSITIONAL QUALITY,Read1,ReadPos 5 98% Quantile QV,37
POSITIONAL QUALITY,Read1,ReadPos 5 99% Quantile QV,37
POSITIONAL QUALITY,Read1,ReadPos 6 1% Quantile QV,11
POSITIONAL QUALITY,Read1,ReadPos 6 2% Quantile QV,11
POSITIONAL QUALITY,Read1,ReadPos 6 5% Quantile QV,25
POSITIONAL QUALITY,Read1,ReadPos 6 10% Quantile QV,37
POSITIONAL QUALITY,Read1,ReadPos 6 25% Quantile QV,37
POSITIONAL QUALITY,Read1,ReadPos 6 50% Quantile QV,37
POSITIONAL QUALITY,Read1,ReadPos 6 75% Quantile QV,37
POSITIONAL QUALITY,Read1,ReadPos 6 90% Quantile QV,37
POSITIONAL QUALITY,Read1,ReadPos 6 95% Quantile QV,37
POSITIONAL QUALITY,Read1,ReadPos 6 98% Quantile QV,37
POSITIONAL QUALITY,Read1,ReadPos 6 99% Quantile QV,37
POSITIONAL QUALITY,Read1,ReadPos 7 1% Quantile QV,11
POSITIONAL QUALITY,Read1,ReadPos 7 2% Quantile QV,11
POSITIONAL QUALITY,Read1,ReadPos 7 5% Quantile QV,25
POSITIONAL QUALITY,Read1,ReadPos 7 10% Quantile QV,37
POSITIONAL QUALITY,Read1,ReadPos 7 25% Quantile QV,37
POSITIONAL QUALITY,Read1,ReadPos 7 50% Quantile QV,37
POSITIONAL QUALITY,Read1,ReadPos 7 75% Quantile QV,37
POSITIONAL QUALITY,Read1,ReadPos 7 90% Quantile QV,37
POSITIONAL QUALITY,Read1,ReadPos 7 95% Quantile QV,37
POSITIONAL QUALITY,Read1,ReadPos 7 98% Quantile QV,37
POSITIONAL QUALITY,Read1,ReadPos 7 99% Quantile QV,37
POSITIONAL QUALITY,Read1,ReadPos 8 1% Quantile QV,11
POSITIONAL QUALITY,Read1,ReadPos 8 2% Quantile QV,11
POSITIONAL QUALITY,Read1,ReadPos 8 5% Quantile QV,25
POSITIONAL QUALITY,Read1,ReadPos 8 10% Quantile QV,37
POSITIONAL QUALITY,Read1,ReadPos 8 25% Quantile QV,37
POSITIONAL QUALITY,Read1,ReadPos 8 50% Quantile QV,37
POSITIONAL QUALITY,Read1,ReadPos 8 75% Quantile QV,37
POSITIONAL QUALITY,Read1,ReadPos 8 90% Quantile QV,37
POSITIONAL QUALITY,Read1,ReadPos 8 95% Quantile QV,37
POSITIONAL QUALITY,Read1,ReadPos 8 98% Quantile QV,37
POSITIONAL QUALITY,Read1,ReadPos 8 99% Quantile QV,37
POSITIONAL QUALITY,Read1,ReadPos 9 1% Quantile QV,11
POSITIONAL QUALITY,Read1,ReadPos 9 2% Quantile QV,11
POSITIONAL QUALITY,Read1,ReadPos 9 5% Quantile QV,25
POSITIONAL QUALITY,Read1,ReadPos 9 10% Quantile QV,37
POSITIONAL QUALITY,Read1,ReadPos 9 25% Quantile QV,37
POSITIONAL QUALITY,Read1,ReadPos 9 50% Quantile QV,37
POSITIONAL QUALITY,Read1,ReadPos 9 75% Quantile QV,37
POSITIONAL QUALITY,Read1,ReadPos 9 90% Quantile QV,37
POSITIONAL QUALITY,Read1,ReadPos 9 95% Quantile QV,37
POSITIONAL QUALITY,Read1,ReadPos 9 98% Quantile QV,37
POSITIONAL QUALITY,Read1,ReadPos 9 99% Quantile QV,37
POSITIONAL QUALITY,Read1,ReadPos 10 1% Quantile QV,11
POSITIONAL QUALITY,Read1,ReadPos 10 2% Quantile QV,11
POSITIONAL QUALITY,Read1,ReadPos 10 5% Quantile QV,25
POSITIONAL QUALITY,Read1,ReadPos 10 10% Quantile QV,37
POSITIONAL QUALITY,Read1,ReadPos 10 25% Quantile QV,37
POSITIONAL QUALITY,Read1,ReadPos 10 50% Quantile QV,37
POSITIONAL QUALITY,Read1,ReadPos 10 75% Quantile QV,37
POSITIONAL QUALITY,Read1,ReadPos 10 90% Quantile QV,37
POSITIONAL QUALITY,Read1,ReadPos 10 95% Quantile QV,37
POSITIONAL QUALITY,Read1,ReadPos 10 98% Quantile QV,37
POSITIONAL QUALITY,Read1,ReadPos 10 99% Quantile QV,37
POSITIONAL QUALITY,Read1,ReadPos 11 1% Quantile QV,11
POSITIONAL QUALITY,Read1,ReadPos 11 2% Quantile QV,11
POSITIONAL QUALITY,Read1,ReadPos 11 5% Quantile QV,25
POSITIONAL QUALITY,Read1,ReadPos 11 10% Quantile QV,37
POSITIONAL QUALITY,Read1,ReadPos 11 25% Quantile QV,37
POSITIONAL QUALITY,Read1,ReadPos 11 50% Quantile QV,37
POSITIONAL QUALITY,Read1,ReadPos 11 75% Quantile QV,37
POSITIONAL QUALITY,Read1,ReadPos 11 90% Quantile QV,37
POSITIONAL QUALITY,Read1,ReadPos 11 95% Quantile QV,37
POSITIONAL QUALITY,Read1,ReadPos 11 98% Quantile QV,37
POSITIONAL QUALITY,Read1,ReadPos 11 99% Quantile QV,37
POSITIONAL QUALITY,Read1,ReadPos 12 1% Quantile QV,11
POSITIONAL QUALITY,Read1,ReadPos 12 2% Quantile QV,11
POSITIONAL QUALITY,Read1,ReadPos 12 5% Quantile QV,25
POSITIONAL QUALITY,Read1,ReadPos 12 10% Quantile QV,37
POSITIONAL QUALITY,Read1,ReadPos 12 25% Quantile QV,37
POSITIONAL QUALITY,Read1,ReadPos 12 50% Quantile QV,37
POSITIONAL QUALITY,Read1,ReadPos 12 75% Quantile QV,37
POSITIONAL QUALITY,Read1,ReadPos 12 90% Quantile QV,37
POSITIONAL QUALITY,Read1,ReadPos 12 95% Quantile QV,37
POSITIONAL QUALITY,Read1,ReadPos 12 98% Quantile QV,37
POSITIONAL QUALITY,Read1,ReadPos 12 99% Quantile QV,37
POSITIONAL QUALITY,Read1,ReadPos 13 1% Quantile QV,11
POSITIONAL QUALITY,Read1,ReadPos 13 2% Quantile QV,11
POSITIONAL QUALITY,Read1,ReadPos 13 5% Quantile QV,25
POSITIONAL QUALITY,Read1,ReadPos 13 10% Quantile QV,37
POSITIONAL QUALITY,Read1,ReadPos 13 25% Quantile QV,37
POSITIONAL QUALITY,Read1,ReadPos 13 50% Quantile QV,37
POSITIONAL QUALITY,Read1,ReadPos 13 75% Quantile QV,37
POSITIONAL QUALITY,Read1,ReadPos 13 90% Quantile QV,37
POSITIONAL QUALITY,Read1,ReadPos 13 95% Quantile QV,37
POSITIONAL QUALITY,Read1,ReadPos 13 98% Quantile QV,37
POSITIONAL QUALITY,Read1,ReadPos 13 99% Quantile QV,37
POSITIONAL QUALITY,Read1,ReadPos 14 1% Quantile QV,11
POSITIONAL QUALITY,Read1,ReadPos 14 2% Quantile QV,11
POSITIONAL QUALITY,Read1,ReadPos 14 5% Quantile QV,25
POSITIONAL QUALITY,Read1,ReadPos 14 10% Quantile QV,37
POSITIONAL QUALITY,Read1,ReadPos 14 25% Quantile QV,37
POSITIONAL QUALITY,Read1,ReadPos 14 50% Quantile QV,37
POSITIONAL QUALITY,Read1,ReadPos 14 75% Quantile QV,37
POSITIONAL QUALITY,Read1,ReadPos 14 90% Quantile QV,37
POSITIONAL QUALITY,Read1,ReadPos 14 95% Quantile QV,37
POSITIONAL QUALITY,Read1,ReadPos 14 98% Quantile QV,37
POSITIONAL QUALITY,Read1,ReadPos 14 99% Quantile QV,37
POSITIONAL QUALITY,Read1,ReadPos 15 1% Quantile QV,11
POSITIONAL QUALITY,Read1,ReadPos 15 2% Quantile QV,11
POSITIONAL QUALITY,Read1,ReadPos 15 5% Quantile QV,25
POSITIONAL QUALITY,Read1,ReadPos 15 10% Quantile QV,37
POSITIONAL QUALITY,Read1,ReadPos 15 25% Quantile QV,37
POSITIONAL QUALITY,Read1,ReadPos 15 50% Quantile QV,37
POSITIONAL QUALITY,Read1,ReadPos 15 75% Quantile QV,37
POSITIONAL QUALITY,Read1,ReadPos 15 90% Quantile QV,37
POSITIONAL QUALITY,Read1,ReadPos 15 95% Quantile QV,37
POSITIONAL QUALITY,Read1,ReadPos 15 98% Quantile QV,37
POSITIONAL QUALITY,Read1,ReadPos 15 99% Quantile QV,37
POSITIONAL QUALITY,Read1,ReadPos 16 1% Quantile QV,11
POSITIONAL QUALITY,Read1,ReadPos 16 2% Quantile QV,11
POSITIONAL QUALITY,Read1,ReadPos 16 5% Quantile QV,25
POSITIONAL QUALITY,Read1,ReadPos 16 10% Quantile QV,37
POSITIONAL QUALITY,Read1,ReadPos 16 25% Quantile QV,37
POSITIONAL QUALITY,Read1,ReadPos 16 50% Quantile QV,37
POSITIONAL QUALITY,Read1,ReadPos 16 75% Quantile QV,37
POSITIONAL QUALITY,Read1,ReadPos 16 90% Quantile QV,37
POSITIONAL QUALITY,Read1,ReadPos 16 95% Quantile QV,37
POSITIONAL QUALITY,Read1,ReadPos 16 98% Quantile QV,37
POSITIONAL QUALITY,Read1,ReadPos 16 99% Quantile QV,37
POSITIONAL QUALITY,Read1,ReadPos 17 1% Quantile QV,11
POSITIONAL QUALITY,Read1,ReadPos 17 2% Quantile QV,11
POSITIONAL QUALITY,Read1,ReadPos 17 5% Quantile QV,25
POSITIONAL QUALITY,Read1,ReadPos 17 10% Quantile QV,37
POSITIONAL QUALITY,Read1,ReadPos 17 25% Quantile QV,37
POSITIONAL QUALITY,Read1,ReadPos 17 50% Quantile QV,37
POSITIONAL QUALITY,Read1,ReadPos 17 75% Quantile QV,37
POSITIONAL QUALITY,Read1,ReadPos 17 90% Quantile QV,37
POSITIONAL QUALITY,Read1,ReadPos 17 95% Quantile QV,37
POSITIONAL QUALITY,Read1,ReadPos 17 98% Quantile QV,37
POSITIONAL QUALITY,Read1,ReadPos 17 99% Quantile QV,37
POSITIONAL QUALITY,Read1,ReadPos 18 1% Quantile QV,11
POSITIONAL QUALITY,Read1,ReadPos 18 2% Quantile QV,11
POSITIONAL QUALITY,Read1,ReadPos 18 5% Quantile QV,25
POSITIONAL QUALITY,Read1,ReadPos 18 10% Quantile QV,37
POSITIONAL QUALITY,Read1,ReadPos 18 25% Quantile QV,37
POSITIONAL QUALITY,Read1,ReadPos 18 50% Quantile QV,37
POSITIONAL QUALITY,Read1,ReadPos 18 75% Quantile QV,37
POSITIONAL QUALITY,Read1,ReadPos 18 90% Quantile QV,37
POSITIONAL QUALITY,Read1,ReadPos 18 95% Quantile QV,37
POSITIONAL QUALITY,Read1,ReadPos 18 98% Quantile QV,37
POSITIONAL QUALITY,Read1,ReadPos 18 99% Quantile QV,37
POSITIONAL QUALITY,Read1,ReadPos 19 1% Quantile QV,11
POSITIONAL QUALITY,Read1,ReadPos 19 2% Quantile QV,11
POSITIONAL QUALITY,Read1,ReadPos 19 5% Quantile QV,25
POSITIONAL QUALITY,Read1,ReadPos 19 10% Quantile QV,37
POSITIONAL QUALITY,Read1,ReadPos 19 25% Quantile QV,37
POSITIONAL QUALITY,Read1,ReadPos 19 50% Quantile QV,37
POSITIONAL QUALITY,Read1,ReadPos 19 75% Quantile QV,37
POSITIONAL QUALITY,Read1,ReadPos 19 90% Quantile QV,37
POSITIONAL QUALITY,Read1,ReadPos 19 95% Quantile QV,37
POSITIONAL QUALITY,Read1,ReadPos 19 98% Quantile QV,37
POSITIONAL QUALITY,Read1,ReadPos 19 99% Quantile QV,37
POSITIONAL QUALITY,Read1,ReadPos 20 1% Quantile QV,11
POSITIONAL QUALITY,Read1,ReadPos 20 2% Quantile QV,11
POSITIONAL QUALITY,Read1,ReadPos 20 5% Quantile QV,25
POSITIONAL QUALITY,Read1,ReadPos 20 10% Quantile QV,37
POSITIONAL QUALITY,Read1,ReadPos 20 25% Quantile QV,37
POSITIONAL QUALITY,Read1,ReadPos 20 50% Quantile QV,37
POSITIONAL QUALITY,Read1,ReadPos 20 75% Quantile QV,37
POSITIONAL QUALITY,Read1,ReadPos 20 90% Quantile QV,37
POSITIONAL QUALITY,Read1,ReadPos 20 95% Quantile QV,37
POSITIONAL QUALITY,Read1,ReadPos 20 98% Quantile QV,37
POSITIONAL QUALITY,Read1,ReadPos 20 99% Quantile QV,37
POSITIONAL QUALITY,Read1,ReadPos 21 1% Quantile QV,11
POSITIONAL QUALITY,Read1,ReadPos 21 2% Quantile QV,11
POSITIONAL QUALITY,Read1,ReadPos 21 5% Quantile QV,25
POSITIONAL QUALITY,Read1,ReadPos 21 10% Quantile QV,37
POSITIONAL QUALITY,Read1,ReadPos 21 25% Quantile QV,37
POSITIONAL QUALITY,Read1,ReadPos 21 50% Quantile QV,37
POSITIONAL QUALITY,Read1,ReadPos 21 75% Quantile QV,37
POSITIONAL QUALITY,Read1,ReadPos 21 90% Quantile QV,37
POSITIONAL QUALITY,Read1,ReadPos 21 95% Quantile QV,37
POSITIONAL QUALITY,Read1,ReadPos 21 98% Quantile QV,37
POSITIONAL QUALITY,Read1,ReadPos 21 99% Quantile QV,37
POSITIONAL QUALITY,Read1,ReadPos 22 1% Quantile QV,11
POSITIONAL QUALITY,Read1,ReadPos 22 2% Quantile QV,11
POSITIONAL QUALITY,Read1,ReadPos 22 5% Quantile QV,25
POSITIONAL QUALITY,Read1,ReadPos 22 10% Quantile QV,37
POSITIONAL QUALITY,Read1,ReadPos 22 25% Quantile QV,37
POSITIONAL QUALITY,Read1,ReadPos 22 50% Quantile QV,37
POSITIONAL QUALITY,Read1,ReadPos 22 75% Quantile QV,37
POSITIONAL QUALITY,Read1,ReadPos 22 90% Quantile QV,37
POSITIONAL QUALITY,Read1,ReadPos 22 95% Quantile QV,37
POSITIONAL QUALITY,Read1,ReadPos 22 98% Quantile QV,37
POSITIONAL QUALITY,Read1,ReadPos 22 99% Quantile QV,37
POSITIONAL QUALITY,Read1,ReadPos 23 1% Quantile QV,11
POSITIONAL QUALITY,Read1,ReadPos 23 2% Quantile QV,11
POSITIONAL QUALITY,Read1,ReadPos 23 5% Quantile QV,25
POSITIONAL QUALITY,Read1,ReadPos 23 10% Quantile QV,37
POSITIONAL QUALITY,Read1,ReadPos 23 25% Quantile QV,37
POSITIONAL QUALITY,Read1,ReadPos 23 50% Quantile QV,37
POSITIONAL QUALITY,Read1,ReadPos 23 75% Quantile QV,37
POSITIONAL QUALITY,Read1,ReadPos 23 90% Quantile QV,37
POSITIONAL QUALITY,Read1,ReadPos 23 95% Quantile QV,37
POSITIONAL QUALITY,Read1,ReadPos 23 98% Quantile QV,37
POSITIONAL QUALITY,Read1,ReadPos 23 99% Quantile QV,37
POSITIONAL QUALITY,Read1,ReadPos 24 1% Quantile QV,11
POSITIONAL QUALITY,Read1,ReadPos 24 2% Quantile QV,11
POSITIONAL QUALITY,Read1,ReadPos 24 5% Quantile QV,25
POSITIONAL QUALITY,Read1,ReadPos 24 10% Quantile QV,37
POSITIONAL QUALITY,Read1,ReadPos 24 25% Quantile QV,37
POSITIONAL QUALITY,Read1,ReadPos 24 50% Quantile QV,37
POSITIONAL QUALITY,Read1,ReadPos 24 75% Quantile QV,37
POSITIONAL QUALITY,Read1,ReadPos 24 90% Quantile QV,37
POSITIONAL QUALITY,Read1,ReadPos 24 95% Quantile QV,37
POSITIONAL QUALITY,Read1,ReadPos 24 98% Quantile QV,37
POSITIONAL QUALITY,Read1,ReadPos 24 99% Quantile QV,37
POSITIONAL QUALITY,Read1,ReadPos 25 1% Quantile QV,11
POSITIONAL QUALITY,Read1,ReadPos 25 2% Quantile QV,11
POSITIONAL QUALITY,Read1,ReadPos 25 5% Quantile QV,25
POSITIONAL QUALITY,Read1,ReadPos 25 10% Quantile QV,37
POSITIONAL QUALITY,Read1,ReadPos 25 25% Quantile QV,37
POSITIONAL QUALITY,Read1,ReadPos 25 50% Quantile QV,37
POSITIONAL QUALITY,Read1,ReadPos 25 75% Quantile QV,37
POSITIONAL QUALITY,Read1,ReadPos 25 90% Quantile QV,37
POSITIONAL QUALITY,Read1,ReadPos 25 95% Quantile QV,37
POSITIONAL QUALITY,Read1,ReadPos 25 98% Quantile QV,37
POSITIONAL QUALITY,Read1,ReadPos 25 99% Quantile QV,37
POSITIONAL QUALITY,Read1,ReadPos 26 1% Quantile QV,11
POSITIONAL QUALITY,Read1,ReadPos 26 2% Quantile QV,11
POSITIONAL QUALITY,Read1,ReadPos 26 5% Quantile QV,25
POSITIONAL QUALITY,Read1,ReadPos 26 10% Quantile QV,37
POSITIONAL QUALITY,Read1,ReadPos 26 25% Quantile QV,37
POSITIONAL QUALITY,Read1,ReadPos 26 50% Quantile QV,37
POSITIONAL QUALITY,Read1,ReadPos 26 75% Quantile QV,37
POSITIONAL QUALITY,Read1,ReadPos 26 90% Quantile QV,37
POSITIONAL QUALITY,Read1,ReadPos 26 95% Quantile QV,37
POSITIONAL QUALITY,Read1,ReadPos 26 98% Quantile QV,37
POSITIONAL QUALITY,Read1,ReadPos 26 99% Quantile QV,37
READ MEAN QUALITY,Read2,Q7 Reads,1
READ MEAN QUALITY,Read2,Q8 Reads,2
READ MEAN QUALITY,Read2,Q9 Reads,1
READ MEAN QUALITY,Read2,Q10 Reads,3
READ MEAN QUALITY,Read2,Q11 Reads,3
READ MEAN QUALITY,Read2,Q12 Reads,4
READ MEAN QUALITY,Read2,Q13 Reads,4
READ MEAN QUALITY,Read2,Q14 Reads,13
READ MEAN QUALITY,Read2,Q15 Reads,13
READ MEAN QUALITY,Read2,Q16 Reads,34
READ MEAN QUALITY,Read2,Q17 Reads,42
READ MEAN QUALITY,Read2,Q18 Reads,69
READ MEAN QUALITY,Read2,Q19 Reads,123
READ MEAN QUALITY,Read2,Q20 Reads,230
READ MEAN QUALITY,Read2,Q21 Reads,380
READ MEAN QUALITY,Read2,Q22 Reads,650
READ MEAN QUALITY,Read2,Q23 Reads,977
READ MEAN QUALITY,Read2,Q24 Reads,1510
READ MEAN QUALITY,Read2,Q25 Reads,2484
READ MEAN QUALITY,Read2,Q26 Reads,3872
READ MEAN QUALITY,Read2,Q27 Reads,5795
READ MEAN QUALITY,Read2,Q28 Reads,8431
READ MEAN QUALITY,Read2,Q29 Reads,11592
READ MEAN QUALITY,Read2,Q30 Reads,15449
READ MEAN QUALITY,Read2,Q31 Reads,20607
READ MEAN QUALITY,Read2,Q32 Reads,26649
READ MEAN QUALITY,Read2,Q33 Reads,35878
READ MEAN QUALITY,Read2,Q34 Reads,50548
READ MEAN QUALITY,Read2,Q35 Reads,88801
READ MEAN QUALITY,Read2,Q36 Reads,213175
READ MEAN QUALITY,Read2,Q37 Reads,784678
POSITIONAL BASE MEAN QUALITY,Read2,ReadPos 1 A Average Quality,35.90
POSITIONAL BASE MEAN QUALITY,Read2,ReadPos 2 A Average Quality,35.91
POSITIONAL BASE MEAN QUALITY,Read2,ReadPos 3 A Average Quality,36.00
POSITIONAL BASE MEAN QUALITY,Read2,ReadPos 4 A Average Quality,35.88
POSITIONAL BASE MEAN QUALITY,Read2,ReadPos 5 A Average Quality,35.77
POSITIONAL BASE MEAN QUALITY,Read2,ReadPos 6 A Average Quality,35.88
POSITIONAL BASE MEAN QUALITY,Read2,ReadPos 7 A Average Quality,35.91
POSITIONAL BASE MEAN QUALITY,Read2,ReadPos 8 A Average Quality,35.96
POSITIONAL BASE MEAN QUALITY,Read2,ReadPos 9 A Average Quality,35.88
POSITIONAL BASE MEAN QUALITY,Read2,ReadPos 10 A Average Quality,35.94
POSITIONAL BASE MEAN QUALITY,Read2,ReadPos 11 A Average Quality,35.95
POSITIONAL BASE MEAN QUALITY,Read2,ReadPos 12 A Average Quality,35.97
POSITIONAL BASE MEAN QUALITY,Read2,ReadPos 13 A Average Quality,35.80
POSITIONAL BASE MEAN QUALITY,Read2,ReadPos 14 A Average Quality,35.86
POSITIONAL BASE MEAN QUALITY,Read2,ReadPos 15 A Average Quality,35.73
POSITIONAL BASE MEAN QUALITY,Read2,ReadPos 16 A Average Quality,35.75
POSITIONAL BASE MEAN QUALITY,Read2,ReadPos 17 A Average Quality,35.83
POSITIONAL BASE MEAN QUALITY,Read2,ReadPos 18 A Average Quality,35.70
POSITIONAL BASE MEAN QUALITY,Read2,ReadPos 19 A Average Quality,35.69
POSITIONAL BASE MEAN QUALITY,Read2,ReadPos 20 A Average Quality,35.65
POSITIONAL BASE MEAN QUALITY,Read2,ReadPos 21 A Average Quality,35.69
POSITIONAL BASE MEAN QUALITY,Read2,ReadPos 22 A Average Quality,35.71
POSITIONAL BASE MEAN QUALITY,Read2,ReadPos 23 A Average Quality,35.64
POSITIONAL BASE MEAN QUALITY,Read2,ReadPos 24 A Average Quality,35.72
POSITIONAL BASE MEAN QUALITY,Read2,ReadPos 25 A Average Quality,35.79
POSITIONAL BASE MEAN QUALITY,Read2,ReadPos 26 A Average Quality,35.73
POSITIONAL BASE MEAN QUALITY,Read2,ReadPos 1 C Average Quality,35.81
POSITIONAL BASE MEAN QUALITY,Read2,ReadPos 2 C Average Quality,35.84
POSITIONAL BASE MEAN QUALITY,Read2,ReadPos 3 C Average Quality,36.12
POSITIONAL BASE MEAN QUALITY,Read2,ReadPos 4 C Average Quality,36.09
POSITIONAL BASE MEAN QUALITY,Read2,ReadPos 5 C Average Quality,36.06
POSITIONAL BASE MEAN QUALITY,Read2,ReadPos 6 C Average Quality,36.07
POSITIONAL BASE MEAN QUALITY,Read2,ReadPos 7 C Average Quality,36.11
POSITIONAL BASE MEAN QUALITY,Read2,ReadPos 8 C Average Quality,36.15
POSITIONAL BASE MEAN QUALITY,Read2,ReadPos 9 C Average Quality,36.08
POSITIONAL BASE MEAN QUALITY,Read2,ReadPos 10 C Average Quality,36.14
POSITIONAL BASE MEAN QUALITY,Read2,ReadPos 11 C Average Quality,36.11
POSITIONAL BASE MEAN QUALITY,Read2,ReadPos 12 C Average Quality,36.15
POSITIONAL BASE MEAN QUALITY,Read2,ReadPos 13 C Average Quality,36.11
POSITIONAL BASE MEAN QUALITY,Read2,ReadPos 14 C Average Quality,36.10
POSITIONAL BASE MEAN QUALITY,Read2,ReadPos 15 C Average Quality,35.97
POSITIONAL BASE MEAN QUALITY,Read2,ReadPos 16 C Average Quality,36.00
POSITIONAL BASE MEAN QUALITY,Read2,ReadPos 17 C Average Quality,36.07
POSITIONAL BASE MEAN QUALITY,Read2,ReadPos 18 C Average Quality,35.97
POSITIONAL BASE MEAN QUALITY,Read2,ReadPos 19 C Average Quality,35.97
POSITIONAL BASE MEAN QUALITY,Read2,ReadPos 20 C Average Quality,35.97
POSITIONAL BASE MEAN QUALITY,Read2,ReadPos 21 C Average Quality,36.00
POSITIONAL BASE MEAN QUALITY,Read2,ReadPos 22 C Average Quality,35.99
POSITIONAL BASE MEAN QUALITY,Read2,ReadPos 23 C Average Quality,36.01
POSITIONAL BASE MEAN QUALITY,Read2,ReadPos 24 C Average Quality,36.02
POSITIONAL BASE MEAN QUALITY,Read2,ReadPos 25 C Average Quality,36.07
POSITIONAL BASE MEAN QUALITY,Read2,ReadPos 26 C Average Quality,36.11
POSITIONAL BASE MEAN QUALITY,Read2,ReadPos 1 G Average Quality,34.40
POSITIONAL BASE MEAN QUALITY,Read2,ReadPos 2 G Average Quality,35.35
POSITIONAL BASE MEAN QUALITY,Read2,ReadPos 3 G Average Quality,35.53
POSITIONAL BASE MEAN QUALITY,Read2,ReadPos 4 G Average Quality,35.74
POSITIONAL BASE MEAN QUALITY,Read2,ReadPos 5 G Average Quality,35.64
POSITIONAL BASE MEAN QUALITY,Read2,ReadPos 6 G Average Quality,35.70
POSITIONAL BASE MEAN QUALITY,Read2,ReadPos 7 G Average Quality,35.66
POSITIONAL BASE MEAN QUALITY,Read2,ReadPos 8 G Average Quality,35.78
POSITIONAL BASE MEAN QUALITY,Read2,ReadPos 9 G Average Quality,35.61
POSITIONAL BASE MEAN QUALITY,Read2,ReadPos 10 G Average Quality,35.79
POSITIONAL BASE MEAN QUALITY,Read2,ReadPos 11 G Average Quality,35.75
POSITIONAL BASE MEAN QUALITY,Read2,ReadPos 12 G Average Quality,35.72
POSITIONAL BASE MEAN QUALITY,Read2,ReadPos 13 G Average Quality,35.64
POSITIONAL BASE MEAN QUALITY,Read2,ReadPos 14 G Average Quality,35.72
POSITIONAL BASE MEAN QUALITY,Read2,ReadPos 15 G Average Quality,35.64
POSITIONAL BASE MEAN QUALITY,Read2,ReadPos 16 G Average Quality,35.63
POSITIONAL BASE MEAN QUALITY,Read2,ReadPos 17 G Average Quality,35.69
POSITIONAL BASE MEAN QUALITY,Read2,ReadPos 18 G Average Quality,35.57
POSITIONAL BASE MEAN QUALITY,Read2,ReadPos 19 G Average Quality,35.60
POSITIONAL BASE MEAN QUALITY,Read2,ReadPos 20 G Average Quality,35.59
POSITIONAL BASE MEAN QUALITY,Read2,ReadPos 21 G Average Quality,35.60
POSITIONAL BASE MEAN QUALITY,Read2,ReadPos 22 G Average Quality,35.67
POSITIONAL BASE MEAN QUALITY,Read2,ReadPos 23 G Average Quality,35.75
POSITIONAL BASE MEAN QUALITY,Read2,ReadPos 24 G Average Quality,35.80
POSITIONAL BASE MEAN QUALITY,Read2,ReadPos 25 G Average Quality,35.84
POSITIONAL BASE MEAN QUALITY,Read2,ReadPos 26 G Average Quality,35.80
POSITIONAL BASE MEAN QUALITY,Read2,ReadPos 1 T Average Quality,35.57
POSITIONAL BASE MEAN QUALITY,Read2,ReadPos 2 T Average Quality,35.73
POSITIONAL BASE MEAN QUALITY,Read2,ReadPos 3 T Average Quality,35.65
POSITIONAL BASE MEAN QUALITY,Read2,ReadPos 4 T Average Quality,35.74
POSITIONAL BASE MEAN QUALITY,Read2,ReadPos 5 T Average Quality,35.68
POSITIONAL BASE MEAN QUALITY,Read2,ReadPos 6 T Average Quality,35.66
POSITIONAL BASE MEAN QUALITY,Read2,ReadPos 7 T Average Quality,35.66
POSITIONAL BASE MEAN QUALITY,Read2,ReadPos 8 T Average Quality,35.74
POSITIONAL BASE MEAN QUALITY,Read2,ReadPos 9 T Average Quality,35.57
POSITIONAL BASE MEAN QUALITY,Read2,ReadPos 10 T Average Quality,35.70
POSITIONAL BASE MEAN QUALITY,Read2,ReadPos 11 T Average Quality,35.66
POSITIONAL BASE MEAN QUALITY,Read2,ReadPos 12 T Average Quality,35.64
POSITIONAL BASE MEAN QUALITY,Read2,ReadPos 13 T Average Quality,35.50
POSITIONAL BASE MEAN QUALITY,Read2,ReadPos 14 T Average Quality,35.56
POSITIONAL BASE MEAN QUALITY,Read2,ReadPos 15 T Average Quality,35.45
POSITIONAL BASE MEAN QUALITY,Read2,ReadPos 16 T Average Quality,35.42
POSITIONAL BASE MEAN QUALITY,Read2,ReadPos 17 T Average Quality,35.53
POSITIONAL BASE MEAN QUALITY,Read2,ReadPos 18 T Average Quality,35.34
POSITIONAL BASE MEAN QUALITY,Read2,ReadPos 19 T Average Quality,35.37
POSITIONAL BASE MEAN QUALITY,Read2,ReadPos 20 T Average Quality,35.35
POSITIONAL BASE MEAN QUALITY,Read2,ReadPos 21 T Average Quality,35.34
POSITIONAL BASE MEAN QUALITY,Read2,ReadPos 22 T Average Quality,35.41
POSITIONAL BASE MEAN QUALITY,Read2,ReadPos 23 T Average Quality,35.41
POSITIONAL BASE MEAN QUALITY,Read2,ReadPos 24 T Average Quality,35.45
POSITIONAL BASE MEAN QUALITY,Read2,ReadPos 25 T Average Quality,35.57
POSITIONAL BASE MEAN QUALITY,Read2,ReadPos 26 T Average Quality,35.64
POSITIONAL BASE CONTENT,Read2,ReadPos 1 A Bases,309194
POSITIONAL BASE CONTENT,Read2,ReadPos 2 A Bases,342447
POSITIONAL BASE CONTENT,Read2,ReadPos 3 A Bases,315347
POSITIONAL BASE CONTENT,Read2,ReadPos 4 A Bases,313640
POSITIONAL BASE CONTENT,Read2,ReadPos 5 A Bases,352842
POSITIONAL BASE CONTENT,Read2,ReadPos 6 A Bases,328305
POSITIONAL BASE CONTENT,Read2,ReadPos 7 A Bases,314646
POSITIONAL BASE CONTENT,Read2,ReadPos 8 A Bases,327716
POSITIONAL BASE CONTENT,Read2,ReadPos 9 A Bases,333232
POSITIONAL BASE CONTENT,Read2,ReadPos 10 A Bases,325324
POSITIONAL BASE CONTENT,Read2,ReadPos 11 A Bases,330515
POSITIONAL BASE CONTENT,Read2,ReadPos 12 A Bases,340871
POSITIONAL BASE CONTENT,Read2,ReadPos 13 A Bases,349769
POSITIONAL BASE CONTENT,Read2,ReadPos 14 A Bases,352266
POSITIONAL BASE CONTENT,Read2,ReadPos 15 A Bases,352048
POSITIONAL BASE CONTENT,Read2,ReadPos 16 A Bases,354882
POSITIONAL BASE CONTENT,Read2,ReadPos 17 A Bases,352092
POSITIONAL BASE CONTENT,Read2,ReadPos 18 A Bases,352440
POSITIONAL BASE CONTENT,Read2,ReadPos 19 A Bases,353116
POSITIONAL BASE CONTENT,Read2,ReadPos 20 A Bases,349757
POSITIONAL BASE CONTENT,Read2,ReadPos 21 A Bases,357000
POSITIONAL BASE CONTENT,Read2,ReadPos 22 A Bases,351068
POSITIONAL BASE CONTENT,Read2,ReadPos 23 A Bases,350510
POSITIONAL BASE CONTENT,Read2,ReadPos 24 A Bases,350066
POSITIONAL BASE CONTENT,Read2,ReadPos 25 A Bases,347891
POSITIONAL BASE CONTENT,Read2,ReadPos 26 A Bases,322886
POSITIONAL BASE CONTENT,Read2,ReadPos 1 C Bases,296884
POSITIONAL BASE CONTENT,Read2,ReadPos 2 C Bases,287638
POSITIONAL BASE CONTENT,Read2,ReadPos 3 C Bases,313497
POSITIONAL BASE CONTENT,Read2,ReadPos 4 C Bases,321577
POSITIONAL BASE CONTENT,Read2,ReadPos 5 C Bases,298548
POSITIONAL BASE CONTENT,Read2,ReadPos 6 C Bases,297813
POSITIONAL BASE CONTENT,Read2,ReadPos 7 C Bases,299367
POSITIONAL BASE CONTENT,Read2,ReadPos 8 C Bases,328821
POSITIONAL BASE CONTENT,Read2,ReadPos 9 C Bases,307167
POSITIONAL BASE CONTENT,Read2,ReadPos 10 C Bases,303390
POSITIONAL BASE CONTENT,Read2,ReadPos 11 C Bases,299701
POSITIONAL BASE CONTENT,Read2,ReadPos 12 C Bases,302382
POSITIONAL BASE CONTENT,Read2,ReadPos 13 C Bases,365716
POSITIONAL BASE CONTENT,Read2,ReadPos 14 C Bases,368774
POSITIONAL BASE CONTENT,Read2,ReadPos 15 C Bases,364473
POSITIONAL BASE CONTENT,Read2,ReadPos 16 C Bases,361621
POSITIONAL BASE CONTENT,Read2,ReadPos 17 C Bases,361638
POSITIONAL BASE CONTENT,Read2,ReadPos 18 C Bases,357681
POSITIONAL BASE CONTENT,Read2,ReadPos 19 C Bases,357713
POSITIONAL BASE CONTENT,Read2,ReadPos 20 C Bases,360544
POSITIONAL BASE CONTENT,Read2,ReadPos 21 C Bases,359598
POSITIONAL BASE CONTENT,Read2,ReadPos 22 C Bases,358075
POSITIONAL BASE CONTENT,Read2,ReadPos 23 C Bases,359470
POSITIONAL BASE CONTENT,Read2,ReadPos 24 C Bases,360163
POSITIONAL BASE CONTENT,Read2,ReadPos 25 C Bases,356743
POSITIONAL BASE CONTENT,Read2,ReadPos 26 C Bases,335332
POSITIONAL BASE CONTENT,Read2,ReadPos 1 G Bases,295163
POSITIONAL BASE CONTENT,Read2,ReadPos 2 G Bases,300420
POSITIONAL BASE CONTENT,Read2,ReadPos 3 G Bases,321348
POSITIONAL BASE CONTENT,Read2,ReadPos 4 G Bases,318567
POSITIONAL BASE CONTENT,Read2,ReadPos 5 G Bases,300008
POSITIONAL BASE CONTENT,Read2,ReadPos 6 G Bases,302767
POSITIONAL BASE CONTENT,Read2,ReadPos 7 G Bases,323517
POSITIONAL BASE CONTENT,Read2,ReadPos 8 G Bases,308415
POSITIONAL BASE CONTENT,Read2,ReadPos 9 G Bases,321894
POSITIONAL BASE CONTENT,Read2,ReadPos 10 G Bases,303609
POSITIONAL BASE CONTENT,Read2,ReadPos 11 G Bases,325732
POSITIONAL BASE CONTENT,Read2,ReadPos 12 G Bases,321919
POSITIONAL BASE CONTENT,Read2,ReadPos 13 G Bases,277544
POSITIONAL BASE CONTENT,Read2,ReadPos 14 G Bases,277679
POSITIONAL BASE CONTENT,Read2,ReadPos 15 G Bases,284667
POSITIONAL BASE CONTENT,Read2,ReadPos 16 G Bases,285864
POSITIONAL BASE CONTENT,Read2,ReadPos 17 G Bases,288518
POSITIONAL BASE CONTENT,Read2,ReadPos 18 G Bases,292418
POSITIONAL BASE CONTENT,Read2,ReadPos 19 G Bases,290119
POSITIONAL BASE CONTENT,Read2,ReadPos 20 G Bases,290333
POSITIONAL BASE CONTENT,Read2,ReadPos 21 G Bases,287180
POSITIONAL BASE CONTENT,Read2,ReadPos 22 G Bases,292523
POSITIONAL BASE CONTENT,Read2,ReadPos 23 G Bases,291537
POSITIONAL BASE CONTENT,Read2,ReadPos 24 G Bases,295204
POSITIONAL BASE CONTENT,Read2,ReadPos 25 G Bases,293298
POSITIONAL BASE CONTENT,Read2,ReadPos 26 G Bases,274171
POSITIONAL BASE CONTENT,Read2,ReadPos 1 T Bases,370522
POSITIONAL BASE CONTENT,Read2,ReadPos 2 T Bases,341430
POSITIONAL BASE CONTENT,Read2,ReadPos 3 T Bases,321722
POSITIONAL BASE CONTENT,Read2,ReadPos 4 T Bases,318073
POSITIONAL BASE CONTENT,Read2,ReadPos 5 T Bases,320122
POSITIONAL BASE CONTENT,Read2,ReadPos 6 T Bases,342793
POSITIONAL BASE CONTENT,Read2,ReadPos 7 T Bases,334126
POSITIONAL BASE CONTENT,Read2,ReadPos 8 T Bases,306658
POSITIONAL BASE CONTENT,Read2,ReadPos 9 T Bases,309213
POSITIONAL BASE CONTENT,Read2,ReadPos 10 T Bases,339127
POSITIONAL BASE CONTENT,Read2,ReadPos 11 T Bases,315428
POSITIONAL BASE CONTENT,Read2,ReadPos 12 T Bases,306128
POSITIONAL BASE CONTENT,Read2,ReadPos 13 T Bases,278122
POSITIONAL BASE CONTENT,Read2,ReadPos 14 T Bases,272436
POSITIONAL BASE CONTENT,Read2,ReadPos 15 T Bases,269911
POSITIONAL BASE CONTENT,Read2,ReadPos 16 T Bases,268604
POSITIONAL BASE CONTENT,Read2,ReadPos 17 T Bases,268604
POSITIONAL BASE CONTENT,Read2,ReadPos 18 T Bases,268200
POSITIONAL BASE CONTENT,Read2,ReadPos 19 T Bases,269649
POSITIONAL BASE CONTENT,Read2,ReadPos 20 T Bases,269589
POSITIONAL BASE CONTENT,Read2,ReadPos 21 T Bases,266141
POSITIONAL BASE CONTENT,Read2,ReadPos 22 T Bases,267908
POSITIONAL BASE CONTENT,Read2,ReadPos 23 T Bases,267380
POSITIONAL BASE CONTENT,Read2,ReadPos 24 T Bases,261392
POSITIONAL BASE CONTENT,Read2,ReadPos 25 T Bases,258495
POSITIONAL BASE CONTENT,Read2,ReadPos 26 T Bases,239165
POSITIONAL BASE CONTENT,Read2,ReadPos 1 N Bases,255
POSITIONAL BASE CONTENT,Read2,ReadPos 2 N Bases,2
POSITIONAL BASE CONTENT,Read2,ReadPos 3 N Bases,5
POSITIONAL BASE CONTENT,Read2,ReadPos 4 N Bases,43
POSITIONAL BASE CONTENT,Read2,ReadPos 5 N Bases,348
POSITIONAL BASE CONTENT,Read2,ReadPos 6 N Bases,65
POSITIONAL BASE CONTENT,Read2,ReadPos 7 N Bases,21
POSITIONAL BASE CONTENT,Read2,ReadPos 8 N Bases,23
POSITIONAL BASE CONTENT,Read2,ReadPos 9 N Bases,38
POSITIONAL BASE CONTENT,Read2,ReadPos 10 N Bases,39
POSITIONAL BASE CONTENT,Read2,ReadPos 11 N Bases,38
POSITIONAL BASE CONTENT,Read2,ReadPos 12 N Bases,41
POSITIONAL BASE CONTENT,Read2,ReadPos 13 N Bases,88
POSITIONAL BASE CONTENT,Read2,ReadPos 14 N Bases,25
POSITIONAL BASE CONTENT,Read2,ReadPos 15 N Bases,23
POSITIONAL BASE CONTENT,Read2,ReadPos 16 N Bases,43
POSITIONAL BASE CONTENT,Read2,ReadPos 17 N Bases,61
POSITIONAL BASE CONTENT,Read2,ReadPos 18 N Bases,47
POSITIONAL BASE CONTENT,Read2,ReadPos 19 N Bases,42
POSITIONAL BASE CONTENT,Read2,ReadPos 20 N Bases,31
POSITIONAL BASE CONTENT,Read2,ReadPos 21 N Bases,49
POSITIONAL BASE CONTENT,Read2,ReadPos 22 N Bases,20
POSITIONAL BASE CONTENT,Read2,ReadPos 23 N Bases,18
POSITIONAL BASE CONTENT,Read2,ReadPos 24 N Bases,26
POSITIONAL BASE CONTENT,Read2,ReadPos 25 N Bases,27
POSITIONAL BASE CONTENT,Read2,ReadPos 26 N Bases,30
READ LENGTHS,Read2,1bp Length Reads,81
READ LENGTHS,Read2,2bp Length Reads,18
READ LENGTHS,Read2,3bp Length Reads,19
READ LENGTHS,Read2,4bp Length Reads,32
READ LENGTHS,Read2,5bp Length Reads,125
READ LENGTHS,Read2,6bp Length Reads,66
READ LENGTHS,Read2,7bp Length Reads,44
READ LENGTHS,Read2,8bp Length Reads,89
READ LENGTHS,Read2,9bp Length Reads,55
READ LENGTHS,Read2,10bp Length Reads,75
READ LENGTHS,Read2,11bp Length Reads,73
READ LENGTHS,Read2,12bp Length Reads,102
READ LENGTHS,Read2,13bp Length Reads,59
READ LENGTHS,Read2,14bp Length Reads,58
READ LENGTHS,Read2,15bp Length Reads,108
READ LENGTHS,Read2,16bp Length Reads,101
READ LENGTHS,Read2,17bp Length Reads,127
READ LENGTHS,Read2,18bp Length Reads,147
READ LENGTHS,Read2,19bp Length Reads,385
READ LENGTHS,Read2,20bp Length Reads,286
READ LENGTHS,Read2,21bp Length Reads,374
READ LENGTHS,Read2,22bp Length Reads,679
READ LENGTHS,Read2,23bp Length Reads,2064
READ LENGTHS,Read2,24bp Length Reads,10398
READ LENGTHS,Read2,25bp Length Reads,84876
READ LENGTHS,Read2,26bp Length Reads,1171673
READ GC CONTENT,Read2,0% GC Reads,354586
READ GC CONTENT,Read2,1% GC Reads,354586
READ GC CONTENT,Read2,2% GC Reads,548251
READ GC CONTENT,Read2,3% GC Reads,753057
READ GC CONTENT,Read2,4% GC Reads,768458
READ GC CONTENT,Read2,5% GC Reads,769114
READ GC CONTENT,Read2,6% GC Reads,1151859
READ GC CONTENT,Read2,7% GC Reads,1538209
READ GC CONTENT,Read2,8% GC Reads,1540176
READ GC CONTENT,Read2,9% GC Reads,1536899
READ GC CONTENT,Read2,10% GC Reads,2323356
READ GC CONTENT,Read2,11% GC Reads,3119644
READ GC CONTENT,Read2,12% GC Reads,3126853
READ GC CONTENT,Read2,13% GC Reads,5708740
READ GC CONTENT,Read2,14% GC Reads,8462984
READ GC CONTENT,Read2,15% GC Reads,8732333
READ GC CONTENT,Read2,16% GC Reads,8833913
READ GC CONTENT,Read2,17% GC Reads,18256705
READ GC CONTENT,Read2,18% GC Reads,28751994
READ GC CONTENT,Read2,19% GC Reads,30119390
READ GC CONTENT,Read2,20% GC Reads,30517183
READ GC CONTENT,Read2,21% GC Reads,53768580
READ GC CONTENT,Read2,22% GC Reads,79301938
READ GC CONTENT,Read2,23% GC Reads,82098347
READ GC CONTENT,Read2,24% GC Reads,82501708
READ GC CONTENT,Read2,25% GC Reads,145420918
READ GC CONTENT,Read2,26% GC Reads,215117528
READ GC CONTENT,Read2,27% GC Reads,223325856
READ GC CONTENT,Read2,28% GC Reads,225394156
READ GC CONTENT,Read2,29% GC Reads,357227718
READ GC CONTENT,Read2,30% GC Reads,501594368
READ GC CONTENT,Read2,31% GC Reads,516992931
READ GC CONTENT,Read2,32% GC Reads,519677194
READ GC CONTENT,Read2,33% GC Reads,757253148
READ GC CONTENT,Read2,34% GC Reads,1016116825
READ GC CONTENT,Read2,35% GC Reads,1040637000
READ GC CONTENT,Read2,36% GC Reads,1043613198
READ GC CONTENT,Read2,37% GC Reads,1365732454
READ GC CONTENT,Read2,38% GC Reads,1714657570
READ GC CONTENT,Read2,39% GC Reads,1741466380
READ GC CONTENT,Read2,40% GC Reads,2082734060
READ GC CONTENT,Read2,41% GC Reads,2425127705
READ GC CONTENT,Read2,42% GC Reads,2449756192
READ GC CONTENT,Read2,43% GC Reads,2473670284
READ GC CONTENT,Read2,44% GC Reads,2783436111
READ GC CONTENT,Read2,45% GC Reads,3092811022
READ GC CONTENT,Read2,46% GC Reads,3102766272
READ GC CONTENT,Read2,47% GC Reads,3112902722
READ GC CONTENT,Read2,48% GC Reads,3230542826
READ GC CONTENT,Read2,49% GC Reads,3347888662
READ GC CONTENT,Read2,50% GC Reads,3353346104
READ GC CONTENT,Read2,51% GC Reads,3358803546
READ GC CONTENT,Read2,52% GC Reads,3236550884
READ GC CONTENT,Read2,53% GC Reads,3114201873
READ GC CONTENT,Read2,54% GC Reads,3095917318
READ GC CONTENT,Read2,55% GC Reads,3078751161
READ GC CONTENT,Read2,56% GC Reads,2806040178
READ GC CONTENT,Read2,57% GC Reads,2532173446
READ GC CONTENT,Read2,58% GC Reads,2507244854
READ GC CONTENT,Read2,59% GC Reads,2482111125
READ GC CONTENT,Read2,60% GC Reads,2119385111
READ GC CONTENT,Read2,61% GC Reads,1755142590
READ GC CONTENT,Read2,62% GC Reads,1727991005
READ GC CONTENT,Read2,63% GC Reads,1368668493
READ GC CONTENT,Read2,64% GC Reads,1034866052
READ GC CONTENT,Read2,65% GC Reads,1030932087
READ GC CONTENT,Read2,66% GC Reads,1006296601
READ GC CONTENT,Read2,67% GC Reads,750618400
READ GC CONTENT,Read2,68% GC Reads,515818012
READ GC CONTENT,Read2,69% GC Reads,514318935
READ GC CONTENT,Read2,70% GC Reads,501743645
READ GC CONTENT,Read2,71% GC Reads,350267992
READ GC CONTENT,Read2,72% GC Reads,209673896
READ GC CONTENT,Read2,73% GC Reads,208295360
READ GC CONTENT,Read2,74% GC Reads,199922846
READ GC CONTENT,Read2,75% GC Reads,128306951
READ GC CONTENT,Read2,76% GC Reads,63954735
READ GC CONTENT,Read2,77% GC Reads,63521549
READ GC CONTENT,Read2,78% GC Reads,61265811
READ GC CONTENT,Read2,79% GC Reads,36719434
READ GC CONTENT,Read2,80% GC Reads,14106695
READ GC CONTENT,Read2,81% GC Reads,13839319
READ GC CONTENT,Read2,82% GC Reads,13003420
READ GC CONTENT,Read2,83% GC Reads,7564739
READ GC CONTENT,Read2,84% GC Reads,2727023
READ GC CONTENT,Read2,85% GC Reads,2650020
READ GC CONTENT,Read2,86% GC Reads,2272536
READ GC CONTENT,Read2,87% GC Reads,1276692
READ GC CONTENT,Read2,88% GC Reads,605916
READ GC CONTENT,Read2,89% GC Reads,606244
READ GC CONTENT,Read2,90% GC Reads,516769
READ GC CONTENT,Read2,91% GC Reads,427949
READ GC CONTENT,Read2,92% GC Reads,502002
READ GC CONTENT,Read2,93% GC Reads,674040
READ GC CONTENT,Read2,94% GC Reads,938140
READ GC CONTENT,Read2,95% GC Reads,1265798
READ GC CONTENT,Read2,96% GC Reads,1779608
READ GC CONTENT,Read2,97% GC Reads,2620778
READ GC CONTENT,Read2,98% GC Reads,4404387
READ GC CONTENT,Read2,99% GC Reads,5523446
READ GC CONTENT,Read2,100% GC Reads,5523446
READ GC CONTENT QUALITY,Read2,0% GC Reads Average Quality,25.37
READ GC CONTENT QUALITY,Read2,1% GC Reads Average Quality,25.37
READ GC CONTENT QUALITY,Read2,2% GC Reads Average Quality,25.41
READ GC CONTENT QUALITY,Read2,3% GC Reads Average Quality,25.42
READ GC CONTENT QUALITY,Read2,4% GC Reads Average Quality,25.42
READ GC CONTENT QUALITY,Read2,5% GC Reads Average Quality,25.42
READ GC CONTENT QUALITY,Read2,6% GC Reads Average Quality,25.32
READ GC CONTENT QUALITY,Read2,7% GC Reads Average Quality,25.31
READ GC CONTENT QUALITY,Read2,8% GC Reads Average Quality,25.39
READ GC CONTENT QUALITY,Read2,9% GC Reads Average Quality,25.42
READ GC CONTENT QUALITY,Read2,10% GC Reads Average Quality,27.36
READ GC CONTENT QUALITY,Read2,11% GC Reads Average Quality,28.31
READ GC CONTENT QUALITY,Read2,12% GC Reads Average Quality,28.30
READ GC CONTENT QUALITY,Read2,13% GC Reads Average Quality,29.83
READ GC CONTENT QUALITY,Read2,14% GC Reads Average Quality,30.48
READ GC CONTENT QUALITY,Read2,15% GC Reads Average Quality,30.61
READ GC CONTENT QUALITY,Read2,16% GC Reads Average Quality,30.66
READ GC CONTENT QUALITY,Read2,17% GC Reads Average Quality,32.50
READ GC CONTENT QUALITY,Read2,18% GC Reads Average Quality,33.17
READ GC CONTENT QUALITY,Read2,19% GC Reads Average Quality,33.26
READ GC CONTENT QUALITY,Read2,20% GC Reads Average Quality,33.28
READ GC CONTENT QUALITY,Read2,21% GC Reads Average Quality,33.90
READ GC CONTENT QUALITY,Read2,22% GC Reads Average Quality,34.17
READ GC CONTENT QUALITY,Read2,23% GC Reads Average Quality,34.20
READ GC CONTENT QUALITY,Read2,24% GC Reads Average Quality,34.21
READ GC CONTENT QUALITY,Read2,25% GC Reads Average Quality,34.74
READ GC CONTENT QUALITY,Read2,26% GC Reads Average Quality,34.98
READ GC CONTENT QUALITY,Read2,27% GC Reads Average Quality,35.01
READ GC CONTENT QUALITY,Read2,28% GC Reads Average Quality,35.02
READ GC CONTENT QUALITY,Read2,29% GC Reads Average Quality,35.24
READ GC CONTENT QUALITY,Read2,30% GC Reads Average Quality,35.36
READ GC CONTENT QUALITY,Read2,31% GC Reads Average Quality,35.37
READ GC CONTENT QUALITY,Read2,32% GC Reads Average Quality,35.37
READ GC CONTENT QUALITY,Read2,33% GC Reads Average Quality,35.53
READ GC CONTENT QUALITY,Read2,34% GC Reads Average Quality,35.61
READ GC CONTENT QUALITY,Read2,35% GC Reads Average Quality,35.62
READ GC CONTENT QUALITY,Read2,36% GC Reads Average Quality,35.62
READ GC CONTENT QUALITY,Read2,37% GC Reads Average Quality,35.69
READ GC CONTENT QUALITY,Read2,38% GC Reads Average Quality,35.74
READ GC CONTENT QUALITY,Read2,39% GC Reads Average Quality,35.74
READ GC CONTENT QUALITY,Read2,40% GC Reads Average Quality,35.80
READ GC CONTENT QUALITY,Read2,41% GC Reads Average Quality,35.83
READ GC CONTENT QUALITY,Read2,42% GC Reads Average Quality,35.84
READ GC CONTENT QUALITY,Read2,43% GC Reads Average Quality,35.84
READ GC CONTENT QUALITY,Read2,44% GC Reads Average Quality,35.87
READ GC CONTENT QUALITY,Read2,45% GC Reads Average Quality,35.90
READ GC CONTENT QUALITY,Read2,46% GC Reads Average Quality,35.90
READ GC CONTENT QUALITY,Read2,47% GC Reads Average Quality,35.91
READ GC CONTENT QUALITY,Read2,48% GC Reads Average Quality,35.93
READ GC CONTENT QUALITY,Read2,49% GC Reads Average Quality,35.96
READ GC CONTENT QUALITY,Read2,50% GC Reads Average Quality,35.96
READ GC CONTENT QUALITY,Read2,51% GC Reads Average Quality,35.96
READ GC CONTENT QUALITY,Read2,52% GC Reads Average Quality,35.98
READ GC CONTENT QUALITY,Read2,53% GC Reads Average Quality,35.99
READ GC CONTENT QUALITY,Read2,54% GC Reads Average Quality,35.99
READ GC CONTENT QUALITY,Read2,55% GC Reads Average Quality,35.99
READ GC CONTENT QUALITY,Read2,56% GC Reads Average Quality,36.01
READ GC CONTENT QUALITY,Read2,57% GC Reads Average Quality,36.02
READ GC CONTENT QUALITY,Read2,58% GC Reads Average Quality,36.03
READ GC CONTENT QUALITY,Read2,59% GC Reads Average Quality,36.03
READ GC CONTENT QUALITY,Read2,60% GC Reads Average Quality,36.04
READ GC CONTENT QUALITY,Read2,61% GC Reads Average Quality,36.06
READ GC CONTENT QUALITY,Read2,62% GC Reads Average Quality,36.06
READ GC CONTENT QUALITY,Read2,63% GC Reads Average Quality,36.06
READ GC CONTENT QUALITY,Read2,64% GC Reads Average Quality,36.06
READ GC CONTENT QUALITY,Read2,65% GC Reads Average Quality,36.07
READ GC CONTENT QUALITY,Read2,66% GC Reads Average Quality,36.07
READ GC CONTENT QUALITY,Read2,67% GC Reads Average Quality,36.07
READ GC CONTENT QUALITY,Read2,68% GC Reads Average Quality,36.07
READ GC CONTENT QUALITY,Read2,69% GC Reads Average Quality,36.07
READ GC CONTENT QUALITY,Read2,70% GC Reads Average Quality,36.08
READ GC CONTENT QUALITY,Read2,71% GC Reads Average Quality,36.07
READ GC CONTENT QUALITY,Read2,72% GC Reads Average Quality,36.06
READ GC CONTENT QUALITY,Read2,73% GC Reads Average Quality,36.06
READ GC CONTENT QUALITY,Read2,74% GC Reads Average Quality,36.06
READ GC CONTENT QUALITY,Read2,75% GC Reads Average Quality,36.04
READ GC CONTENT QUALITY,Read2,76% GC Reads Average Quality,35.99
READ GC CONTENT QUALITY,Read2,77% GC Reads Average Quality,36.00
READ GC CONTENT QUALITY,Read2,78% GC Reads Average Quality,36.00
READ GC CONTENT QUALITY,Read2,79% GC Reads Average Quality,35.96
READ GC CONTENT QUALITY,Read2,80% GC Reads Average Quality,35.84
READ GC CONTENT QUALITY,Read2,81% GC Reads Average Quality,35.85
READ GC CONTENT QUALITY,Read2,82% GC Reads Average Quality,35.85
READ GC CONTENT QUALITY,Read2,83% GC Reads Average Quality,35.76
READ GC CONTENT QUALITY,Read2,84% GC Reads Average Quality,35.43
READ GC CONTENT QUALITY,Read2,85% GC Reads Average Quality,35.43
READ GC CONTENT QUALITY,Read2,86% GC Reads Average Quality,35.25
READ GC CONTENT QUALITY,Read2,87% GC Reads Average Quality,33.75
READ GC CONTENT QUALITY,Read2,88% GC Reads Average Quality,29.18
READ GC CONTENT QUALITY,Read2,89% GC Reads Average Quality,29.17
READ GC CONTENT QUALITY,Read2,90% GC Reads Average Quality,29.81
READ GC CONTENT QUALITY,Read2,91% GC Reads Average Quality,30.70
READ GC CONTENT QUALITY,Read2,92% GC Reads Average Quality,30.84
READ GC CONTENT QUALITY,Read2,93% GC Reads Average Quality,30.89
READ GC CONTENT QUALITY,Read2,94% GC Reads Average Quality,30.82
READ GC CONTENT QUALITY,Read2,95% GC Reads Average Quality,30.71
READ GC CONTENT QUALITY,Read2,96% GC Reads Average Quality,31.02
READ GC CONTENT QUALITY,Read2,97% GC Reads Average Quality,31.38
READ GC CONTENT QUALITY,Read2,98% GC Reads Average Quality,32.26
READ GC CONTENT QUALITY,Read2,99% GC Reads Average Quality,32.68
READ GC CONTENT QUALITY,Read2,100% GC Reads Average Quality,32.68
SEQUENCE POSITIONS,Read2,'AGATCGGAAGAG' Total Sequence Starts,0,0.00
SEQUENCE POSITIONS,Read2,'TGGAATTCTCGG' Total Sequence Starts,0,0.00
SEQUENCE POSITIONS,Read2,'GATCGTCGGACT' Total Sequence Starts,0,0.00
SEQUENCE POSITIONS,Read2,'CTGTCTCTTATA' 9bp Starts,13
SEQUENCE POSITIONS,Read2,'CTGTCTCTTATA' Total Sequence Starts,13,0.00
POSITIONAL QUALITY,Read2,ReadPos 1 1% Quantile QV,11
POSITIONAL QUALITY,Read2,ReadPos 1 2% Quantile QV,11
POSITIONAL QUALITY,Read2,ReadPos 1 5% Quantile QV,25
POSITIONAL QUALITY,Read2,ReadPos 1 10% Quantile QV,37
POSITIONAL QUALITY,Read2,ReadPos 1 25% Quantile QV,37
POSITIONAL QUALITY,Read2,ReadPos 1 50% Quantile QV,37
POSITIONAL QUALITY,Read2,ReadPos 1 75% Quantile QV,37
POSITIONAL QUALITY,Read2,ReadPos 1 90% Quantile QV,37
POSITIONAL QUALITY,Read2,ReadPos 1 95% Quantile QV,37
POSITIONAL QUALITY,Read2,ReadPos 1 98% Quantile QV,37
POSITIONAL QUALITY,Read2,ReadPos 1 99% Quantile QV,37
POSITIONAL QUALITY,Read2,ReadPos 2 1% Quantile QV,11
POSITIONAL QUALITY,Read2,ReadPos 2 2% Quantile QV,11
POSITIONAL QUALITY,Read2,ReadPos 2 5% Quantile QV,25
POSITIONAL QUALITY,Read2,ReadPos 2 10% Quantile QV,37
POSITIONAL QUALITY,Read2,ReadPos 2 25% Quantile QV,37
POSITIONAL QUALITY,Read2,ReadPos 2 50% Quantile QV,37
POSITIONAL QUALITY,Read2,ReadPos 2 75% Quantile QV,37
POSITIONAL QUALITY,Read2,ReadPos 2 90% Quantile QV,37
POSITIONAL QUALITY,Read2,ReadPos 2 95% Quantile QV,37
POSITIONAL QUALITY,Read2,ReadPos 2 98% Quantile QV,37
POSITIONAL QUALITY,Read2,ReadPos 2 99% Quantile QV,37
POSITIONAL QUALITY,Read2,ReadPos 3 1% Quantile QV,11
POSITIONAL QUALITY,Read2,ReadPos 3 2% Quantile QV,11
POSITIONAL QUALITY,Read2,ReadPos 3 5% Quantile QV,25
POSITIONAL QUALITY,Read2,ReadPos 3 10% Quantile QV,37
POSITIONAL QUALITY,Read2,ReadPos 3 25% Quantile QV,37
POSITIONAL QUALITY,Read2,ReadPos 3 50% Quantile QV,37
POSITIONAL QUALITY,Read2,ReadPos 3 75% Quantile QV,37
POSITIONAL QUALITY,Read2,ReadPos 3 90% Quantile QV,37
POSITIONAL QUALITY,Read2,ReadPos 3 95% Quantile QV,37
POSITIONAL QUALITY,Read2,ReadPos 3 98% Quantile QV,37
POSITIONAL QUALITY,Read2,ReadPos 3 99% Quantile QV,37
POSITIONAL QUALITY,Read2,ReadPos 4 1% Quantile QV,11
POSITIONAL QUALITY,Read2,ReadPos 4 2% Quantile QV,11
POSITIONAL QUALITY,Read2,ReadPos 4 5% Quantile QV,25
POSITIONAL QUALITY,Read2,ReadPos 4 10% Quantile QV,37
POSITIONAL QUALITY,Read2,ReadPos 4 25% Quantile QV,37
POSITIONAL QUALITY,Read2,ReadPos 4 50% Quantile QV,37
POSITIONAL QUALITY,Read2,ReadPos 4 75% Quantile QV,37
POSITIONAL QUALITY,Read2,ReadPos 4 90% Quantile QV,37
POSITIONAL QUALITY,Read2,ReadPos 4 95% Quantile QV,37
POSITIONAL QUALITY,Read2,ReadPos 4 98% Quantile QV,37
POSITIONAL QUALITY,Read2,ReadPos 4 99% Quantile QV,37
POSITIONAL QUALITY,Read2,ReadPos 5 1% Quantile QV,11
POSITIONAL QUALITY,Read2,ReadPos 5 2% Quantile QV,11
POSITIONAL QUALITY,Read2,ReadPos 5 5% Quantile QV,25
POSITIONAL QUALITY,Read2,ReadPos 5 10% Quantile QV,37
POSITIONAL QUALITY,Read2,ReadPos 5 25% Quantile QV,37
POSITIONAL QUALITY,Read2,ReadPos 5 50% Quantile QV,37
POSITIONAL QUALITY,Read2,ReadPos 5 75% Quantile QV,37
POSITIONAL QUALITY,Read2,ReadPos 5 90% Quantile QV,37
POSITIONAL QUALITY,Read2,ReadPos 5 95% Quantile QV,37
POSITIONAL QUALITY,Read2,ReadPos 5 98% Quantile QV,37
POSITIONAL QUALITY,Read2,ReadPos 5 99% Quantile QV,37
POSITIONAL QUALITY,Read2,ReadPos 6 1% Quantile QV,11
POSITIONAL QUALITY,Read2,ReadPos 6 2% Quantile QV,11
POSITIONAL QUALITY,Read2,ReadPos 6 5% Quantile QV,25
POSITIONAL QUALITY,Read2,ReadPos 6 10% Quantile QV,37
POSITIONAL QUALITY,Read2,ReadPos 6 25% Quantile QV,37
POSITIONAL QUALITY,Read2,ReadPos 6 50% Quantile QV,37
POSITIONAL QUALITY,Read2,ReadPos 6 75% Quantile QV,37
POSITIONAL QUALITY,Read2,ReadPos 6 90% Quantile QV,37
POSITIONAL QUALITY,Read2,ReadPos 6 95% Quantile QV,37
POSITIONAL QUALITY,Read2,ReadPos 6 98% Quantile QV,37
POSITIONAL QUALITY,Read2,ReadPos 6 99% Quantile QV,37
POSITIONAL QUALITY,Read2,ReadPos 7 1% Quantile QV,11
POSITIONAL QUALITY,Read2,ReadPos 7 2% Quantile QV,11
POSITIONAL QUALITY,Read2,ReadPos 7 5% Quantile QV,25
POSITIONAL QUALITY,Read2,ReadPos 7 10% Quantile QV,37
POSITIONAL QUALITY,Read2,ReadPos 7 25% Quantile QV,37
POSITIONAL QUALITY,Read2,ReadPos 7 50% Quantile QV,37
POSITIONAL QUALITY,Read2,ReadPos 7 75% Quantile QV,37
POSITIONAL QUALITY,Read2,ReadPos 7 90% Quantile QV,37
POSITIONAL QUALITY,Read2,ReadPos 7 95% Quantile QV,37
POSITIONAL QUALITY,Read2,ReadPos 7 98% Quantile QV,37
POSITIONAL QUALITY,Read2,ReadPos 7 99% Quantile QV,37
POSITIONAL QUALITY,Read2,ReadPos 8 1% Quantile QV,11
POSITIONAL QUALITY,Read2,ReadPos 8 2% Quantile QV,11
POSITIONAL QUALITY,Read2,ReadPos 8 5% Quantile QV,25
POSITIONAL QUALITY,Read2,ReadPos 8 10% Quantile QV,37
POSITIONAL QUALITY,Read2,ReadPos 8 25% Quantile QV,37
POSITIONAL QUALITY,Read2,ReadPos 8 50% Quantile QV,37
POSITIONAL QUALITY,Read2,ReadPos 8 75% Quantile QV,37
POSITIONAL QUALITY,Read2,ReadPos 8 90% Quantile QV,37
POSITIONAL QUALITY,Read2,ReadPos 8 95% Quantile QV,37
POSITIONAL QUALITY,Read2,ReadPos 8 98% Quantile QV,37
POSITIONAL QUALITY,Read2,ReadPos 8 99% Quantile QV,37
POSITIONAL QUALITY,Read2,ReadPos 9 1% Quantile QV,11
POSITIONAL QUALITY,Read2,ReadPos 9 2% Quantile QV,11
POSITIONAL QUALITY,Read2,ReadPos 9 5% Quantile QV,25
POSITIONAL QUALITY,Read2,ReadPos 9 10% Quantile QV,37
POSITIONAL QUALITY,Read2,ReadPos 9 25% Quantile QV,37
POSITIONAL QUALITY,Read2,ReadPos 9 50% Quantile QV,37
POSITIONAL QUALITY,Read2,ReadPos 9 75% Quantile QV,37
POSITIONAL QUALITY,Read2,ReadPos 9 90% Quantile QV,37
POSITIONAL QUALITY,Read2,ReadPos 9 95% Quantile QV,37
POSITIONAL QUALITY,Read2,ReadPos 9 98% Quantile QV,37
POSITIONAL QUALITY,Read2,ReadPos 9 99% Quantile QV,37
POSITIONAL QUALITY,Read2,ReadPos 10 1% Quantile QV,11
POSITIONAL QUALITY,Read2,ReadPos 10 2% Quantile QV,11
POSITIONAL QUALITY,Read2,ReadPos 10 5% Quantile QV,25
POSITIONAL QUALITY,Read2,ReadPos 10 10% Quantile QV,37
POSITIONAL QUALITY,Read2,ReadPos 10 25% Quantile QV,37
POSITIONAL QUALITY,Read2,ReadPos 10 50% Quantile QV,37
POSITIONAL QUALITY,Read2,ReadPos 10 75% Quantile QV,37
POSITIONAL QUALITY,Read2,ReadPos 10 90% Quantile QV,37
POSITIONAL QUALITY,Read2,ReadPos 10 95% Quantile QV,37
POSITIONAL QUALITY,Read2,ReadPos 10 98% Quantile QV,37
POSITIONAL QUALITY,Read2,ReadPos 10 99% Quantile QV,37
POSITIONAL QUALITY,Read2,ReadPos 11 1% Quantile QV,11
POSITIONAL QUALITY,Read2,ReadPos 11 2% Quantile QV,11
POSITIONAL QUALITY,Read2,ReadPos 11 5% Quantile QV,25
POSITIONAL QUALITY,Read2,ReadPos 11 10% Quantile QV,37
POSITIONAL QUALITY,Read2,ReadPos 11 25% Quantile QV,37
POSITIONAL QUALITY,Read2,ReadPos 11 50% Quantile QV,37
POSITIONAL QUALITY,Read2,ReadPos 11 75% Quantile QV,37
POSITIONAL QUALITY,Read2,ReadPos 11 90% Quantile QV,37
POSITIONAL QUALITY,Read2,ReadPos 11 95% Quantile QV,37
POSITIONAL QUALITY,Read2,ReadPos 11 98% Quantile QV,37
POSITIONAL QUALITY,Read2,ReadPos 11 99% Quantile QV,37
POSITIONAL QUALITY,Read2,ReadPos 12 1% Quantile QV,11
POSITIONAL QUALITY,Read2,ReadPos 12 2% Quantile QV,11
POSITIONAL QUALITY,Read2,ReadPos 12 5% Quantile QV,25
POSITIONAL QUALITY,Read2,ReadPos 12 10% Quantile QV,37
POSITIONAL QUALITY,Read2,ReadPos 12 25% Quantile QV,37
POSITIONAL QUALITY,Read2,ReadPos 12 50% Quantile QV,37
POSITIONAL QUALITY,Read2,ReadPos 12 75% Quantile QV,37
POSITIONAL QUALITY,Read2,ReadPos 12 90% Quantile QV,37
POSITIONAL QUALITY,Read2,ReadPos 12 95% Quantile QV,37
POSITIONAL QUALITY,Read2,ReadPos 12 98% Quantile QV,37
POSITIONAL QUALITY,Read2,ReadPos 12 99% Quantile QV,37
POSITIONAL QUALITY,Read2,ReadPos 13 1% Quantile QV,11
POSITIONAL QUALITY,Read2,ReadPos 13 2% Quantile QV,11
POSITIONAL QUALITY,Read2,ReadPos 13 5% Quantile QV,25
POSITIONAL QUALITY,Read2,ReadPos 13 10% Quantile QV,37
POSITIONAL QUALITY,Read2,ReadPos 13 25% Quantile QV,37
POSITIONAL QUALITY,Read2,ReadPos 13 50% Quantile QV,37
POSITIONAL QUALITY,Read2,ReadPos 13 75% Quantile QV,37
POSITIONAL QUALITY,Read2,ReadPos 13 90% Quantile QV,37
POSITIONAL QUALITY,Read2,ReadPos 13 95% Quantile QV,37
POSITIONAL QUALITY,Read2,ReadPos 13 98% Quantile QV,37
POSITIONAL QUALITY,Read2,ReadPos 13 99% Quantile QV,37
POSITIONAL QUALITY,Read2,ReadPos 14 1% Quantile QV,11
POSITIONAL QUALITY,Read2,ReadPos 14 2% Quantile QV,11
POSITIONAL QUALITY,Read2,ReadPos 14 5% Quantile QV,25
POSITIONAL QUALITY,Read2,ReadPos 14 10% Quantile QV,37
POSITIONAL QUALITY,Read2,ReadPos 14 25% Quantile QV,37
POSITIONAL QUALITY,Read2,ReadPos 14 50% Quantile QV,37
POSITIONAL QUALITY,Read2,ReadPos 14 75% Quantile QV,37
POSITIONAL QUALITY,Read2,ReadPos 14 90% Quantile QV,37
POSITIONAL QUALITY,Read2,ReadPos 14 95% Quantile QV,37
POSITIONAL QUALITY,Read2,ReadPos 14 98% Quantile QV,37
POSITIONAL QUALITY,Read2,ReadPos 14 99% Quantile QV,37
POSITIONAL QUALITY,Read2,ReadPos 15 1% Quantile QV,11
POSITIONAL QUALITY,Read2,ReadPos 15 2% Quantile QV,11
POSITIONAL QUALITY,Read2,ReadPos 15 5% Quantile QV,25
POSITIONAL QUALITY,Read2,ReadPos 15 10% Quantile QV,37
POSITIONAL QUALITY,Read2,ReadPos 15 25% Quantile QV,37
POSITIONAL QUALITY,Read2,ReadPos 15 50% Quantile QV,37
POSITIONAL QUALITY,Read2,ReadPos 15 75% Quantile QV,37
POSITIONAL QUALITY,Read2,ReadPos 15 90% Quantile QV,37
POSITIONAL QUALITY,Read2,ReadPos 15 95% Quantile QV,37
POSITIONAL QUALITY,Read2,ReadPos 15 98% Quantile QV,37
POSITIONAL QUALITY,Read2,ReadPos 15 99% Quantile QV,37
POSITIONAL QUALITY,Read2,ReadPos 16 1% Quantile QV,11
POSITIONAL QUALITY,Read2,ReadPos 16 2% Quantile QV,11
POSITIONAL QUALITY,Read2,ReadPos 16 5% Quantile QV,25
POSITIONAL QUALITY,Read2,ReadPos 16 10% Quantile QV,37
POSITIONAL QUALITY,Read2,ReadPos 16 25% Quantile QV,37
POSITIONAL QUALITY,Read2,ReadPos 16 50% Quantile QV,37
POSITIONAL QUALITY,Read2,ReadPos 16 75% Quantile QV,37
POSITIONAL QUALITY,Read2,ReadPos 16 90% Quantile QV,37
POSITIONAL QUALITY,Read2,ReadPos 16 95% Quantile QV,37
POSITIONAL QUALITY,Read2,ReadPos 16 98% Quantile QV,37
POSITIONAL QUALITY,Read2,ReadPos 16 99% Quantile QV,37
POSITIONAL QUALITY,Read2,ReadPos 17 1% Quantile QV,11
POSITIONAL QUALITY,Read2,ReadPos 17 2% Quantile QV,11
POSITIONAL QUALITY,Read2,ReadPos 17 5% Quantile QV,25
POSITIONAL QUALITY,Read2,ReadPos 17 10% Quantile QV,37
POSITIONAL QUALITY,Read2,ReadPos 17 25% Quantile QV,37
POSITIONAL QUALITY,Read2,ReadPos 17 50% Quantile QV,37
POSITIONAL QUALITY,Read2,ReadPos 17 75% Quantile QV,37
POSITIONAL QUALITY,Read2,ReadPos 17 90% Quantile QV,37
POSITIONAL QUALITY,Read2,ReadPos 17 95% Quantile QV,37
POSITIONAL QUALITY,Read2,ReadPos 17 98% Quantile QV,37
POSITIONAL QUALITY,Read2,ReadPos 17 99% Quantile QV,37
POSITIONAL QUALITY,Read2,ReadPos 18 1% Quantile QV,11
POSITIONAL QUALITY,Read2,ReadPos 18 2% Quantile QV,11
POSITIONAL QUALITY,Read2,ReadPos 18 5% Quantile QV,25
POSITIONAL QUALITY,Read2,ReadPos 18 10% Quantile QV,37
POSITIONAL QUALITY,Read2,ReadPos 18 25% Quantile QV,37
POSITIONAL QUALITY,Read2,ReadPos 18 50% Quantile QV,37
POSITIONAL QUALITY,Read2,ReadPos 18 75% Quantile QV,37
POSITIONAL QUALITY,Read2,ReadPos 18 90% Quantile QV,37
POSITIONAL QUALITY,Read2,ReadPos 18 95% Quantile QV,37
POSITIONAL QUALITY,Read2,ReadPos 18 98% Quantile QV,37
POSITIONAL QUALITY,Read2,ReadPos 18 99% Quantile QV,37
POSITIONAL QUALITY,Read2,ReadPos 19 1% Quantile QV,11
POSITIONAL QUALITY,Read2,ReadPos 19 2% Quantile QV,11
POSITIONAL QUALITY,Read2,ReadPos 19 5% Quantile QV,25
POSITIONAL QUALITY,Read2,ReadPos 19 10% Quantile QV,37
POSITIONAL QUALITY,Read2,ReadPos 19 25% Quantile QV,37
POSITIONAL QUALITY,Read2,ReadPos 19 50% Quantile QV,37
POSITIONAL QUALITY,Read2,ReadPos 19 75% Quantile QV,37
POSITIONAL QUALITY,Read2,ReadPos 19 90% Quantile QV,37
POSITIONAL QUALITY,Read2,ReadPos 19 95% Quantile QV,37
POSITIONAL QUALITY,Read2,ReadPos 19 98% Quantile QV,37
POSITIONAL QUALITY,Read2,ReadPos 19 99% Quantile QV,37
POSITIONAL QUALITY,Read2,ReadPos 20 1% Quantile QV,11
POSITIONAL QUALITY,Read2,ReadPos 20 2% Quantile QV,11
POSITIONAL QUALITY,Read2,ReadPos 20 5% Quantile QV,25
POSITIONAL QUALITY,Read2,ReadPos 20 10% Quantile QV,37
POSITIONAL QUALITY,Read2,ReadPos 20 25% Quantile QV,37
POSITIONAL QUALITY,Read2,ReadPos 20 50% Quantile QV,37
POSITIONAL QUALITY,Read2,ReadPos 20 75% Quantile QV,37
POSITIONAL QUALITY,Read2,ReadPos 20 90% Quantile QV,37
POSITIONAL QUALITY,Read2,ReadPos 20 95% Quantile QV,37
POSITIONAL QUALITY,Read2,ReadPos 20 98% Quantile QV,37
POSITIONAL QUALITY,Read2,ReadPos 20 99% Quantile QV,37
POSITIONAL QUALITY,Read2,ReadPos 21 1% Quantile QV,11
POSITIONAL QUALITY,Read2,ReadPos 21 2% Quantile QV,11
POSITIONAL QUALITY,Read2,ReadPos 21 5% Quantile QV,25
POSITIONAL QUALITY,Read2,ReadPos 21 10% Quantile QV,37
POSITIONAL QUALITY,Read2,ReadPos 21 25% Quantile QV,37
POSITIONAL QUALITY,Read2,ReadPos 21 50% Quantile QV,37
POSITIONAL QUALITY,Read2,ReadPos 21 75% Quantile QV,37
POSITIONAL QUALITY,Read2,ReadPos 21 90% Quantile QV,37
POSITIONAL QUALITY,Read2,ReadPos 21 95% Quantile QV,37
POSITIONAL QUALITY,Read2,ReadPos 21 98% Quantile QV,37
POSITIONAL QUALITY,Read2,ReadPos 21 99% Quantile QV,37
POSITIONAL QUALITY,Read2,ReadPos 22 1% Quantile QV,11
POSITIONAL QUALITY,Read2,ReadPos 22 2% Quantile QV,11
POSITIONAL QUALITY,Read2,ReadPos 22 5% Quantile QV,25
POSITIONAL QUALITY,Read2,ReadPos 22 10% Quantile QV,37
POSITIONAL QUALITY,Read2,ReadPos 22 25% Quantile QV,37
POSITIONAL QUALITY,Read2,ReadPos 22 50% Quantile QV,37
POSITIONAL QUALITY,Read2,ReadPos 22 75% Quantile QV,37
POSITIONAL QUALITY,Read2,ReadPos 22 90% Quantile QV,37
POSITIONAL QUALITY,Read2,ReadPos 22 95% Quantile QV,37
POSITIONAL QUALITY,Read2,ReadPos 22 98% Quantile QV,37
POSITIONAL QUALITY,Read2,ReadPos 22 99% Quantile QV,37
POSITIONAL QUALITY,Read2,ReadPos 23 1% Quantile QV,11
POSITIONAL QUALITY,Read2,ReadPos 23 2% Quantile QV,11
POSITIONAL QUALITY,Read2,ReadPos 23 5% Quantile QV,25
POSITIONAL QUALITY,Read2,ReadPos 23 10% Quantile QV,37
POSITIONAL QUALITY,Read2,ReadPos 23 25% Quantile QV,37
POSITIONAL QUALITY,Read2,ReadPos 23 50% Quantile QV,37
POSITIONAL QUALITY,Read2,ReadPos 23 75% Quantile QV,37
POSITIONAL QUALITY,Read2,ReadPos 23 90% Quantile QV,37
POSITIONAL QUALITY,Read2,ReadPos 23 95% Quantile QV,37
POSITIONAL QUALITY,Read2,ReadPos 23 98% Quantile QV,37
POSITIONAL QUALITY,Read2,ReadPos 23 99% Quantile QV,37
POSITIONAL QUALITY,Read2,ReadPos 24 1% Quantile QV,11
POSITIONAL QUALITY,Read2,ReadPos 24 2% Quantile QV,11
POSITIONAL QUALITY,Read2,ReadPos 24 5% Quantile QV,25
POSITIONAL QUALITY,Read2,ReadPos 24 10% Quantile QV,37
POSITIONAL QUALITY,Read2,ReadPos 24 25% Quantile QV,37
POSITIONAL QUALITY,Read2,ReadPos 24 50% Quantile QV,37
POSITIONAL QUALITY,Read2,ReadPos 24 75% Quantile QV,37
POSITIONAL QUALITY,Read2,ReadPos 24 90% Quantile QV,37
POSITIONAL QUALITY,Read2,ReadPos 24 95% Quantile QV,37
POSITIONAL QUALITY,Read2,ReadPos 24 98% Quantile QV,37
POSITIONAL QUALITY,Read2,ReadPos 24 99% Quantile QV,37
POSITIONAL QUALITY,Read2,ReadPos 25 1% Quantile QV,11
POSITIONAL QUALITY,Read2,ReadPos 25 2% Quantile QV,11
POSITIONAL QUALITY,Read2,ReadPos 25 5% Quantile QV,25
POSITIONAL QUALITY,Read2,ReadPos 25 10% Quantile QV,37
POSITIONAL QUALITY,Read2,ReadPos 25 25% Quantile QV,37
POSITIONAL QUALITY,Read2,ReadPos 25 50% Quantile QV,37
POSITIONAL QUALITY,Read2,ReadPos 25 75% Quantile QV,37
POSITIONAL QUALITY,Read2,ReadPos 25 90% Quantile QV,37
POSITIONAL QUALITY,Read2,ReadPos 25 95% Quantile QV,37
POSITIONAL QUALITY,Read2,ReadPos 25 98% Quantile QV,37
POSITIONAL QUALITY,Read2,ReadPos 25 99% Quantile QV,37
POSITIONAL QUALITY,Read2,ReadPos 26 1% Quantile QV,11
POSITIONAL QUALITY,Read2,ReadPos 26 2% Quantile QV,11
POSITIONAL QUALITY,Read2,ReadPos 26 5% Quantile QV,25
POSITIONAL QUALITY,Read2,ReadPos 26 10% Quantile QV,37
POSITIONAL QUALITY,Read2,ReadPos 26 25% Quantile QV,37
POSITIONAL QUALITY,Read2,ReadPos 26 50% Quantile QV,37
POSITIONAL QUALITY,Read2,ReadPos 26 75% Quantile QV,37
POSITIONAL QUALITY,Read2,ReadPos 26 90% Quantile QV,37
POSITIONAL QUALITY,Read2,ReadPos 26 95% Quantile QV,37
POSITIONAL QUALITY,Read2,ReadPos 26 98% Quantile QV,37
POSITIONAL QUALITY,Read2,ReadPos 26 99% Quantile QV,37
