RGID,RGSM,RGLB,Lane,Read1File,Read2File
0,DSP-1001660006002-A-B12,UnknownLibrary,L001,https://basespace-data-east.s3-external-1.amazonaws.com/8997c324d0a249e7b7c1ae3200466543/DSP-1001660006002-A-B12_S24_L001_R1_001.fastq.gz?AWSAccessKeyId=AKIARPYQJSWQZ43T2BOI&Expires=1644617269&response-content-disposition=filename%3DDSP-1001660006002-A-B12_S24_L001_R1_001.fastq.gz&response-content-type=application%2Fx-gzip&Signature=8Tiv8gQwp0fdewMyco8hxKJbI0Q%3D,https://basespace-data-east.s3-external-1.amazonaws.com/8997c324d0a249e7b7c1ae3200466543/DSP-1001660006002-A-B12_S24_L001_R2_001.fastq.gz?AWSAccessKeyId=AKIARPYQJSWQZ43T2BOI&Expires=1644617269&response-content-disposition=filename%3DDSP-1001660006002-A-B12_S24_L001_R2_001.fastq.gz&response-content-type=application%2Fx-gzip&Signature=Dk5w6AI8Sy5x6NGaNEyJ3oY5VuY%3D
1,DSP-1001660006002-A-F01,UnknownLibrary,L001,https://basespace-data-east.s3-external-1.amazonaws.com/a4d2d9b9d85340c58bc5ae32004751e7/DSP-1001660006002-A-F01_S61_L001_R1_001.fastq.gz?AWSAccessKeyId=AKIARPYQJSWQZ43T2BOI&Expires=1644617269&response-content-disposition=filename%3DDSP-1001660006002-A-F01_S61_L001_R1_001.fastq.gz&response-content-type=application%2Fx-gzip&Signature=y5pt6%2F4pXBTz1fDRCwrPSNQ95Yc%3D,https://basespace-data-east.s3-external-1.amazonaws.com/a4d2d9b9d85340c58bc5ae32004751e7/DSP-1001660006002-A-F01_S61_L001_R2_001.fastq.gz?AWSAccessKeyId=AKIARPYQJSWQZ43T2BOI&Expires=1644617269&response-content-disposition=filename%3DDSP-1001660006002-A-F01_S61_L001_R2_001.fastq.gz&response-content-type=application%2Fx-gzip&Signature=qtBVB7x%2FPJ%2B%2BzVn1mSDSmb8JHnA%3D
2,DSP-1001660006002-A-E09,UnknownLibrary,L001,https://basespace-data-east.s3-external-1.amazonaws.com/4164eccb0e6a4d0eb9beae3200473266/DSP-1001660006002-A-E09_S57_L001_R1_001.fastq.gz?AWSAccessKeyId=AKIARPYQJSWQZ43T2BOI&Expires=1644617269&response-content-disposition=filename%3DDSP-1001660006002-A-E09_S57_L001_R1_001.fastq.gz&response-content-type=application%2Fx-gzip&Signature=6UI%2BJyTTdLkBb8TDXWVeadTw9xw%3D,https://basespace-data-east.s3-external-1.amazonaws.com/4164eccb0e6a4d0eb9beae3200473266/DSP-1001660006002-A-E09_S57_L001_R2_001.fastq.gz?AWSAccessKeyId=AKIARPYQJSWQZ43T2BOI&Expires=1644617269&response-content-disposition=filename%3DDSP-1001660006002-A-E09_S57_L001_R2_001.fastq.gz&response-content-type=application%2Fx-gzip&Signature=Ea0Se8OkKpoYa6vHwnO2Nna0eFM%3D
3,DSP-1001660006002-A-C02,UnknownLibrary,L001,https://basespace-data-east.s3-external-1.amazonaws.com/10fa5d9d87c6468cbec9ae320046706f/DSP-1001660006002-A-C02_S26_L001_R1_001.fastq.gz?AWSAccessKeyId=AKIARPYQJSWQZ43T2BOI&Expires=1644617269&response-content-disposition=filename%3DDSP-1001660006002-A-C02_S26_L001_R1_001.fastq.gz&response-content-type=application%2Fx-gzip&Signature=Z8oeF1dQEoWqX5ng%2FrjULIvHpV0%3D,https://basespace-data-east.s3-external-1.amazonaws.com/10fa5d9d87c6468cbec9ae320046706f/DSP-1001660006002-A-C02_S26_L001_R2_001.fastq.gz?AWSAccessKeyId=AKIARPYQJSWQZ43T2BOI&Expires=1644617269&response-content-disposition=filename%3DDSP-1001660006002-A-C02_S26_L001_R2_001.fastq.gz&response-content-type=application%2Fx-gzip&Signature=vCAGY4ajrGWZFemqneFCk06kGsk%3D
4,DSP-1001660006002-A-G05,UnknownLibrary,L001,https://basespace-data-east.s3-external-1.amazonaws.com/3ad5053a265349cfaf05ae320047cc70/DSP-1001660006002-A-G05_S77_L001_R1_001.fastq.gz?AWSAccessKeyId=AKIARPYQJSWQZ43T2BOI&Expires=1644617269&response-content-disposition=filename%3DDSP-1001660006002-A-G05_S77_L001_R1_001.fastq.gz&response-content-type=application%2Fx-gzip&Signature=KzW16h%2BIwQFFaZpvRZkPakalM%2BE%3D,https://basespace-data-east.s3-external-1.amazonaws.com/3ad5053a265349cfaf05ae320047cc70/DSP-1001660006002-A-G05_S77_L001_R2_001.fastq.gz?AWSAccessKeyId=AKIARPYQJSWQZ43T2BOI&Expires=1644617269&response-content-disposition=filename%3DDSP-1001660006002-A-G05_S77_L001_R2_001.fastq.gz&response-content-type=application%2Fx-gzip&Signature=6oMdzE5bNxqnV7O6IJ0VfGflCP8%3D
5,DSP-1001660006002-A-C07,UnknownLibrary,L001,https://basespace-data-east.s3-external-1.amazonaws.com/0aeac1841c994394850aae3200468cf8/DSP-1001660006002-A-C07_S31_L001_R1_001.fastq.gz?AWSAccessKeyId=AKIARPYQJSWQZ43T2BOI&Expires=1644617269&response-content-disposition=filename%3DDSP-1001660006002-A-C07_S31_L001_R1_001.fastq.gz&response-content-type=application%2Fx-gzip&Signature=osOGYU3bqzkwkj%2Brd4ht%2BMi5w0U%3D,https://basespace-data-east.s3-external-1.amazonaws.com/0aeac1841c994394850aae3200468cf8/DSP-1001660006002-A-C07_S31_L001_R2_001.fastq.gz?AWSAccessKeyId=AKIARPYQJSWQZ43T2BOI&Expires=1644617269&response-content-disposition=filename%3DDSP-1001660006002-A-C07_S31_L001_R2_001.fastq.gz&response-content-type=application%2Fx-gzip&Signature=tQc0Kf6vKQ8UueuVrBdMODecUtI%3D
6,DSP-1001660006002-A-B03,UnknownLibrary,L001,https://basespace-data-east.s3-external-1.amazonaws.com/93f3a64ddb14410ca36dae3200462a58/DSP-1001660006002-A-B03_S15_L001_R1_001.fastq.gz?AWSAccessKeyId=AKIARPYQJSWQZ43T2BOI&Expires=1644617269&response-content-disposition=filename%3DDSP-1001660006002-A-B03_S15_L001_R1_001.fastq.gz&response-content-type=application%2Fx-gzip&Signature=q4bZJOInQwkSm7V6txSAMm3fDQo%3D,https://basespace-data-east.s3-external-1.amazonaws.com/93f3a64ddb14410ca36dae3200462a58/DSP-1001660006002-A-B03_S15_L001_R2_001.fastq.gz?AWSAccessKeyId=AKIARPYQJSWQZ43T2BOI&Expires=1644617269&response-content-disposition=filename%3DDSP-1001660006002-A-B03_S15_L001_R2_001.fastq.gz&response-content-type=application%2Fx-gzip&Signature=QLojvZa6q2J4WKCcjszxJAbuQCg%3D
7,DSP-1001660006002-A-C04,UnknownLibrary,L001,https://basespace-data-east.s3-external-1.amazonaws.com/c795669c1e034f9b8892ae3200467ba2/DSP-1001660006002-A-C04_S28_L001_R1_001.fastq.gz?AWSAccessKeyId=AKIARPYQJSWQZ43T2BOI&Expires=1644617269&response-content-disposition=filename%3DDSP-1001660006002-A-C04_S28_L001_R1_001.fastq.gz&response-content-type=application%2Fx-gzip&Signature=40pY%2F8TA9%2BcSYn%2FADdzIZmpYUJs%3D,https://basespace-data-east.s3-external-1.amazonaws.com/c795669c1e034f9b8892ae3200467ba2/DSP-1001660006002-A-C04_S28_L001_R2_001.fastq.gz?AWSAccessKeyId=AKIARPYQJSWQZ43T2BOI&Expires=1644617269&response-content-disposition=filename%3DDSP-1001660006002-A-C04_S28_L001_R2_001.fastq.gz&response-content-type=application%2Fx-gzip&Signature=e9JoLNRPRzpMS6tmmaheEbmmr0s%3D
8,DSP-1001660006002-A-B06,UnknownLibrary,L001,https://basespace-data-east.s3-external-1.amazonaws.com/a5ffee80ff9c4f2c9238ae3200463fb1/DSP-1001660006002-A-B06_S18_L001_R1_001.fastq.gz?AWSAccessKeyId=AKIARPYQJSWQZ43T2BOI&Expires=1644617269&response-content-disposition=filename%3DDSP-1001660006002-A-B06_S18_L001_R1_001.fastq.gz&response-content-type=application%2Fx-gzip&Signature=HyVMN%2B2iqTXwYwoj0uvuTWu913E%3D,https://basespace-data-east.s3-external-1.amazonaws.com/a5ffee80ff9c4f2c9238ae3200463fb1/DSP-1001660006002-A-B06_S18_L001_R2_001.fastq.gz?AWSAccessKeyId=AKIARPYQJSWQZ43T2BOI&Expires=1644617269&response-content-disposition=filename%3DDSP-1001660006002-A-B06_S18_L001_R2_001.fastq.gz&response-content-type=application%2Fx-gzip&Signature=6f9rIvn3ig6fAqdcuQsaiJiTHkY%3D
9,DSP-1001660006002-A-D11,UnknownLibrary,L001,https://basespace-data-east.s3-external-1.amazonaws.com/6f6ea555ea3340ebb9cbae320046f2cf/DSP-1001660006002-A-D11_S47_L001_R1_001.fastq.gz?AWSAccessKeyId=AKIARPYQJSWQZ43T2BOI&Expires=1644617269&response-content-disposition=filename%3DDSP-1001660006002-A-D11_S47_L001_R1_001.fastq.gz&response-content-type=application%2Fx-gzip&Signature=OhmbKwEU3Bz4mN2QNtHziJG2ERo%3D,https://basespace-data-east.s3-external-1.amazonaws.com/6f6ea555ea3340ebb9cbae320046f2cf/DSP-1001660006002-A-D11_S47_L001_R2_001.fastq.gz?AWSAccessKeyId=AKIARPYQJSWQZ43T2BOI&Expires=1644617269&response-content-disposition=filename%3DDSP-1001660006002-A-D11_S47_L001_R2_001.fastq.gz&response-content-type=application%2Fx-gzip&Signature=43VnzmWmBTo3YPLAUkG0BBDm7qE%3D
10,DSP-1001660006002-A-A04,UnknownLibrary,L001,https://basespace-data-east.s3-external-1.amazonaws.com/bd29a37bc1eb46168c86ae320045e10a/DSP-1001660006002-A-A04_S4_L001_R1_001.fastq.gz?AWSAccessKeyId=AKIARPYQJSWQZ43T2BOI&Expires=1644617269&response-content-disposition=filename%3DDSP-1001660006002-A-A04_S4_L001_R1_001.fastq.gz&response-content-type=application%2Fx-gzip&Signature=Avj5LyF1snRl1r8IRNYz7aiNKPw%3D,https://basespace-data-east.s3-external-1.amazonaws.com/bd29a37bc1eb46168c86ae320045e10a/DSP-1001660006002-A-A04_S4_L001_R2_001.fastq.gz?AWSAccessKeyId=AKIARPYQJSWQZ43T2BOI&Expires=1644617269&response-content-disposition=filename%3DDSP-1001660006002-A-A04_S4_L001_R2_001.fastq.gz&response-content-type=application%2Fx-gzip&Signature=WDZfywKKiIsDmwFn0TA9cZYvLTY%3D
11,DSP-1001660006002-A-A10,UnknownLibrary,L001,https://basespace-data-east.s3-external-1.amazonaws.com/4628c1d562514ee895a7ae32004604e4/DSP-1001660006002-A-A10_S10_L001_R1_001.fastq.gz?AWSAccessKeyId=AKIARPYQJSWQZ43T2BOI&Expires=1644617269&response-content-disposition=filename%3DDSP-1001660006002-A-A10_S10_L001_R1_001.fastq.gz&response-content-type=application%2Fx-gzip&Signature=Bkk9uIUqLzDHM8YQHzG5R7pLumQ%3D,https://basespace-data-east.s3-external-1.amazonaws.com/4628c1d562514ee895a7ae32004604e4/DSP-1001660006002-A-A10_S10_L001_R2_001.fastq.gz?AWSAccessKeyId=AKIARPYQJSWQZ43T2BOI&Expires=1644617269&response-content-disposition=filename%3DDSP-1001660006002-A-A10_S10_L001_R2_001.fastq.gz&response-content-type=application%2Fx-gzip&Signature=hIQdRfKwpwSohR53LE%2BsqCQd%2F2M%3D
12,DSP-1001660006002-A-D03,UnknownLibrary,L001,https://basespace-data-east.s3-external-1.amazonaws.com/bae1716fc806484382a2ae320046bf20/DSP-1001660006002-A-D03_S39_L001_R1_001.fastq.gz?AWSAccessKeyId=AKIARPYQJSWQZ43T2BOI&Expires=1644617269&response-content-disposition=filename%3DDSP-1001660006002-A-D03_S39_L001_R1_001.fastq.gz&response-content-type=application%2Fx-gzip&Signature=ba%2F0KiMoW5SDSDKoy3a9uljXJeI%3D,https://basespace-data-east.s3-external-1.amazonaws.com/bae1716fc806484382a2ae320046bf20/DSP-1001660006002-A-D03_S39_L001_R2_001.fastq.gz?AWSAccessKeyId=AKIARPYQJSWQZ43T2BOI&Expires=1644617269&response-content-disposition=filename%3DDSP-1001660006002-A-D03_S39_L001_R2_001.fastq.gz&response-content-type=application%2Fx-gzip&Signature=L732Rb5M%2FMFbvHfFY6bux%2F9rvB4%3D
13,DSP-1001660006002-A-E08,UnknownLibrary,L001,https://basespace-data-east.s3-external-1.amazonaws.com/1c07f31ec8b9440295d4ae3200472c45/DSP-1001660006002-A-E08_S56_L001_R1_001.fastq.gz?AWSAccessKeyId=AKIARPYQJSWQZ43T2BOI&Expires=1644617270&response-content-disposition=filename%3DDSP-1001660006002-A-E08_S56_L001_R1_001.fastq.gz&response-content-type=application%2Fx-gzip&Signature=dxdFcaqKF9qSBhZUcDJ5t7Ew7XA%3D,https://basespace-data-east.s3-external-1.amazonaws.com/1c07f31ec8b9440295d4ae3200472c45/DSP-1001660006002-A-E08_S56_L001_R2_001.fastq.gz?AWSAccessKeyId=AKIARPYQJSWQZ43T2BOI&Expires=1644617270&response-content-disposition=filename%3DDSP-1001660006002-A-E08_S56_L001_R2_001.fastq.gz&response-content-type=application%2Fx-gzip&Signature=ptDbL%2BA0Z2aDbYt5yuObq43T6Bg%3D
14,DSP-1001660006002-A-H01,UnknownLibrary,L001,https://basespace-data-east.s3-external-1.amazonaws.com/c37f80396fa4473b9ba9ae3200480d31/DSP-1001660006002-A-H01_S85_L001_R1_001.fastq.gz?AWSAccessKeyId=AKIARPYQJSWQZ43T2BOI&Expires=1644617270&response-content-disposition=filename%3DDSP-1001660006002-A-H01_S85_L001_R1_001.fastq.gz&response-content-type=application%2Fx-gzip&Signature=GuNWcpPKVD8yz63J8lMDX0tZd0Y%3D,https://basespace-data-east.s3-external-1.amazonaws.com/c37f80396fa4473b9ba9ae3200480d31/DSP-1001660006002-A-H01_S85_L001_R2_001.fastq.gz?AWSAccessKeyId=AKIARPYQJSWQZ43T2BOI&Expires=1644617270&response-content-disposition=filename%3DDSP-1001660006002-A-H01_S85_L001_R2_001.fastq.gz&response-content-type=application%2Fx-gzip&Signature=w%2FUXDndEhBBLaNlr0%2B5mPPdqaC4%3D
15,DSP-1001660006002-A-B09,UnknownLibrary,L001,https://basespace-data-east.s3-external-1.amazonaws.com/f6557103d8fe49a09972ae3200465217/DSP-1001660006002-A-B09_S21_L001_R1_001.fastq.gz?AWSAccessKeyId=AKIARPYQJSWQZ43T2BOI&Expires=1644617270&response-content-disposition=filename%3DDSP-1001660006002-A-B09_S21_L001_R1_001.fastq.gz&response-content-type=application%2Fx-gzip&Signature=XFD0cCnzNUOkom7QECyHt5KRj0o%3D,https://basespace-data-east.s3-external-1.amazonaws.com/f6557103d8fe49a09972ae3200465217/DSP-1001660006002-A-B09_S21_L001_R2_001.fastq.gz?AWSAccessKeyId=AKIARPYQJSWQZ43T2BOI&Expires=1644617270&response-content-disposition=filename%3DDSP-1001660006002-A-B09_S21_L001_R2_001.fastq.gz&response-content-type=application%2Fx-gzip&Signature=iSfBzx8kUhOSDZY9w%2BeZLJlU%2FII%3D
16,DSP-1001660006002-A-E04,UnknownLibrary,L001,https://basespace-data-east.s3-external-1.amazonaws.com/2112be8acfa14f99bab1ae320047127b/DSP-1001660006002-A-E04_S52_L001_R1_001.fastq.gz?AWSAccessKeyId=AKIARPYQJSWQZ43T2BOI&Expires=1644617270&response-content-disposition=filename%3DDSP-1001660006002-A-E04_S52_L001_R1_001.fastq.gz&response-content-type=application%2Fx-gzip&Signature=0RPIp0FXNs7F85tg6WXY7gSlUuI%3D,https://basespace-data-east.s3-external-1.amazonaws.com/2112be8acfa14f99bab1ae320047127b/DSP-1001660006002-A-E04_S52_L001_R2_001.fastq.gz?AWSAccessKeyId=AKIARPYQJSWQZ43T2BOI&Expires=1644617270&response-content-disposition=filename%3DDSP-1001660006002-A-E04_S52_L001_R2_001.fastq.gz&response-content-type=application%2Fx-gzip&Signature=icTISsULEj2amPpfMQPGlz3z%2BD0%3D
17,DSP-1001660006002-A-A11,UnknownLibrary,L001,https://basespace-data-east.s3-external-1.amazonaws.com/944c6770ab8244d589f4ae3200460bb9/DSP-1001660006002-A-A11_S11_L001_R1_001.fastq.gz?AWSAccessKeyId=AKIARPYQJSWQZ43T2BOI&Expires=1644617270&response-content-disposition=filename%3DDSP-1001660006002-A-A11_S11_L001_R1_001.fastq.gz&response-content-type=application%2Fx-gzip&Signature=c8%2FLRFDQCYZ%2FisFFat2WYWUoStc%3D,https://basespace-data-east.s3-external-1.amazonaws.com/944c6770ab8244d589f4ae3200460bb9/DSP-1001660006002-A-A11_S11_L001_R2_001.fastq.gz?AWSAccessKeyId=AKIARPYQJSWQZ43T2BOI&Expires=1644617270&response-content-disposition=filename%3DDSP-1001660006002-A-A11_S11_L001_R2_001.fastq.gz&response-content-type=application%2Fx-gzip&Signature=UcJj3iUesIFsoWM9LzZsM9IKNbE%3D
18,DSP-1001660006002-A-G07,UnknownLibrary,L001,https://basespace-data-east.s3-external-1.amazonaws.com/0832e8fe6258470eb366ae320047dc24/DSP-1001660006002-A-G07_S79_L001_R1_001.fastq.gz?AWSAccessKeyId=AKIARPYQJSWQZ43T2BOI&Expires=1644617270&response-content-disposition=filename%3DDSP-1001660006002-A-G07_S79_L001_R1_001.fastq.gz&response-content-type=application%2Fx-gzip&Signature=PgKTYsuyJcRVjvZ9XGAH5ly6AS8%3D,https://basespace-data-east.s3-external-1.amazonaws.com/0832e8fe6258470eb366ae320047dc24/DSP-1001660006002-A-G07_S79_L001_R2_001.fastq.gz?AWSAccessKeyId=AKIARPYQJSWQZ43T2BOI&Expires=1644617270&response-content-disposition=filename%3DDSP-1001660006002-A-G07_S79_L001_R2_001.fastq.gz&response-content-type=application%2Fx-gzip&Signature=avGgXsUT6eIzR9whhEQNk%2F0%2BXuA%3D
19,DSP-1001660006002-A-C10,UnknownLibrary,L001,https://basespace-data-east.s3-external-1.amazonaws.com/852565b01d5c456eaf0bae3200469fb9/DSP-1001660006002-A-C10_S34_L001_R1_001.fastq.gz?AWSAccessKeyId=AKIARPYQJSWQZ43T2BOI&Expires=1644617270&response-content-disposition=filename%3DDSP-1001660006002-A-C10_S34_L001_R1_001.fastq.gz&response-content-type=application%2Fx-gzip&Signature=cSl%2FQA3Bx%2FbarCEWjD0yySEonSg%3D,https://basespace-data-east.s3-external-1.amazonaws.com/852565b01d5c456eaf0bae3200469fb9/DSP-1001660006002-A-C10_S34_L001_R2_001.fastq.gz?AWSAccessKeyId=AKIARPYQJSWQZ43T2BOI&Expires=1644617270&response-content-disposition=filename%3DDSP-1001660006002-A-C10_S34_L001_R2_001.fastq.gz&response-content-type=application%2Fx-gzip&Signature=qnKXfEp1%2Bpu4zuEefk6ixYDTTnM%3D
20,DSP-1001660006002-A-A09,UnknownLibrary,L001,https://basespace-data-east.s3-external-1.amazonaws.com/a6c243711454437f9008ae320045ff41/DSP-1001660006002-A-A09_S9_L001_R1_001.fastq.gz?AWSAccessKeyId=AKIARPYQJSWQZ43T2BOI&Expires=1644617270&response-content-disposition=filename%3DDSP-1001660006002-A-A09_S9_L001_R1_001.fastq.gz&response-content-type=application%2Fx-gzip&Signature=N3aUqlOF8NcEStEqQ5tq161V3l0%3D,https://basespace-data-east.s3-external-1.amazonaws.com/a6c243711454437f9008ae320045ff41/DSP-1001660006002-A-A09_S9_L001_R2_001.fastq.gz?AWSAccessKeyId=AKIARPYQJSWQZ43T2BOI&Expires=1644617270&response-content-disposition=filename%3DDSP-1001660006002-A-A09_S9_L001_R2_001.fastq.gz&response-content-type=application%2Fx-gzip&Signature=Tui3YzH2Zpj52SvjtvUvtihL454%3D
21,DSP-1001660006002-A-D07,UnknownLibrary,L001,https://basespace-data-east.s3-external-1.amazonaws.com/9c8cecfa889d474ca564ae320046da47/DSP-1001660006002-A-D07_S43_L001_R1_001.fastq.gz?AWSAccessKeyId=AKIARPYQJSWQZ43T2BOI&Expires=1644617270&response-content-disposition=filename%3DDSP-1001660006002-A-D07_S43_L001_R1_001.fastq.gz&response-content-type=application%2Fx-gzip&Signature=86ncDWZG%2FLl1vgZjr3pdbhpFPuU%3D,https://basespace-data-east.s3-external-1.amazonaws.com/9c8cecfa889d474ca564ae320046da47/DSP-1001660006002-A-D07_S43_L001_R2_001.fastq.gz?AWSAccessKeyId=AKIARPYQJSWQZ43T2BOI&Expires=1644617270&response-content-disposition=filename%3DDSP-1001660006002-A-D07_S43_L001_R2_001.fastq.gz&response-content-type=application%2Fx-gzip&Signature=JtmoAB%2F6RtdXJzaQE%2BfRS%2BjM5ck%3D
22,DSP-1001660006002-A-A01,UnknownLibrary,L001,https://basespace-data-east.s3-external-1.amazonaws.com/aa048fe872a949b98c3cae320045c352/DSP-1001660006002-A-A01_S1_L001_R1_001.fastq.gz?AWSAccessKeyId=AKIARPYQJSWQZ43T2BOI&Expires=1644617270&response-content-disposition=filename%3DDSP-1001660006002-A-A01_S1_L001_R1_001.fastq.gz&response-content-type=application%2Fx-gzip&Signature=oq87KvmbYFmlroJvxr3ZXLG4aDM%3D,https://basespace-data-east.s3-external-1.amazonaws.com/aa048fe872a949b98c3cae320045c352/DSP-1001660006002-A-A01_S1_L001_R2_001.fastq.gz?AWSAccessKeyId=AKIARPYQJSWQZ43T2BOI&Expires=1644617270&response-content-disposition=filename%3DDSP-1001660006002-A-A01_S1_L001_R2_001.fastq.gz&response-content-type=application%2Fx-gzip&Signature=HOmUUJgyxdPXP042sQ9m9B6a1D8%3D
23,DSP-1001660006002-A-G04,UnknownLibrary,L001,https://basespace-data-east.s3-external-1.amazonaws.com/fd27af99a97748dc8e2bae320047c5e3/DSP-1001660006002-A-G04_S76_L001_R1_001.fastq.gz?AWSAccessKeyId=AKIARPYQJSWQZ43T2BOI&Expires=1644617270&response-content-disposition=filename%3DDSP-1001660006002-A-G04_S76_L001_R1_001.fastq.gz&response-content-type=application%2Fx-gzip&Signature=rW%2B2PEVjn3UYc4s%2FPoaScbycMrQ%3D,https://basespace-data-east.s3-external-1.amazonaws.com/fd27af99a97748dc8e2bae320047c5e3/DSP-1001660006002-A-G04_S76_L001_R2_001.fastq.gz?AWSAccessKeyId=AKIARPYQJSWQZ43T2BOI&Expires=1644617270&response-content-disposition=filename%3DDSP-1001660006002-A-G04_S76_L001_R2_001.fastq.gz&response-content-type=application%2Fx-gzip&Signature=BwvoLMUetkzS9WTIrAor7VI%2BM5Q%3D
24,DSP-1001660006002-A-A12,UnknownLibrary,L001,https://basespace-data-east.s3-external-1.amazonaws.com/5118c497f20c4596a021ae32004613bf/DSP-1001660006002-A-A12_S12_L001_R1_001.fastq.gz?AWSAccessKeyId=AKIARPYQJSWQZ43T2BOI&Expires=1644617270&response-content-disposition=filename%3DDSP-1001660006002-A-A12_S12_L001_R1_001.fastq.gz&response-content-type=application%2Fx-gzip&Signature=m7saVTKmUTHyhAiuU1NZsN6E3tQ%3D,https://basespace-data-east.s3-external-1.amazonaws.com/5118c497f20c4596a021ae32004613bf/DSP-1001660006002-A-A12_S12_L001_R2_001.fastq.gz?AWSAccessKeyId=AKIARPYQJSWQZ43T2BOI&Expires=1644617270&response-content-disposition=filename%3DDSP-1001660006002-A-A12_S12_L001_R2_001.fastq.gz&response-content-type=application%2Fx-gzip&Signature=zK9yrNKI4t5JVF%2Bl0MuH%2FkDzmw0%3D
25,DSP-1001660006002-A-G01,UnknownLibrary,L001,https://basespace-data-east.s3-external-1.amazonaws.com/86451e35eae04cd396f4ae320047b460/DSP-1001660006002-A-G01_S73_L001_R1_001.fastq.gz?AWSAccessKeyId=AKIARPYQJSWQZ43T2BOI&Expires=1644617271&response-content-disposition=filename%3DDSP-1001660006002-A-G01_S73_L001_R1_001.fastq.gz&response-content-type=application%2Fx-gzip&Signature=j7ifF54oBj6asawB9N8NjCN8Kpo%3D,https://basespace-data-east.s3-external-1.amazonaws.com/86451e35eae04cd396f4ae320047b460/DSP-1001660006002-A-G01_S73_L001_R2_001.fastq.gz?AWSAccessKeyId=AKIARPYQJSWQZ43T2BOI&Expires=1644617271&response-content-disposition=filename%3DDSP-1001660006002-A-G01_S73_L001_R2_001.fastq.gz&response-content-type=application%2Fx-gzip&Signature=JKxDlgaFQm%2BEn%2FNioBbJuTCAqVM%3D
26,DSP-1001660006002-A-G06,UnknownLibrary,L001,https://basespace-data-east.s3-external-1.amazonaws.com/4bcb86b1b12d4ea28863ae320047d5c7/DSP-1001660006002-A-G06_S78_L001_R1_001.fastq.gz?AWSAccessKeyId=AKIARPYQJSWQZ43T2BOI&Expires=1644617271&response-content-disposition=filename%3DDSP-1001660006002-A-G06_S78_L001_R1_001.fastq.gz&response-content-type=application%2Fx-gzip&Signature=fkM0D9mo%2FUJoiWuUEtowbWdrQaA%3D,https://basespace-data-east.s3-external-1.amazonaws.com/4bcb86b1b12d4ea28863ae320047d5c7/DSP-1001660006002-A-G06_S78_L001_R2_001.fastq.gz?AWSAccessKeyId=AKIARPYQJSWQZ43T2BOI&Expires=1644617271&response-content-disposition=filename%3DDSP-1001660006002-A-G06_S78_L001_R2_001.fastq.gz&response-content-type=application%2Fx-gzip&Signature=lg25cLUgYpquOLUn57vTjTNqF18%3D
27,DSP-1001660006002-A-E01,UnknownLibrary,L001,https://basespace-data-east.s3-external-1.amazonaws.com/bb843d83b0114e7b9cc7ae320046ffb4/DSP-1001660006002-A-E01_S49_L001_R1_001.fastq.gz?AWSAccessKeyId=AKIARPYQJSWQZ43T2BOI&Expires=1644617271&response-content-disposition=filename%3DDSP-1001660006002-A-E01_S49_L001_R1_001.fastq.gz&response-content-type=application%2Fx-gzip&Signature=eFo8KZSX%2FYLAr3Sy%2BMdi00UvDIs%3D,https://basespace-data-east.s3-external-1.amazonaws.com/bb843d83b0114e7b9cc7ae320046ffb4/DSP-1001660006002-A-E01_S49_L001_R2_001.fastq.gz?AWSAccessKeyId=AKIARPYQJSWQZ43T2BOI&Expires=1644617271&response-content-disposition=filename%3DDSP-1001660006002-A-E01_S49_L001_R2_001.fastq.gz&response-content-type=application%2Fx-gzip&Signature=mJLCTtcyaeS7x%2F0G1MoqV58Ix2Y%3D
28,DSP-1001660006002-A-D04,UnknownLibrary,L001,https://basespace-data-east.s3-external-1.amazonaws.com/eed044e26b224bdd9242ae320046c756/DSP-1001660006002-A-D04_S40_L001_R1_001.fastq.gz?AWSAccessKeyId=AKIARPYQJSWQZ43T2BOI&Expires=1644617271&response-content-disposition=filename%3DDSP-1001660006002-A-D04_S40_L001_R1_001.fastq.gz&response-content-type=application%2Fx-gzip&Signature=IqF7VXrxwL%2FZeJkS1K6c%2FmBzdH4%3D,https://basespace-data-east.s3-external-1.amazonaws.com/eed044e26b224bdd9242ae320046c756/DSP-1001660006002-A-D04_S40_L001_R2_001.fastq.gz?AWSAccessKeyId=AKIARPYQJSWQZ43T2BOI&Expires=1644617271&response-content-disposition=filename%3DDSP-1001660006002-A-D04_S40_L001_R2_001.fastq.gz&response-content-type=application%2Fx-gzip&Signature=O5g1GBQ8NNf2u6WZLBQxwQEFs5A%3D
29,DSP-1001660006002-A-C11,UnknownLibrary,L001,https://basespace-data-east.s3-external-1.amazonaws.com/0f7c9e093964448cabe4ae320046a532/DSP-1001660006002-A-C11_S35_L001_R1_001.fastq.gz?AWSAccessKeyId=AKIARPYQJSWQZ43T2BOI&Expires=1644617271&response-content-disposition=filename%3DDSP-1001660006002-A-C11_S35_L001_R1_001.fastq.gz&response-content-type=application%2Fx-gzip&Signature=swk3aAcv22LPUsM37E0Elr%2B%2F34I%3D,https://basespace-data-east.s3-external-1.amazonaws.com/0f7c9e093964448cabe4ae320046a532/DSP-1001660006002-A-C11_S35_L001_R2_001.fastq.gz?AWSAccessKeyId=AKIARPYQJSWQZ43T2BOI&Expires=1644617271&response-content-disposition=filename%3DDSP-1001660006002-A-C11_S35_L001_R2_001.fastq.gz&response-content-type=application%2Fx-gzip&Signature=YsASId51qM%2BaVbyCwlvghst8IAA%3D
30,DSP-1001660006002-A-F11,UnknownLibrary,L001,https://basespace-data-east.s3-external-1.amazonaws.com/fc9992f6d1c64ab9843fae320047a6f3/DSP-1001660006002-A-F11_S71_L001_R1_001.fastq.gz?AWSAccessKeyId=AKIARPYQJSWQZ43T2BOI&Expires=1644617271&response-content-disposition=filename%3DDSP-1001660006002-A-F11_S71_L001_R1_001.fastq.gz&response-content-type=application%2Fx-gzip&Signature=WPWjvtuUddwgDxMlEe0i%2FoSlZCI%3D,https://basespace-data-east.s3-external-1.amazonaws.com/fc9992f6d1c64ab9843fae320047a6f3/DSP-1001660006002-A-F11_S71_L001_R2_001.fastq.gz?AWSAccessKeyId=AKIARPYQJSWQZ43T2BOI&Expires=1644617271&response-content-disposition=filename%3DDSP-1001660006002-A-F11_S71_L001_R2_001.fastq.gz&response-content-type=application%2Fx-gzip&Signature=nm4Y8H7q1TEorGpNHHhTiC%2BUruU%3D
31,DSP-1001660006002-A-E11,UnknownLibrary,L001,https://basespace-data-east.s3-external-1.amazonaws.com/bd6f55ecd4374b55b6d6ae320047464a/DSP-1001660006002-A-E11_S59_L001_R1_001.fastq.gz?AWSAccessKeyId=AKIARPYQJSWQZ43T2BOI&Expires=1644617271&response-content-disposition=filename%3DDSP-1001660006002-A-E11_S59_L001_R1_001.fastq.gz&response-content-type=application%2Fx-gzip&Signature=qE7TahX6qVPh8KKMKImQyHv5qno%3D,https://basespace-data-east.s3-external-1.amazonaws.com/bd6f55ecd4374b55b6d6ae320047464a/DSP-1001660006002-A-E11_S59_L001_R2_001.fastq.gz?AWSAccessKeyId=AKIARPYQJSWQZ43T2BOI&Expires=1644617271&response-content-disposition=filename%3DDSP-1001660006002-A-E11_S59_L001_R2_001.fastq.gz&response-content-type=application%2Fx-gzip&Signature=MLAWOoHlOiMg%2B5dH2A1kb51u1D4%3D
32,DSP-1001660006002-A-D02,UnknownLibrary,L001,https://basespace-data-east.s3-external-1.amazonaws.com/7d70f66bbe44414f86ffae320046b8ce/DSP-1001660006002-A-D02_S38_L001_R1_001.fastq.gz?AWSAccessKeyId=AKIARPYQJSWQZ43T2BOI&Expires=1644617271&response-content-disposition=filename%3DDSP-1001660006002-A-D02_S38_L001_R1_001.fastq.gz&response-content-type=application%2Fx-gzip&Signature=EU3MwLu7zVE9MvB6tKEeFyiEFlI%3D,https://basespace-data-east.s3-external-1.amazonaws.com/7d70f66bbe44414f86ffae320046b8ce/DSP-1001660006002-A-D02_S38_L001_R2_001.fastq.gz?AWSAccessKeyId=AKIARPYQJSWQZ43T2BOI&Expires=1644617271&response-content-disposition=filename%3DDSP-1001660006002-A-D02_S38_L001_R2_001.fastq.gz&response-content-type=application%2Fx-gzip&Signature=WaI9o5s8xwcG4kz0jiuLwosnfMg%3D
33,DSP-1001660006002-A-A05,UnknownLibrary,L001,https://basespace-data-east.s3-external-1.amazonaws.com/3699274b6d504d8ea7fbae320045e738/DSP-1001660006002-A-A05_S5_L001_R1_001.fastq.gz?AWSAccessKeyId=AKIARPYQJSWQZ43T2BOI&Expires=1644617271&response-content-disposition=filename%3DDSP-1001660006002-A-A05_S5_L001_R1_001.fastq.gz&response-content-type=application%2Fx-gzip&Signature=RqD4HzGqd8e%2FSmYEc7Plc3LuoC0%3D,https://basespace-data-east.s3-external-1.amazonaws.com/3699274b6d504d8ea7fbae320045e738/DSP-1001660006002-A-A05_S5_L001_R2_001.fastq.gz?AWSAccessKeyId=AKIARPYQJSWQZ43T2BOI&Expires=1644617271&response-content-disposition=filename%3DDSP-1001660006002-A-A05_S5_L001_R2_001.fastq.gz&response-content-type=application%2Fx-gzip&Signature=5X3C3dChLi8tYidRKaOh4KL%2F5z4%3D
34,DSP-1001660006002-A-F02,UnknownLibrary,L001,https://basespace-data-east.s3-external-1.amazonaws.com/da008fd7b4804511bbcdae32004760f0/DSP-1001660006002-A-F02_S62_L001_R1_001.fastq.gz?AWSAccessKeyId=AKIARPYQJSWQZ43T2BOI&Expires=1644617271&response-content-disposition=filename%3DDSP-1001660006002-A-F02_S62_L001_R1_001.fastq.gz&response-content-type=application%2Fx-gzip&Signature=94cmg3bj7h4w2VQo5fs7lbJlqVo%3D,https://basespace-data-east.s3-external-1.amazonaws.com/da008fd7b4804511bbcdae32004760f0/DSP-1001660006002-A-F02_S62_L001_R2_001.fastq.gz?AWSAccessKeyId=AKIARPYQJSWQZ43T2BOI&Expires=1644617271&response-content-disposition=filename%3DDSP-1001660006002-A-F02_S62_L001_R2_001.fastq.gz&response-content-type=application%2Fx-gzip&Signature=Ft5bTE2AkVWahBITSw5%2FZGWW0qI%3D
35,DSP-1001660006002-A-A08,UnknownLibrary,L001,https://basespace-data-east.s3-external-1.amazonaws.com/fb459f46ca854afa90feae320045f9c0/DSP-1001660006002-A-A08_S8_L001_R1_001.fastq.gz?AWSAccessKeyId=AKIARPYQJSWQZ43T2BOI&Expires=1644617271&response-content-disposition=filename%3DDSP-1001660006002-A-A08_S8_L001_R1_001.fastq.gz&response-content-type=application%2Fx-gzip&Signature=cZw0PG0LRzJicv7uWWoHC%2BlK8Uk%3D,https://basespace-data-east.s3-external-1.amazonaws.com/fb459f46ca854afa90feae320045f9c0/DSP-1001660006002-A-A08_S8_L001_R2_001.fastq.gz?AWSAccessKeyId=AKIARPYQJSWQZ43T2BOI&Expires=1644617271&response-content-disposition=filename%3DDSP-1001660006002-A-A08_S8_L001_R2_001.fastq.gz&response-content-type=application%2Fx-gzip&Signature=MOkXK9LMBbw3fgMWLMsQhCnWtsc%3D
36,DSP-1001660006002-A-C06,UnknownLibrary,L001,https://basespace-data-east.s3-external-1.amazonaws.com/4d7c918b8593419cb141ae32004686f4/DSP-1001660006002-A-C06_S30_L001_R1_001.fastq.gz?AWSAccessKeyId=AKIARPYQJSWQZ43T2BOI&Expires=1644617271&response-content-disposition=filename%3DDSP-1001660006002-A-C06_S30_L001_R1_001.fastq.gz&response-content-type=application%2Fx-gzip&Signature=E8mLtx7YrJfASlb9sAuelHzsw3M%3D,https://basespace-data-east.s3-external-1.amazonaws.com/4d7c918b8593419cb141ae32004686f4/DSP-1001660006002-A-C06_S30_L001_R2_001.fastq.gz?AWSAccessKeyId=AKIARPYQJSWQZ43T2BOI&Expires=1644617271&response-content-disposition=filename%3DDSP-1001660006002-A-C06_S30_L001_R2_001.fastq.gz&response-content-type=application%2Fx-gzip&Signature=TpZvUDvn5qrlcKkbSXHKUdfIykw%3D
37,DSP-1001660006002-A-B10,UnknownLibrary,L001,https://basespace-data-east.s3-external-1.amazonaws.com/9fb55696fbbc44778e57ae32004657b7/DSP-1001660006002-A-B10_S22_L001_R1_001.fastq.gz?AWSAccessKeyId=AKIARPYQJSWQZ43T2BOI&Expires=1644617272&response-content-disposition=filename%3DDSP-1001660006002-A-B10_S22_L001_R1_001.fastq.gz&response-content-type=application%2Fx-gzip&Signature=%2BKVuWhxF85TubDMr6yGdyzELPZw%3D,https://basespace-data-east.s3-external-1.amazonaws.com/9fb55696fbbc44778e57ae32004657b7/DSP-1001660006002-A-B10_S22_L001_R2_001.fastq.gz?AWSAccessKeyId=AKIARPYQJSWQZ43T2BOI&Expires=1644617272&response-content-disposition=filename%3DDSP-1001660006002-A-B10_S22_L001_R2_001.fastq.gz&response-content-type=application%2Fx-gzip&Signature=E2XgdkRzRc%2FO7T8VlVM7fFz9bps%3D
38,DSP-1001660006002-A-E03,UnknownLibrary,L001,https://basespace-data-east.s3-external-1.amazonaws.com/c1bb373bc02a4dc7b460ae3200470c52/DSP-1001660006002-A-E03_S51_L001_R1_001.fastq.gz?AWSAccessKeyId=AKIARPYQJSWQZ43T2BOI&Expires=1644617272&response-content-disposition=filename%3DDSP-1001660006002-A-E03_S51_L001_R1_001.fastq.gz&response-content-type=application%2Fx-gzip&Signature=iAUW4i94%2BwpQBHQirmiH6moWEPg%3D,https://basespace-data-east.s3-external-1.amazonaws.com/c1bb373bc02a4dc7b460ae3200470c52/DSP-1001660006002-A-E03_S51_L001_R2_001.fastq.gz?AWSAccessKeyId=AKIARPYQJSWQZ43T2BOI&Expires=1644617272&response-content-disposition=filename%3DDSP-1001660006002-A-E03_S51_L001_R2_001.fastq.gz&response-content-type=application%2Fx-gzip&Signature=PcNvqU5vVglQUHVEJDBKdXSOObg%3D
39,DSP-1001660006002-A-C01,UnknownLibrary,L001,https://basespace-data-east.s3-external-1.amazonaws.com/ff4236aeda9640599215ae3200466ae7/DSP-1001660006002-A-C01_S25_L001_R1_001.fastq.gz?AWSAccessKeyId=AKIARPYQJSWQZ43T2BOI&Expires=1644617272&response-content-disposition=filename%3DDSP-1001660006002-A-C01_S25_L001_R1_001.fastq.gz&response-content-type=application%2Fx-gzip&Signature=Ym9dbyBJaXyf9%2FwJcePjDdyQ0ac%3D,https://basespace-data-east.s3-external-1.amazonaws.com/ff4236aeda9640599215ae3200466ae7/DSP-1001660006002-A-C01_S25_L001_R2_001.fastq.gz?AWSAccessKeyId=AKIARPYQJSWQZ43T2BOI&Expires=1644617272&response-content-disposition=filename%3DDSP-1001660006002-A-C01_S25_L001_R2_001.fastq.gz&response-content-type=application%2Fx-gzip&Signature=WLhYTVFztWsDDsIw4iZJiYZiTy4%3D
40,DSP-1001660006002-A-D06,UnknownLibrary,L001,https://basespace-data-east.s3-external-1.amazonaws.com/05aa1029436646dcbbeeae320046d394/DSP-1001660006002-A-D06_S42_L001_R1_001.fastq.gz?AWSAccessKeyId=AKIARPYQJSWQZ43T2BOI&Expires=1644617272&response-content-disposition=filename%3DDSP-1001660006002-A-D06_S42_L001_R1_001.fastq.gz&response-content-type=application%2Fx-gzip&Signature=CNvniozMBqFoYzXwyrpWCWVRWRs%3D,https://basespace-data-east.s3-external-1.amazonaws.com/05aa1029436646dcbbeeae320046d394/DSP-1001660006002-A-D06_S42_L001_R2_001.fastq.gz?AWSAccessKeyId=AKIARPYQJSWQZ43T2BOI&Expires=1644617272&response-content-disposition=filename%3DDSP-1001660006002-A-D06_S42_L001_R2_001.fastq.gz&response-content-type=application%2Fx-gzip&Signature=4sY5ixhkqBXqNLhkU6F7Zg9o5tI%3D
41,DSP-1001660006002-A-F10,UnknownLibrary,L001,https://basespace-data-east.s3-external-1.amazonaws.com/3bd39941ca5843a29ac6ae320047a01e/DSP-1001660006002-A-F10_S70_L001_R1_001.fastq.gz?AWSAccessKeyId=AKIARPYQJSWQZ43T2BOI&Expires=1644617272&response-content-disposition=filename%3DDSP-1001660006002-A-F10_S70_L001_R1_001.fastq.gz&response-content-type=application%2Fx-gzip&Signature=xMyI3AueI3IQereNZOGAuw%2F%2BDcQ%3D,https://basespace-data-east.s3-external-1.amazonaws.com/3bd39941ca5843a29ac6ae320047a01e/DSP-1001660006002-A-F10_S70_L001_R2_001.fastq.gz?AWSAccessKeyId=AKIARPYQJSWQZ43T2BOI&Expires=1644617272&response-content-disposition=filename%3DDSP-1001660006002-A-F10_S70_L001_R2_001.fastq.gz&response-content-type=application%2Fx-gzip&Signature=ZAtv7GNIzbbbdemWivzg0hOLNiM%3D
42,DSP-1001660006002-A-D10,UnknownLibrary,L001,https://basespace-data-east.s3-external-1.amazonaws.com/611214adad6646b09fd2ae320046ec23/DSP-1001660006002-A-D10_S46_L001_R1_001.fastq.gz?AWSAccessKeyId=AKIARPYQJSWQZ43T2BOI&Expires=1644617272&response-content-disposition=filename%3DDSP-1001660006002-A-D10_S46_L001_R1_001.fastq.gz&response-content-type=application%2Fx-gzip&Signature=4%2FZLxzteuROBufvCVY2m%2F34dQPM%3D,https://basespace-data-east.s3-external-1.amazonaws.com/611214adad6646b09fd2ae320046ec23/DSP-1001660006002-A-D10_S46_L001_R2_001.fastq.gz?AWSAccessKeyId=AKIARPYQJSWQZ43T2BOI&Expires=1644617272&response-content-disposition=filename%3DDSP-1001660006002-A-D10_S46_L001_R2_001.fastq.gz&response-content-type=application%2Fx-gzip&Signature=QvtBRtL8JhZzRIsH4J%2FDNPEeYzk%3D
43,DSP-1001660006002-A-G10,UnknownLibrary,L001,https://basespace-data-east.s3-external-1.amazonaws.com/a6006e3b9d4c450282a7ae320047f91f/DSP-1001660006002-A-G10_S82_L001_R1_001.fastq.gz?AWSAccessKeyId=AKIARPYQJSWQZ43T2BOI&Expires=1644617272&response-content-disposition=filename%3DDSP-1001660006002-A-G10_S82_L001_R1_001.fastq.gz&response-content-type=application%2Fx-gzip&Signature=luedM2DPgd%2BRlHZ%2BMLT0Fpczp8I%3D,https://basespace-data-east.s3-external-1.amazonaws.com/a6006e3b9d4c450282a7ae320047f91f/DSP-1001660006002-A-G10_S82_L001_R2_001.fastq.gz?AWSAccessKeyId=AKIARPYQJSWQZ43T2BOI&Expires=1644617272&response-content-disposition=filename%3DDSP-1001660006002-A-G10_S82_L001_R2_001.fastq.gz&response-content-type=application%2Fx-gzip&Signature=PkzwxZhXWyDOGyOjV4yJl%2FkQWMA%3D
44,DSP-1001660006002-A-D08,UnknownLibrary,L001,https://basespace-data-east.s3-external-1.amazonaws.com/28321e61833e44908dbaae320046dfce/DSP-1001660006002-A-D08_S44_L001_R1_001.fastq.gz?AWSAccessKeyId=AKIARPYQJSWQZ43T2BOI&Expires=1644617272&response-content-disposition=filename%3DDSP-1001660006002-A-D08_S44_L001_R1_001.fastq.gz&response-content-type=application%2Fx-gzip&Signature=zqvQ%2FpcIFX%2FrQmZNcErTddgQKP4%3D,https://basespace-data-east.s3-external-1.amazonaws.com/28321e61833e44908dbaae320046dfce/DSP-1001660006002-A-D08_S44_L001_R2_001.fastq.gz?AWSAccessKeyId=AKIARPYQJSWQZ43T2BOI&Expires=1644617272&response-content-disposition=filename%3DDSP-1001660006002-A-D08_S44_L001_R2_001.fastq.gz&response-content-type=application%2Fx-gzip&Signature=02PeszOPZv2Htrh59nnbF%2Fl8Jrw%3D
45,DSP-1001660006002-A-F05,UnknownLibrary,L001,https://basespace-data-east.s3-external-1.amazonaws.com/ef5ec9897ce346cda72eae3200477b47/DSP-1001660006002-A-F05_S65_L001_R1_001.fastq.gz?AWSAccessKeyId=AKIARPYQJSWQZ43T2BOI&Expires=1644617272&response-content-disposition=filename%3DDSP-1001660006002-A-F05_S65_L001_R1_001.fastq.gz&response-content-type=application%2Fx-gzip&Signature=OwA0NYOtuJm19hg5%2Fc7v0NXNuDo%3D,https://basespace-data-east.s3-external-1.amazonaws.com/ef5ec9897ce346cda72eae3200477b47/DSP-1001660006002-A-F05_S65_L001_R2_001.fastq.gz?AWSAccessKeyId=AKIARPYQJSWQZ43T2BOI&Expires=1644617272&response-content-disposition=filename%3DDSP-1001660006002-A-F05_S65_L001_R2_001.fastq.gz&response-content-type=application%2Fx-gzip&Signature=5t2ozq06ezc3xuLOmb5LoRmAlzg%3D
46,DSP-1001660006002-A-G02,UnknownLibrary,L001,https://basespace-data-east.s3-external-1.amazonaws.com/7523648513784060bf6cae320047ba3b/DSP-1001660006002-A-G02_S74_L001_R1_001.fastq.gz?AWSAccessKeyId=AKIARPYQJSWQZ43T2BOI&Expires=1644617272&response-content-disposition=filename%3DDSP-1001660006002-A-G02_S74_L001_R1_001.fastq.gz&response-content-type=application%2Fx-gzip&Signature=5dKdb1jwNjXjWdJGBLGNKrbuizc%3D,https://basespace-data-east.s3-external-1.amazonaws.com/7523648513784060bf6cae320047ba3b/DSP-1001660006002-A-G02_S74_L001_R2_001.fastq.gz?AWSAccessKeyId=AKIARPYQJSWQZ43T2BOI&Expires=1644617272&response-content-disposition=filename%3DDSP-1001660006002-A-G02_S74_L001_R2_001.fastq.gz&response-content-type=application%2Fx-gzip&Signature=sDR%2FOqqbPuwQnJAAUm%2Be5d7h%2F9A%3D
47,DSP-1001660006002-A-A02,UnknownLibrary,L001,https://basespace-data-east.s3-external-1.amazonaws.com/7cd3a334aad64e1ba4cdae320045d38f/DSP-1001660006002-A-A02_S2_L001_R1_001.fastq.gz?AWSAccessKeyId=AKIARPYQJSWQZ43T2BOI&Expires=1644617272&response-content-disposition=filename%3DDSP-1001660006002-A-A02_S2_L001_R1_001.fastq.gz&response-content-type=application%2Fx-gzip&Signature=P5%2FDGTOx0dZMkbzLd7ZhlOziSqg%3D,https://basespace-data-east.s3-external-1.amazonaws.com/7cd3a334aad64e1ba4cdae320045d38f/DSP-1001660006002-A-A02_S2_L001_R2_001.fastq.gz?AWSAccessKeyId=AKIARPYQJSWQZ43T2BOI&Expires=1644617272&response-content-disposition=filename%3DDSP-1001660006002-A-A02_S2_L001_R2_001.fastq.gz&response-content-type=application%2Fx-gzip&Signature=QWuLBLzNHYtJ%2FUwW9bQLN493PIo%3D
48,DSP-1001660006002-A-D12,UnknownLibrary,L001,https://basespace-data-east.s3-external-1.amazonaws.com/759a4cb0c3ff4349aeebae320046f8a5/DSP-1001660006002-A-D12_S48_L001_R1_001.fastq.gz?AWSAccessKeyId=AKIARPYQJSWQZ43T2BOI&Expires=1644617272&response-content-disposition=filename%3DDSP-1001660006002-A-D12_S48_L001_R1_001.fastq.gz&response-content-type=application%2Fx-gzip&Signature=4YbldpAT%2F7KmXDgJtVLqsGsrvwA%3D,https://basespace-data-east.s3-external-1.amazonaws.com/759a4cb0c3ff4349aeebae320046f8a5/DSP-1001660006002-A-D12_S48_L001_R2_001.fastq.gz?AWSAccessKeyId=AKIARPYQJSWQZ43T2BOI&Expires=1644617272&response-content-disposition=filename%3DDSP-1001660006002-A-D12_S48_L001_R2_001.fastq.gz&response-content-type=application%2Fx-gzip&Signature=IJnrRXYmUd1DxtplF5LH9T89nZY%3D
49,DSP-1001660006002-A-G12,UnknownLibrary,L001,https://basespace-data-east.s3-external-1.amazonaws.com/dcb71582d71441a99c73ae3200480727/DSP-1001660006002-A-G12_S84_L001_R1_001.fastq.gz?AWSAccessKeyId=AKIARPYQJSWQZ43T2BOI&Expires=1644617272&response-content-disposition=filename%3DDSP-1001660006002-A-G12_S84_L001_R1_001.fastq.gz&response-content-type=application%2Fx-gzip&Signature=U4%2BA0FyVgTMcqaKxK9Ie1IYQMZk%3D,https://basespace-data-east.s3-external-1.amazonaws.com/dcb71582d71441a99c73ae3200480727/DSP-1001660006002-A-G12_S84_L001_R2_001.fastq.gz?AWSAccessKeyId=AKIARPYQJSWQZ43T2BOI&Expires=1644617272&response-content-disposition=filename%3DDSP-1001660006002-A-G12_S84_L001_R2_001.fastq.gz&response-content-type=application%2Fx-gzip&Signature=GWmEKHv9bYb86m3d12RJcIDgmEg%3D
50,DSP-1001660006002-A-C05,UnknownLibrary,L001,https://basespace-data-east.s3-external-1.amazonaws.com/873c416a51fd41618f80ae3200468159/DSP-1001660006002-A-C05_S29_L001_R1_001.fastq.gz?AWSAccessKeyId=AKIARPYQJSWQZ43T2BOI&Expires=1644617272&response-content-disposition=filename%3DDSP-1001660006002-A-C05_S29_L001_R1_001.fastq.gz&response-content-type=application%2Fx-gzip&Signature=fxZZ2NPwMLeJbcpvZEEBYNBCtSE%3D,https://basespace-data-east.s3-external-1.amazonaws.com/873c416a51fd41618f80ae3200468159/DSP-1001660006002-A-C05_S29_L001_R2_001.fastq.gz?AWSAccessKeyId=AKIARPYQJSWQZ43T2BOI&Expires=1644617272&response-content-disposition=filename%3DDSP-1001660006002-A-C05_S29_L001_R2_001.fastq.gz&response-content-type=application%2Fx-gzip&Signature=rmv32wy%2BTXCHkVZwqa2eRX06pRU%3D
51,DSP-1001660006002-A-C09,UnknownLibrary,L001,https://basespace-data-east.s3-external-1.amazonaws.com/b3fd00aa5fa4499091feae3200469896/DSP-1001660006002-A-C09_S33_L001_R1_001.fastq.gz?AWSAccessKeyId=AKIARPYQJSWQZ43T2BOI&Expires=1644617272&response-content-disposition=filename%3DDSP-1001660006002-A-C09_S33_L001_R1_001.fastq.gz&response-content-type=application%2Fx-gzip&Signature=AevNC2c3zgBVKxJmh7u7EjCKXAE%3D,https://basespace-data-east.s3-external-1.amazonaws.com/b3fd00aa5fa4499091feae3200469896/DSP-1001660006002-A-C09_S33_L001_R2_001.fastq.gz?AWSAccessKeyId=AKIARPYQJSWQZ43T2BOI&Expires=1644617272&response-content-disposition=filename%3DDSP-1001660006002-A-C09_S33_L001_R2_001.fastq.gz&response-content-type=application%2Fx-gzip&Signature=v3Gzb%2F%2FYJmxbpj7HYDOoYiNvViI%3D
52,DSP-1001660006002-A-G08,UnknownLibrary,L001,https://basespace-data-east.s3-external-1.amazonaws.com/20590d5e5c854feb8465ae320047e642/DSP-1001660006002-A-G08_S80_L001_R1_001.fastq.gz?AWSAccessKeyId=AKIARPYQJSWQZ43T2BOI&Expires=1644617272&response-content-disposition=filename%3DDSP-1001660006002-A-G08_S80_L001_R1_001.fastq.gz&response-content-type=application%2Fx-gzip&Signature=PXKWdoUAnQOV4xKIPkmo3lXDnKQ%3D,https://basespace-data-east.s3-external-1.amazonaws.com/20590d5e5c854feb8465ae320047e642/DSP-1001660006002-A-G08_S80_L001_R2_001.fastq.gz?AWSAccessKeyId=AKIARPYQJSWQZ43T2BOI&Expires=1644617272&response-content-disposition=filename%3DDSP-1001660006002-A-G08_S80_L001_R2_001.fastq.gz&response-content-type=application%2Fx-gzip&Signature=A5OWNt68d2nv%2FWk5InDPDJvXsQY%3D
53,DSP-1001660006002-A-D05,UnknownLibrary,L001,https://basespace-data-east.s3-external-1.amazonaws.com/6c3ad90d4a4747dcadbdae320046cda8/DSP-1001660006002-A-D05_S41_L001_R1_001.fastq.gz?AWSAccessKeyId=AKIARPYQJSWQZ43T2BOI&Expires=1644617272&response-content-disposition=filename%3DDSP-1001660006002-A-D05_S41_L001_R1_001.fastq.gz&response-content-type=application%2Fx-gzip&Signature=lCKTuf%2Fa5jYEgDCWkFN%2FkKF5rm0%3D,https://basespace-data-east.s3-external-1.amazonaws.com/6c3ad90d4a4747dcadbdae320046cda8/DSP-1001660006002-A-D05_S41_L001_R2_001.fastq.gz?AWSAccessKeyId=AKIARPYQJSWQZ43T2BOI&Expires=1644617272&response-content-disposition=filename%3DDSP-1001660006002-A-D05_S41_L001_R2_001.fastq.gz&response-content-type=application%2Fx-gzip&Signature=lyLLneNEidSPY3dXpD9zZA30OFM%3D
54,DSP-1001660006002-A-B02,UnknownLibrary,L001,https://basespace-data-east.s3-external-1.amazonaws.com/095bbcf303f948babdcfae3200461ff8/DSP-1001660006002-A-B02_S14_L001_R1_001.fastq.gz?AWSAccessKeyId=AKIARPYQJSWQZ43T2BOI&Expires=1644617272&response-content-disposition=filename%3DDSP-1001660006002-A-B02_S14_L001_R1_001.fastq.gz&response-content-type=application%2Fx-gzip&Signature=gvalNeBuCos2VuNYefmn0BE4i4o%3D,https://basespace-data-east.s3-external-1.amazonaws.com/095bbcf303f948babdcfae3200461ff8/DSP-1001660006002-A-B02_S14_L001_R2_001.fastq.gz?AWSAccessKeyId=AKIARPYQJSWQZ43T2BOI&Expires=1644617272&response-content-disposition=filename%3DDSP-1001660006002-A-B02_S14_L001_R2_001.fastq.gz&response-content-type=application%2Fx-gzip&Signature=CR37l6YB1xvD9AWj%2BgfKuk8ieAs%3D
55,DSP-1001660006002-A-B05,UnknownLibrary,L001,https://basespace-data-east.s3-external-1.amazonaws.com/87168e20667442b38ae7ae320046384e/DSP-1001660006002-A-B05_S17_L001_R1_001.fastq.gz?AWSAccessKeyId=AKIARPYQJSWQZ43T2BOI&Expires=1644617272&response-content-disposition=filename%3DDSP-1001660006002-A-B05_S17_L001_R1_001.fastq.gz&response-content-type=application%2Fx-gzip&Signature=s7xnuxVWDaBgWXF8kWwNuNmYHyg%3D,https://basespace-data-east.s3-external-1.amazonaws.com/87168e20667442b38ae7ae320046384e/DSP-1001660006002-A-B05_S17_L001_R2_001.fastq.gz?AWSAccessKeyId=AKIARPYQJSWQZ43T2BOI&Expires=1644617272&response-content-disposition=filename%3DDSP-1001660006002-A-B05_S17_L001_R2_001.fastq.gz&response-content-type=application%2Fx-gzip&Signature=JfRqmHVQCsREfx9kRmJHCgMZQbE%3D
56,DSP-1001660006002-A-E05,UnknownLibrary,L001,https://basespace-data-east.s3-external-1.amazonaws.com/0965f722bcaa475496dcae3200471ae5/DSP-1001660006002-A-E05_S53_L001_R1_001.fastq.gz?AWSAccessKeyId=AKIARPYQJSWQZ43T2BOI&Expires=1644617272&response-content-disposition=filename%3DDSP-1001660006002-A-E05_S53_L001_R1_001.fastq.gz&response-content-type=application%2Fx-gzip&Signature=Cmk7EwLLfobftCpfGMpvIFNqCfM%3D,https://basespace-data-east.s3-external-1.amazonaws.com/0965f722bcaa475496dcae3200471ae5/DSP-1001660006002-A-E05_S53_L001_R2_001.fastq.gz?AWSAccessKeyId=AKIARPYQJSWQZ43T2BOI&Expires=1644617272&response-content-disposition=filename%3DDSP-1001660006002-A-E05_S53_L001_R2_001.fastq.gz&response-content-type=application%2Fx-gzip&Signature=bMgqpjir139obk45gebq9nqmaLM%3D
57,DSP-1001660006002-A-A03,UnknownLibrary,L001,https://basespace-data-east.s3-external-1.amazonaws.com/62ddf0e4e2ee4d58bbddae320045db5b/DSP-1001660006002-A-A03_S3_L001_R1_001.fastq.gz?AWSAccessKeyId=AKIARPYQJSWQZ43T2BOI&Expires=1644617273&response-content-disposition=filename%3DDSP-1001660006002-A-A03_S3_L001_R1_001.fastq.gz&response-content-type=application%2Fx-gzip&Signature=B4qEYINJS8VHBMrmjS0p3kxN%2FdM%3D,https://basespace-data-east.s3-external-1.amazonaws.com/62ddf0e4e2ee4d58bbddae320045db5b/DSP-1001660006002-A-A03_S3_L001_R2_001.fastq.gz?AWSAccessKeyId=AKIARPYQJSWQZ43T2BOI&Expires=1644617273&response-content-disposition=filename%3DDSP-1001660006002-A-A03_S3_L001_R2_001.fastq.gz&response-content-type=application%2Fx-gzip&Signature=vgQcc3YDv%2FZ6GUaoinH79qQkK%2BA%3D
58,DSP-1001660006002-A-C12,UnknownLibrary,L001,https://basespace-data-east.s3-external-1.amazonaws.com/c3538e9782be4e8f9e4aae320046aad1/DSP-1001660006002-A-C12_S36_L001_R1_001.fastq.gz?AWSAccessKeyId=AKIARPYQJSWQZ43T2BOI&Expires=1644617273&response-content-disposition=filename%3DDSP-1001660006002-A-C12_S36_L001_R1_001.fastq.gz&response-content-type=application%2Fx-gzip&Signature=iPv8I8pojbloAQ1XxDMnZqFiFaY%3D,https://basespace-data-east.s3-external-1.amazonaws.com/c3538e9782be4e8f9e4aae320046aad1/DSP-1001660006002-A-C12_S36_L001_R2_001.fastq.gz?AWSAccessKeyId=AKIARPYQJSWQZ43T2BOI&Expires=1644617273&response-content-disposition=filename%3DDSP-1001660006002-A-C12_S36_L001_R2_001.fastq.gz&response-content-type=application%2Fx-gzip&Signature=ARsVLpXnIS3us4owwZvozqq09Qk%3D
59,DSP-1001660006002-A-G09,UnknownLibrary,L001,https://basespace-data-east.s3-external-1.amazonaws.com/33fc75dd597b4d4c95eeae320047f2cd/DSP-1001660006002-A-G09_S81_L001_R1_001.fastq.gz?AWSAccessKeyId=AKIARPYQJSWQZ43T2BOI&Expires=1644617273&response-content-disposition=filename%3DDSP-1001660006002-A-G09_S81_L001_R1_001.fastq.gz&response-content-type=application%2Fx-gzip&Signature=6HjBRLskYFqYjoU0NeRvWxGnm8Y%3D,https://basespace-data-east.s3-external-1.amazonaws.com/33fc75dd597b4d4c95eeae320047f2cd/DSP-1001660006002-A-G09_S81_L001_R2_001.fastq.gz?AWSAccessKeyId=AKIARPYQJSWQZ43T2BOI&Expires=1644617273&response-content-disposition=filename%3DDSP-1001660006002-A-G09_S81_L001_R2_001.fastq.gz&response-content-type=application%2Fx-gzip&Signature=t3zwqmfh1%2Fimq5v0RjGX8QVSxbo%3D
60,DSP-1001660006002-A-G11,UnknownLibrary,L001,https://basespace-data-east.s3-external-1.amazonaws.com/18c53c5fd1bb438fb415ae320047ff15/DSP-1001660006002-A-G11_S83_L001_R1_001.fastq.gz?AWSAccessKeyId=AKIARPYQJSWQZ43T2BOI&Expires=1644617273&response-content-disposition=filename%3DDSP-1001660006002-A-G11_S83_L001_R1_001.fastq.gz&response-content-type=application%2Fx-gzip&Signature=s3i1LwFboVR0173n8cAiZPleFWg%3D,https://basespace-data-east.s3-external-1.amazonaws.com/18c53c5fd1bb438fb415ae320047ff15/DSP-1001660006002-A-G11_S83_L001_R2_001.fastq.gz?AWSAccessKeyId=AKIARPYQJSWQZ43T2BOI&Expires=1644617273&response-content-disposition=filename%3DDSP-1001660006002-A-G11_S83_L001_R2_001.fastq.gz&response-content-type=application%2Fx-gzip&Signature=ODYALlnITBOMBDPpWeSPmvFOBjI%3D
61,DSP-1001660006002-A-B08,UnknownLibrary,L001,https://basespace-data-east.s3-external-1.amazonaws.com/e46f0de25ab24c7480d1ae3200464ac0/DSP-1001660006002-A-B08_S20_L001_R1_001.fastq.gz?AWSAccessKeyId=AKIARPYQJSWQZ43T2BOI&Expires=1644617273&response-content-disposition=filename%3DDSP-1001660006002-A-B08_S20_L001_R1_001.fastq.gz&response-content-type=application%2Fx-gzip&Signature=DdR35W2ZWayTq2T938XlwzPV82Q%3D,https://basespace-data-east.s3-external-1.amazonaws.com/e46f0de25ab24c7480d1ae3200464ac0/DSP-1001660006002-A-B08_S20_L001_R2_001.fastq.gz?AWSAccessKeyId=AKIARPYQJSWQZ43T2BOI&Expires=1644617273&response-content-disposition=filename%3DDSP-1001660006002-A-B08_S20_L001_R2_001.fastq.gz&response-content-type=application%2Fx-gzip&Signature=lQd7Ahcn99koIg%2FvUvI61T3zQo8%3D
62,DSP-1001660006002-A-F07,UnknownLibrary,L001,https://basespace-data-east.s3-external-1.amazonaws.com/0a96d52b68674ee38c4eae32004787cc/DSP-1001660006002-A-F07_S67_L001_R1_001.fastq.gz?AWSAccessKeyId=AKIARPYQJSWQZ43T2BOI&Expires=1644617273&response-content-disposition=filename%3DDSP-1001660006002-A-F07_S67_L001_R1_001.fastq.gz&response-content-type=application%2Fx-gzip&Signature=kdRtrOqv3w%2F7FtVQylLu0Sp00Gg%3D,https://basespace-data-east.s3-external-1.amazonaws.com/0a96d52b68674ee38c4eae32004787cc/DSP-1001660006002-A-F07_S67_L001_R2_001.fastq.gz?AWSAccessKeyId=AKIARPYQJSWQZ43T2BOI&Expires=1644617273&response-content-disposition=filename%3DDSP-1001660006002-A-F07_S67_L001_R2_001.fastq.gz&response-content-type=application%2Fx-gzip&Signature=WeSusw0fs4j4xnY5LNUSUpEp3xg%3D
63,DSP-1001660006002-A-F03,UnknownLibrary,L001,https://basespace-data-east.s3-external-1.amazonaws.com/7244e8c2facf4e4693fbae3200476745/DSP-1001660006002-A-F03_S63_L001_R1_001.fastq.gz?AWSAccessKeyId=AKIARPYQJSWQZ43T2BOI&Expires=1644617273&response-content-disposition=filename%3DDSP-1001660006002-A-F03_S63_L001_R1_001.fastq.gz&response-content-type=application%2Fx-gzip&Signature=SHcx5PEKFbAQ9hnDusZjQRNbuAw%3D,https://basespace-data-east.s3-external-1.amazonaws.com/7244e8c2facf4e4693fbae3200476745/DSP-1001660006002-A-F03_S63_L001_R2_001.fastq.gz?AWSAccessKeyId=AKIARPYQJSWQZ43T2BOI&Expires=1644617273&response-content-disposition=filename%3DDSP-1001660006002-A-F03_S63_L001_R2_001.fastq.gz&response-content-type=application%2Fx-gzip&Signature=I1DJ%2FmWgWH%2BnGuAW27tKXG8Bj1M%3D
64,DSP-1001660006002-A-F06,UnknownLibrary,L001,https://basespace-data-east.s3-external-1.amazonaws.com/1ac913b7dbe241b7b95bae320047818d/DSP-1001660006002-A-F06_S66_L001_R1_001.fastq.gz?AWSAccessKeyId=AKIARPYQJSWQZ43T2BOI&Expires=1644617273&response-content-disposition=filename%3DDSP-1001660006002-A-F06_S66_L001_R1_001.fastq.gz&response-content-type=application%2Fx-gzip&Signature=9MnPVR9MJU3cJrxVxNewSXYitaM%3D,https://basespace-data-east.s3-external-1.amazonaws.com/1ac913b7dbe241b7b95bae320047818d/DSP-1001660006002-A-F06_S66_L001_R2_001.fastq.gz?AWSAccessKeyId=AKIARPYQJSWQZ43T2BOI&Expires=1644617273&response-content-disposition=filename%3DDSP-1001660006002-A-F06_S66_L001_R2_001.fastq.gz&response-content-type=application%2Fx-gzip&Signature=5IPAd9eEcuZhpmrzKGS39UiPKgw%3D
65,DSP-1001660006002-A-E12,UnknownLibrary,L001,https://basespace-data-east.s3-external-1.amazonaws.com/953f5aa972014110a329ae3200474c71/DSP-1001660006002-A-E12_S60_L001_R1_001.fastq.gz?AWSAccessKeyId=AKIARPYQJSWQZ43T2BOI&Expires=1644617273&response-content-disposition=filename%3DDSP-1001660006002-A-E12_S60_L001_R1_001.fastq.gz&response-content-type=application%2Fx-gzip&Signature=6Zw7XK2WlKmy5ZHGSTDxvOAw8QM%3D,https://basespace-data-east.s3-external-1.amazonaws.com/953f5aa972014110a329ae3200474c71/DSP-1001660006002-A-E12_S60_L001_R2_001.fastq.gz?AWSAccessKeyId=AKIARPYQJSWQZ43T2BOI&Expires=1644617273&response-content-disposition=filename%3DDSP-1001660006002-A-E12_S60_L001_R2_001.fastq.gz&response-content-type=application%2Fx-gzip&Signature=6nZBKHVTDlks1xNnERyV4uFCY70%3D
66,DSP-1001660006002-A-F12,UnknownLibrary,L001,https://basespace-data-east.s3-external-1.amazonaws.com/339a660e8dca40afb86cae320047ad40/DSP-1001660006002-A-F12_S72_L001_R1_001.fastq.gz?AWSAccessKeyId=AKIARPYQJSWQZ43T2BOI&Expires=1644617273&response-content-disposition=filename%3DDSP-1001660006002-A-F12_S72_L001_R1_001.fastq.gz&response-content-type=application%2Fx-gzip&Signature=guEoXm%2BHMYMPeVRYAxXsPG%2FVZPA%3D,https://basespace-data-east.s3-external-1.amazonaws.com/339a660e8dca40afb86cae320047ad40/DSP-1001660006002-A-F12_S72_L001_R2_001.fastq.gz?AWSAccessKeyId=AKIARPYQJSWQZ43T2BOI&Expires=1644617273&response-content-disposition=filename%3DDSP-1001660006002-A-F12_S72_L001_R2_001.fastq.gz&response-content-type=application%2Fx-gzip&Signature=fIJsG1cZfp%2FG185CinkOzT6uy4M%3D
67,DSP-1001660006002-A-B11,UnknownLibrary,L001,https://basespace-data-east.s3-external-1.amazonaws.com/67bac675290047dbb742ae3200465e6d/DSP-1001660006002-A-B11_S23_L001_R1_001.fastq.gz?AWSAccessKeyId=AKIARPYQJSWQZ43T2BOI&Expires=1644617273&response-content-disposition=filename%3DDSP-1001660006002-A-B11_S23_L001_R1_001.fastq.gz&response-content-type=application%2Fx-gzip&Signature=W2o%2B4oCNvr3tfb74lX5xZ8A6WLU%3D,https://basespace-data-east.s3-external-1.amazonaws.com/67bac675290047dbb742ae3200465e6d/DSP-1001660006002-A-B11_S23_L001_R2_001.fastq.gz?AWSAccessKeyId=AKIARPYQJSWQZ43T2BOI&Expires=1644617273&response-content-disposition=filename%3DDSP-1001660006002-A-B11_S23_L001_R2_001.fastq.gz&response-content-type=application%2Fx-gzip&Signature=kZKPAC0n7NgguWif9jk%2FLuIKMR4%3D
68,DSP-1001660006002-A-E07,UnknownLibrary,L001,https://basespace-data-east.s3-external-1.amazonaws.com/03fe9844fb97432bbda3ae3200472694/DSP-1001660006002-A-E07_S55_L001_R1_001.fastq.gz?AWSAccessKeyId=AKIARPYQJSWQZ43T2BOI&Expires=1644617273&response-content-disposition=filename%3DDSP-1001660006002-A-E07_S55_L001_R1_001.fastq.gz&response-content-type=application%2Fx-gzip&Signature=6vL3HT0gKVbNZ1zNrjGJocvFcco%3D,https://basespace-data-east.s3-external-1.amazonaws.com/03fe9844fb97432bbda3ae3200472694/DSP-1001660006002-A-E07_S55_L001_R2_001.fastq.gz?AWSAccessKeyId=AKIARPYQJSWQZ43T2BOI&Expires=1644617273&response-content-disposition=filename%3DDSP-1001660006002-A-E07_S55_L001_R2_001.fastq.gz&response-content-type=application%2Fx-gzip&Signature=h7zb1O6PAnTVcHxOIvpGbgzCq84%3D
69,DSP-1001660006002-A-F04,UnknownLibrary,L001,https://basespace-data-east.s3-external-1.amazonaws.com/7d4fd6444f1548429b2cae3200476eb2/DSP-1001660006002-A-F04_S64_L001_R1_001.fastq.gz?AWSAccessKeyId=AKIARPYQJSWQZ43T2BOI&Expires=1644617273&response-content-disposition=filename%3DDSP-1001660006002-A-F04_S64_L001_R1_001.fastq.gz&response-content-type=application%2Fx-gzip&Signature=IJNvaXq%2FQsz8tUaBBtrjR3UxfQM%3D,https://basespace-data-east.s3-external-1.amazonaws.com/7d4fd6444f1548429b2cae3200476eb2/DSP-1001660006002-A-F04_S64_L001_R2_001.fastq.gz?AWSAccessKeyId=AKIARPYQJSWQZ43T2BOI&Expires=1644617273&response-content-disposition=filename%3DDSP-1001660006002-A-F04_S64_L001_R2_001.fastq.gz&response-content-type=application%2Fx-gzip&Signature=9I%2FTXH6jk7a4Yj3KaBwVO29k4rY%3D
70,DSP-1001660006002-A-B01,UnknownLibrary,L001,https://basespace-data-east.s3-external-1.amazonaws.com/a0826206471a4f6ea891ae32004619da/DSP-1001660006002-A-B01_S13_L001_R1_001.fastq.gz?AWSAccessKeyId=AKIARPYQJSWQZ43T2BOI&Expires=1644617273&response-content-disposition=filename%3DDSP-1001660006002-A-B01_S13_L001_R1_001.fastq.gz&response-content-type=application%2Fx-gzip&Signature=qto0LtsTmlCIEF6VBFAOWlpFipg%3D,https://basespace-data-east.s3-external-1.amazonaws.com/a0826206471a4f6ea891ae32004619da/DSP-1001660006002-A-B01_S13_L001_R2_001.fastq.gz?AWSAccessKeyId=AKIARPYQJSWQZ43T2BOI&Expires=1644617273&response-content-disposition=filename%3DDSP-1001660006002-A-B01_S13_L001_R2_001.fastq.gz&response-content-type=application%2Fx-gzip&Signature=PG2Lmj3ll1YzR%2BpBqmg0BwTgChI%3D
71,DSP-1001660006002-A-E10,UnknownLibrary,L001,https://basespace-data-east.s3-external-1.amazonaws.com/89c8cdd5d539416c8158ae320047396f/DSP-1001660006002-A-E10_S58_L001_R1_001.fastq.gz?AWSAccessKeyId=AKIARPYQJSWQZ43T2BOI&Expires=1644617273&response-content-disposition=filename%3DDSP-1001660006002-A-E10_S58_L001_R1_001.fastq.gz&response-content-type=application%2Fx-gzip&Signature=WHYwAIaCNeHoNP%2Ben%2BLrW9LhffA%3D,https://basespace-data-east.s3-external-1.amazonaws.com/89c8cdd5d539416c8158ae320047396f/DSP-1001660006002-A-E10_S58_L001_R2_001.fastq.gz?AWSAccessKeyId=AKIARPYQJSWQZ43T2BOI&Expires=1644617273&response-content-disposition=filename%3DDSP-1001660006002-A-E10_S58_L001_R2_001.fastq.gz&response-content-type=application%2Fx-gzip&Signature=wxNl3GErJoYx%2BcqNXzJmL%2FG%2BWSE%3D
72,DSP-1001660006002-A-F09,UnknownLibrary,L001,https://basespace-data-east.s3-external-1.amazonaws.com/533d864c890e4061ad81ae32004799ec/DSP-1001660006002-A-F09_S69_L001_R1_001.fastq.gz?AWSAccessKeyId=AKIARPYQJSWQZ43T2BOI&Expires=1644617273&response-content-disposition=filename%3DDSP-1001660006002-A-F09_S69_L001_R1_001.fastq.gz&response-content-type=application%2Fx-gzip&Signature=kVNvadQtRwN8%2FkGtfhPA%2BOKjmkk%3D,https://basespace-data-east.s3-external-1.amazonaws.com/533d864c890e4061ad81ae32004799ec/DSP-1001660006002-A-F09_S69_L001_R2_001.fastq.gz?AWSAccessKeyId=AKIARPYQJSWQZ43T2BOI&Expires=1644617273&response-content-disposition=filename%3DDSP-1001660006002-A-F09_S69_L001_R2_001.fastq.gz&response-content-type=application%2Fx-gzip&Signature=sxfNH1DynUvIMPMZCnTc8QBTzzE%3D
73,DSP-1001660006002-A-E02,UnknownLibrary,L001,https://basespace-data-east.s3-external-1.amazonaws.com/3da97be7fc4843749276ae320047061c/DSP-1001660006002-A-E02_S50_L001_R1_001.fastq.gz?AWSAccessKeyId=AKIARPYQJSWQZ43T2BOI&Expires=1644617274&response-content-disposition=filename%3DDSP-1001660006002-A-E02_S50_L001_R1_001.fastq.gz&response-content-type=application%2Fx-gzip&Signature=my8PWQpWaP2tcuAYA42AIJPmdGk%3D,https://basespace-data-east.s3-external-1.amazonaws.com/3da97be7fc4843749276ae320047061c/DSP-1001660006002-A-E02_S50_L001_R2_001.fastq.gz?AWSAccessKeyId=AKIARPYQJSWQZ43T2BOI&Expires=1644617274&response-content-disposition=filename%3DDSP-1001660006002-A-E02_S50_L001_R2_001.fastq.gz&response-content-type=application%2Fx-gzip&Signature=u5V63VdLyAeefe4DXoJZfuuDmJA%3D
74,DSP-1001660006002-A-C03,UnknownLibrary,L001,https://basespace-data-east.s3-external-1.amazonaws.com/eb0afc19c4f641ed882eae3200467614/DSP-1001660006002-A-C03_S27_L001_R1_001.fastq.gz?AWSAccessKeyId=AKIARPYQJSWQZ43T2BOI&Expires=1644617274&response-content-disposition=filename%3DDSP-1001660006002-A-C03_S27_L001_R1_001.fastq.gz&response-content-type=application%2Fx-gzip&Signature=q8mDdLyVcMOWbLxdAg2b3yeuH%2Bo%3D,https://basespace-data-east.s3-external-1.amazonaws.com/eb0afc19c4f641ed882eae3200467614/DSP-1001660006002-A-C03_S27_L001_R2_001.fastq.gz?AWSAccessKeyId=AKIARPYQJSWQZ43T2BOI&Expires=1644617274&response-content-disposition=filename%3DDSP-1001660006002-A-C03_S27_L001_R2_001.fastq.gz&response-content-type=application%2Fx-gzip&Signature=HNe4N4m%2BBTXLWNJMqlBbtXDfrJ8%3D
75,DSP-1001660006002-A-D09,UnknownLibrary,L001,https://basespace-data-east.s3-external-1.amazonaws.com/33f5a0a913fc4ed69f5cae320046e57a/DSP-1001660006002-A-D09_S45_L001_R1_001.fastq.gz?AWSAccessKeyId=AKIARPYQJSWQZ43T2BOI&Expires=1644617274&response-content-disposition=filename%3DDSP-1001660006002-A-D09_S45_L001_R1_001.fastq.gz&response-content-type=application%2Fx-gzip&Signature=C3Ux0%2BfYhIKUNuKichTQXr1sNEA%3D,https://basespace-data-east.s3-external-1.amazonaws.com/33f5a0a913fc4ed69f5cae320046e57a/DSP-1001660006002-A-D09_S45_L001_R2_001.fastq.gz?AWSAccessKeyId=AKIARPYQJSWQZ43T2BOI&Expires=1644617274&response-content-disposition=filename%3DDSP-1001660006002-A-D09_S45_L001_R2_001.fastq.gz&response-content-type=application%2Fx-gzip&Signature=s1DX1eKZe0dBP4wkRG5sNJRJ1Wg%3D
76,DSP-1001660006002-A-A06,UnknownLibrary,L001,https://basespace-data-east.s3-external-1.amazonaws.com/fd3c103e72f54163aa79ae320045ed83/DSP-1001660006002-A-A06_S6_L001_R1_001.fastq.gz?AWSAccessKeyId=AKIARPYQJSWQZ43T2BOI&Expires=1644617274&response-content-disposition=filename%3DDSP-1001660006002-A-A06_S6_L001_R1_001.fastq.gz&response-content-type=application%2Fx-gzip&Signature=PQMgkMYohhJfFSUeYGv4czJNGcw%3D,https://basespace-data-east.s3-external-1.amazonaws.com/fd3c103e72f54163aa79ae320045ed83/DSP-1001660006002-A-A06_S6_L001_R2_001.fastq.gz?AWSAccessKeyId=AKIARPYQJSWQZ43T2BOI&Expires=1644617274&response-content-disposition=filename%3DDSP-1001660006002-A-A06_S6_L001_R2_001.fastq.gz&response-content-type=application%2Fx-gzip&Signature=1fIOmVI6CG6NBFmT4Ni0TiVAtHw%3D
77,DSP-1001660006002-A-E06,UnknownLibrary,L001,https://basespace-data-east.s3-external-1.amazonaws.com/965efc87f5984746afc9ae32004720b5/DSP-1001660006002-A-E06_S54_L001_R1_001.fastq.gz?AWSAccessKeyId=AKIARPYQJSWQZ43T2BOI&Expires=1644617274&response-content-disposition=filename%3DDSP-1001660006002-A-E06_S54_L001_R1_001.fastq.gz&response-content-type=application%2Fx-gzip&Signature=GOYrfocl%2B5GftfTRRMwuNCYjpOM%3D,https://basespace-data-east.s3-external-1.amazonaws.com/965efc87f5984746afc9ae32004720b5/DSP-1001660006002-A-E06_S54_L001_R2_001.fastq.gz?AWSAccessKeyId=AKIARPYQJSWQZ43T2BOI&Expires=1644617274&response-content-disposition=filename%3DDSP-1001660006002-A-E06_S54_L001_R2_001.fastq.gz&response-content-type=application%2Fx-gzip&Signature=rFgYhN0x3WW8b9JNzF%2BGF%2BLo5EY%3D
78,DSP-1001660006002-A-D01,UnknownLibrary,L001,https://basespace-data-east.s3-external-1.amazonaws.com/c5b433d0402d4692b2b1ae320046b1f3/DSP-1001660006002-A-D01_S37_L001_R1_001.fastq.gz?AWSAccessKeyId=AKIARPYQJSWQZ43T2BOI&Expires=1644617274&response-content-disposition=filename%3DDSP-1001660006002-A-D01_S37_L001_R1_001.fastq.gz&response-content-type=application%2Fx-gzip&Signature=DLT%2B9PBH0EFlzx949S6IEGqipcI%3D,https://basespace-data-east.s3-external-1.amazonaws.com/c5b433d0402d4692b2b1ae320046b1f3/DSP-1001660006002-A-D01_S37_L001_R2_001.fastq.gz?AWSAccessKeyId=AKIARPYQJSWQZ43T2BOI&Expires=1644617274&response-content-disposition=filename%3DDSP-1001660006002-A-D01_S37_L001_R2_001.fastq.gz&response-content-type=application%2Fx-gzip&Signature=vm9rrVH7Z96DyzG%2FUUuYXAtEvV4%3D
79,DSP-1001660006002-A-A07,UnknownLibrary,L001,https://basespace-data-east.s3-external-1.amazonaws.com/51872d47f30c4cb78d2dae320045f43d/DSP-1001660006002-A-A07_S7_L001_R1_001.fastq.gz?AWSAccessKeyId=AKIARPYQJSWQZ43T2BOI&Expires=1644617274&response-content-disposition=filename%3DDSP-1001660006002-A-A07_S7_L001_R1_001.fastq.gz&response-content-type=application%2Fx-gzip&Signature=8B3VwzuFErz%2FVTAq7L8FZ1FD9VA%3D,https://basespace-data-east.s3-external-1.amazonaws.com/51872d47f30c4cb78d2dae320045f43d/DSP-1001660006002-A-A07_S7_L001_R2_001.fastq.gz?AWSAccessKeyId=AKIARPYQJSWQZ43T2BOI&Expires=1644617274&response-content-disposition=filename%3DDSP-1001660006002-A-A07_S7_L001_R2_001.fastq.gz&response-content-type=application%2Fx-gzip&Signature=0Ib7EBvT5C4SLqZ6zOQvMmsyO1o%3D
80,DSP-1001660006002-A-G03,UnknownLibrary,L001,https://basespace-data-east.s3-external-1.amazonaws.com/5da99831efa94b128e11ae320047c04d/DSP-1001660006002-A-G03_S75_L001_R1_001.fastq.gz?AWSAccessKeyId=AKIARPYQJSWQZ43T2BOI&Expires=1644617274&response-content-disposition=filename%3DDSP-1001660006002-A-G03_S75_L001_R1_001.fastq.gz&response-content-type=application%2Fx-gzip&Signature=YTr3F2GlijAugKBh9cRHpTgM4xY%3D,https://basespace-data-east.s3-external-1.amazonaws.com/5da99831efa94b128e11ae320047c04d/DSP-1001660006002-A-G03_S75_L001_R2_001.fastq.gz?AWSAccessKeyId=AKIARPYQJSWQZ43T2BOI&Expires=1644617274&response-content-disposition=filename%3DDSP-1001660006002-A-G03_S75_L001_R2_001.fastq.gz&response-content-type=application%2Fx-gzip&Signature=bilotUCxFbodB%2FhGBO5Z3Pl58Z0%3D
81,DSP-1001660006002-A-C08,UnknownLibrary,L001,https://basespace-data-east.s3-external-1.amazonaws.com/ac939adf12af46328218ae32004692d5/DSP-1001660006002-A-C08_S32_L001_R1_001.fastq.gz?AWSAccessKeyId=AKIARPYQJSWQZ43T2BOI&Expires=1644617274&response-content-disposition=filename%3DDSP-1001660006002-A-C08_S32_L001_R1_001.fastq.gz&response-content-type=application%2Fx-gzip&Signature=bcz10cUGnaTvivEGJkjiRDqPcLk%3D,https://basespace-data-east.s3-external-1.amazonaws.com/ac939adf12af46328218ae32004692d5/DSP-1001660006002-A-C08_S32_L001_R2_001.fastq.gz?AWSAccessKeyId=AKIARPYQJSWQZ43T2BOI&Expires=1644617274&response-content-disposition=filename%3DDSP-1001660006002-A-C08_S32_L001_R2_001.fastq.gz&response-content-type=application%2Fx-gzip&Signature=IB%2Bqory4njTXjUvanghm1%2BlgMLM%3D
82,DSP-1001660006002-A-B04,UnknownLibrary,L001,https://basespace-data-east.s3-external-1.amazonaws.com/463449fb7d6d4797a844ae3200462fe1/DSP-1001660006002-A-B04_S16_L001_R1_001.fastq.gz?AWSAccessKeyId=AKIARPYQJSWQZ43T2BOI&Expires=1644617274&response-content-disposition=filename%3DDSP-1001660006002-A-B04_S16_L001_R1_001.fastq.gz&response-content-type=application%2Fx-gzip&Signature=3usI0tvxv%2F4Mmlq%2B5tF59L9l%2FHU%3D,https://basespace-data-east.s3-external-1.amazonaws.com/463449fb7d6d4797a844ae3200462fe1/DSP-1001660006002-A-B04_S16_L001_R2_001.fastq.gz?AWSAccessKeyId=AKIARPYQJSWQZ43T2BOI&Expires=1644617274&response-content-disposition=filename%3DDSP-1001660006002-A-B04_S16_L001_R2_001.fastq.gz&response-content-type=application%2Fx-gzip&Signature=0jlgi4jdnnJzZAQfZx%2BdUiYe5BE%3D
83,DSP-1001660006002-A-B07,UnknownLibrary,L001,https://basespace-data-east.s3-external-1.amazonaws.com/6d63865b1f0346958c86ae3200464552/DSP-1001660006002-A-B07_S19_L001_R1_001.fastq.gz?AWSAccessKeyId=AKIARPYQJSWQZ43T2BOI&Expires=1644617274&response-content-disposition=filename%3DDSP-1001660006002-A-B07_S19_L001_R1_001.fastq.gz&response-content-type=application%2Fx-gzip&Signature=HhsQLxd2eKIjQfnZwL%2BqCu1ScoY%3D,https://basespace-data-east.s3-external-1.amazonaws.com/6d63865b1f0346958c86ae3200464552/DSP-1001660006002-A-B07_S19_L001_R2_001.fastq.gz?AWSAccessKeyId=AKIARPYQJSWQZ43T2BOI&Expires=1644617274&response-content-disposition=filename%3DDSP-1001660006002-A-B07_S19_L001_R2_001.fastq.gz&response-content-type=application%2Fx-gzip&Signature=QCHivPJg8okS9UoLX60YMpQ6kbA%3D
84,DSP-1001660006002-A-F08,UnknownLibrary,L001,https://basespace-data-east.s3-external-1.amazonaws.com/7beb283d9c0d40b4bc21ae3200479391/DSP-1001660006002-A-F08_S68_L001_R1_001.fastq.gz?AWSAccessKeyId=AKIARPYQJSWQZ43T2BOI&Expires=1644617274&response-content-disposition=filename%3DDSP-1001660006002-A-F08_S68_L001_R1_001.fastq.gz&response-content-type=application%2Fx-gzip&Signature=W1iWCQfe797cSXDFrZCgLTIpU8c%3D,https://basespace-data-east.s3-external-1.amazonaws.com/7beb283d9c0d40b4bc21ae3200479391/DSP-1001660006002-A-F08_S68_L001_R2_001.fastq.gz?AWSAccessKeyId=AKIARPYQJSWQZ43T2BOI&Expires=1644617274&response-content-disposition=filename%3DDSP-1001660006002-A-F08_S68_L001_R2_001.fastq.gz&response-content-type=application%2Fx-gzip&Signature=SRPIH%2FeinQkGqvbhI2gU%2FirMyDc%3D
85,DSP-1001660006002-A-H02,UnknownLibrary,L001,https://basespace-data-east.s3-external-1.amazonaws.com/f321327d83df4165a5b0ae32004812ee/DSP-1001660006002-A-H02_S86_L001_R1_001.fastq.gz?AWSAccessKeyId=AKIARPYQJSWQZ43T2BOI&Expires=1644617274&response-content-disposition=filename%3DDSP-1001660006002-A-H02_S86_L001_R1_001.fastq.gz&response-content-type=application%2Fx-gzip&Signature=XCEs8cnmeEwpbUK99IR32s99aB4%3D,https://basespace-data-east.s3-external-1.amazonaws.com/f321327d83df4165a5b0ae32004812ee/DSP-1001660006002-A-H02_S86_L001_R2_001.fastq.gz?AWSAccessKeyId=AKIARPYQJSWQZ43T2BOI&Expires=1644617274&response-content-disposition=filename%3DDSP-1001660006002-A-H02_S86_L001_R2_001.fastq.gz&response-content-type=application%2Fx-gzip&Signature=ucpidsjlo3SgKH%2FRVdb%2FRGsOm68%3D
