READ MEAN QUALITY,Read1,Q16 Reads,1
READ MEAN QUALITY,Read1,Q18 Reads,1
READ MEAN QUALITY,Read1,Q19 Reads,1
READ MEAN QUALITY,Read1,Q20 Reads,15
READ MEAN QUALITY,Read1,Q21 Reads,27
READ MEAN QUALITY,Read1,Q22 Reads,67
READ MEAN QUALITY,Read1,Q23 Reads,130
READ MEAN QUALITY,Read1,Q24 Reads,292
READ MEAN QUALITY,Read1,Q25 Reads,474
READ MEAN QUALITY,Read1,Q26 Reads,928
READ MEAN QUALITY,Read1,Q27 Reads,1547
READ MEAN QUALITY,Read1,Q28 Reads,2551
READ MEAN QUALITY,Read1,Q29 Reads,4226
READ MEAN QUALITY,Read1,Q30 Reads,6595
READ MEAN QUALITY,Read1,Q31 Reads,10115
READ MEAN QUALITY,Read1,Q32 Reads,14127
READ MEAN QUALITY,Read1,Q33 Reads,20086
READ MEAN QUALITY,Read1,Q34 Reads,28524
READ MEAN QUALITY,Read1,Q35 Reads,46719
READ MEAN QUALITY,Read1,Q36 Reads,99330
READ MEAN QUALITY,Read1,Q37 Reads,363955
POSITIONAL BASE MEAN QUALITY,Read1,ReadPos 1 A Average Quality,36.11
POSITIONAL BASE MEAN QUALITY,Read1,ReadPos 2 A Average Quality,35.92
POSITIONAL BASE MEAN QUALITY,Read1,ReadPos 3 A Average Quality,36.07
POSITIONAL BASE MEAN QUALITY,Read1,ReadPos 4 A Average Quality,35.98
POSITIONAL BASE MEAN QUALITY,Read1,ReadPos 5 A Average Quality,35.94
POSITIONAL BASE MEAN QUALITY,Read1,ReadPos 6 A Average Quality,35.93
POSITIONAL BASE MEAN QUALITY,Read1,ReadPos 7 A Average Quality,35.95
POSITIONAL BASE MEAN QUALITY,Read1,ReadPos 8 A Average Quality,36.00
POSITIONAL BASE MEAN QUALITY,Read1,ReadPos 9 A Average Quality,35.95
POSITIONAL BASE MEAN QUALITY,Read1,ReadPos 10 A Average Quality,35.93
POSITIONAL BASE MEAN QUALITY,Read1,ReadPos 11 A Average Quality,35.88
POSITIONAL BASE MEAN QUALITY,Read1,ReadPos 12 A Average Quality,35.95
POSITIONAL BASE MEAN QUALITY,Read1,ReadPos 13 A Average Quality,35.93
POSITIONAL BASE MEAN QUALITY,Read1,ReadPos 14 A Average Quality,35.89
POSITIONAL BASE MEAN QUALITY,Read1,ReadPos 15 A Average Quality,35.88
POSITIONAL BASE MEAN QUALITY,Read1,ReadPos 16 A Average Quality,35.88
POSITIONAL BASE MEAN QUALITY,Read1,ReadPos 17 A Average Quality,35.93
POSITIONAL BASE MEAN QUALITY,Read1,ReadPos 18 A Average Quality,35.86
POSITIONAL BASE MEAN QUALITY,Read1,ReadPos 19 A Average Quality,35.93
POSITIONAL BASE MEAN QUALITY,Read1,ReadPos 20 A Average Quality,35.86
POSITIONAL BASE MEAN QUALITY,Read1,ReadPos 21 A Average Quality,35.96
POSITIONAL BASE MEAN QUALITY,Read1,ReadPos 22 A Average Quality,35.90
POSITIONAL BASE MEAN QUALITY,Read1,ReadPos 23 A Average Quality,35.87
POSITIONAL BASE MEAN QUALITY,Read1,ReadPos 24 A Average Quality,35.93
POSITIONAL BASE MEAN QUALITY,Read1,ReadPos 25 A Average Quality,36.00
POSITIONAL BASE MEAN QUALITY,Read1,ReadPos 26 A Average Quality,35.80
POSITIONAL BASE MEAN QUALITY,Read1,ReadPos 1 C Average Quality,35.97
POSITIONAL BASE MEAN QUALITY,Read1,ReadPos 2 C Average Quality,36.00
POSITIONAL BASE MEAN QUALITY,Read1,ReadPos 3 C Average Quality,36.17
POSITIONAL BASE MEAN QUALITY,Read1,ReadPos 4 C Average Quality,36.17
POSITIONAL BASE MEAN QUALITY,Read1,ReadPos 5 C Average Quality,36.13
POSITIONAL BASE MEAN QUALITY,Read1,ReadPos 6 C Average Quality,36.15
POSITIONAL BASE MEAN QUALITY,Read1,ReadPos 7 C Average Quality,36.16
POSITIONAL BASE MEAN QUALITY,Read1,ReadPos 8 C Average Quality,36.18
POSITIONAL BASE MEAN QUALITY,Read1,ReadPos 9 C Average Quality,36.19
POSITIONAL BASE MEAN QUALITY,Read1,ReadPos 10 C Average Quality,36.13
POSITIONAL BASE MEAN QUALITY,Read1,ReadPos 11 C Average Quality,36.15
POSITIONAL BASE MEAN QUALITY,Read1,ReadPos 12 C Average Quality,36.18
POSITIONAL BASE MEAN QUALITY,Read1,ReadPos 13 C Average Quality,36.18
POSITIONAL BASE MEAN QUALITY,Read1,ReadPos 14 C Average Quality,36.16
POSITIONAL BASE MEAN QUALITY,Read1,ReadPos 15 C Average Quality,36.14
POSITIONAL BASE MEAN QUALITY,Read1,ReadPos 16 C Average Quality,36.15
POSITIONAL BASE MEAN QUALITY,Read1,ReadPos 17 C Average Quality,36.12
POSITIONAL BASE MEAN QUALITY,Read1,ReadPos 18 C Average Quality,36.11
POSITIONAL BASE MEAN QUALITY,Read1,ReadPos 19 C Average Quality,36.06
POSITIONAL BASE MEAN QUALITY,Read1,ReadPos 20 C Average Quality,36.03
POSITIONAL BASE MEAN QUALITY,Read1,ReadPos 21 C Average Quality,36.04
POSITIONAL BASE MEAN QUALITY,Read1,ReadPos 22 C Average Quality,36.02
POSITIONAL BASE MEAN QUALITY,Read1,ReadPos 23 C Average Quality,36.00
POSITIONAL BASE MEAN QUALITY,Read1,ReadPos 24 C Average Quality,35.98
POSITIONAL BASE MEAN QUALITY,Read1,ReadPos 25 C Average Quality,35.97
POSITIONAL BASE MEAN QUALITY,Read1,ReadPos 26 C Average Quality,36.02
POSITIONAL BASE MEAN QUALITY,Read1,ReadPos 1 G Average Quality,35.50
POSITIONAL BASE MEAN QUALITY,Read1,ReadPos 2 G Average Quality,35.39
POSITIONAL BASE MEAN QUALITY,Read1,ReadPos 3 G Average Quality,35.48
POSITIONAL BASE MEAN QUALITY,Read1,ReadPos 4 G Average Quality,35.69
POSITIONAL BASE MEAN QUALITY,Read1,ReadPos 5 G Average Quality,35.64
POSITIONAL BASE MEAN QUALITY,Read1,ReadPos 6 G Average Quality,35.67
POSITIONAL BASE MEAN QUALITY,Read1,ReadPos 7 G Average Quality,35.67
POSITIONAL BASE MEAN QUALITY,Read1,ReadPos 8 G Average Quality,35.77
POSITIONAL BASE MEAN QUALITY,Read1,ReadPos 9 G Average Quality,35.68
POSITIONAL BASE MEAN QUALITY,Read1,ReadPos 10 G Average Quality,35.71
POSITIONAL BASE MEAN QUALITY,Read1,ReadPos 11 G Average Quality,35.75
POSITIONAL BASE MEAN QUALITY,Read1,ReadPos 12 G Average Quality,35.84
POSITIONAL BASE MEAN QUALITY,Read1,ReadPos 13 G Average Quality,35.75
POSITIONAL BASE MEAN QUALITY,Read1,ReadPos 14 G Average Quality,35.77
POSITIONAL BASE MEAN QUALITY,Read1,ReadPos 15 G Average Quality,35.70
POSITIONAL BASE MEAN QUALITY,Read1,ReadPos 16 G Average Quality,35.72
POSITIONAL BASE MEAN QUALITY,Read1,ReadPos 17 G Average Quality,35.67
POSITIONAL BASE MEAN QUALITY,Read1,ReadPos 18 G Average Quality,35.64
POSITIONAL BASE MEAN QUALITY,Read1,ReadPos 19 G Average Quality,35.61
POSITIONAL BASE MEAN QUALITY,Read1,ReadPos 20 G Average Quality,35.54
POSITIONAL BASE MEAN QUALITY,Read1,ReadPos 21 G Average Quality,35.50
POSITIONAL BASE MEAN QUALITY,Read1,ReadPos 22 G Average Quality,35.65
POSITIONAL BASE MEAN QUALITY,Read1,ReadPos 23 G Average Quality,35.66
POSITIONAL BASE MEAN QUALITY,Read1,ReadPos 24 G Average Quality,35.66
POSITIONAL BASE MEAN QUALITY,Read1,ReadPos 25 G Average Quality,35.51
POSITIONAL BASE MEAN QUALITY,Read1,ReadPos 26 G Average Quality,35.70
POSITIONAL BASE MEAN QUALITY,Read1,ReadPos 1 T Average Quality,35.90
POSITIONAL BASE MEAN QUALITY,Read1,ReadPos 2 T Average Quality,35.82
POSITIONAL BASE MEAN QUALITY,Read1,ReadPos 3 T Average Quality,35.77
POSITIONAL BASE MEAN QUALITY,Read1,ReadPos 4 T Average Quality,35.76
POSITIONAL BASE MEAN QUALITY,Read1,ReadPos 5 T Average Quality,35.78
POSITIONAL BASE MEAN QUALITY,Read1,ReadPos 6 T Average Quality,35.76
POSITIONAL BASE MEAN QUALITY,Read1,ReadPos 7 T Average Quality,35.76
POSITIONAL BASE MEAN QUALITY,Read1,ReadPos 8 T Average Quality,35.80
POSITIONAL BASE MEAN QUALITY,Read1,ReadPos 9 T Average Quality,35.70
POSITIONAL BASE MEAN QUALITY,Read1,ReadPos 10 T Average Quality,35.70
POSITIONAL BASE MEAN QUALITY,Read1,ReadPos 11 T Average Quality,35.69
POSITIONAL BASE MEAN QUALITY,Read1,ReadPos 12 T Average Quality,35.74
POSITIONAL BASE MEAN QUALITY,Read1,ReadPos 13 T Average Quality,35.71
POSITIONAL BASE MEAN QUALITY,Read1,ReadPos 14 T Average Quality,35.72
POSITIONAL BASE MEAN QUALITY,Read1,ReadPos 15 T Average Quality,35.58
POSITIONAL BASE MEAN QUALITY,Read1,ReadPos 16 T Average Quality,35.67
POSITIONAL BASE MEAN QUALITY,Read1,ReadPos 17 T Average Quality,35.62
POSITIONAL BASE MEAN QUALITY,Read1,ReadPos 18 T Average Quality,35.57
POSITIONAL BASE MEAN QUALITY,Read1,ReadPos 19 T Average Quality,35.55
POSITIONAL BASE MEAN QUALITY,Read1,ReadPos 20 T Average Quality,35.58
POSITIONAL BASE MEAN QUALITY,Read1,ReadPos 21 T Average Quality,35.46
POSITIONAL BASE MEAN QUALITY,Read1,ReadPos 22 T Average Quality,35.48
POSITIONAL BASE MEAN QUALITY,Read1,ReadPos 23 T Average Quality,35.57
POSITIONAL BASE MEAN QUALITY,Read1,ReadPos 24 T Average Quality,35.57
POSITIONAL BASE MEAN QUALITY,Read1,ReadPos 25 T Average Quality,35.53
POSITIONAL BASE MEAN QUALITY,Read1,ReadPos 26 T Average Quality,35.67
POSITIONAL BASE CONTENT,Read1,ReadPos 1 A Bases,124206
POSITIONAL BASE CONTENT,Read1,ReadPos 2 A Bases,126670
POSITIONAL BASE CONTENT,Read1,ReadPos 3 A Bases,125779
POSITIONAL BASE CONTENT,Read1,ReadPos 4 A Bases,128734
POSITIONAL BASE CONTENT,Read1,ReadPos 5 A Bases,127192
POSITIONAL BASE CONTENT,Read1,ReadPos 6 A Bases,128667
POSITIONAL BASE CONTENT,Read1,ReadPos 7 A Bases,127042
POSITIONAL BASE CONTENT,Read1,ReadPos 8 A Bases,126879
POSITIONAL BASE CONTENT,Read1,ReadPos 9 A Bases,127126
POSITIONAL BASE CONTENT,Read1,ReadPos 10 A Bases,127983
POSITIONAL BASE CONTENT,Read1,ReadPos 11 A Bases,128235
POSITIONAL BASE CONTENT,Read1,ReadPos 12 A Bases,127551
POSITIONAL BASE CONTENT,Read1,ReadPos 13 A Bases,129369
POSITIONAL BASE CONTENT,Read1,ReadPos 14 A Bases,132526
POSITIONAL BASE CONTENT,Read1,ReadPos 15 A Bases,144966
POSITIONAL BASE CONTENT,Read1,ReadPos 16 A Bases,148609
POSITIONAL BASE CONTENT,Read1,ReadPos 17 A Bases,163121
POSITIONAL BASE CONTENT,Read1,ReadPos 18 A Bases,142410
POSITIONAL BASE CONTENT,Read1,ReadPos 19 A Bases,143436
POSITIONAL BASE CONTENT,Read1,ReadPos 20 A Bases,159072
POSITIONAL BASE CONTENT,Read1,ReadPos 21 A Bases,162034
POSITIONAL BASE CONTENT,Read1,ReadPos 22 A Bases,147609
POSITIONAL BASE CONTENT,Read1,ReadPos 23 A Bases,144862
POSITIONAL BASE CONTENT,Read1,ReadPos 24 A Bases,151044
POSITIONAL BASE CONTENT,Read1,ReadPos 25 A Bases,159001
POSITIONAL BASE CONTENT,Read1,ReadPos 26 A Bases,157123
POSITIONAL BASE CONTENT,Read1,ReadPos 1 C Bases,141793
POSITIONAL BASE CONTENT,Read1,ReadPos 2 C Bases,141166
POSITIONAL BASE CONTENT,Read1,ReadPos 3 C Bases,138787
POSITIONAL BASE CONTENT,Read1,ReadPos 4 C Bases,137713
POSITIONAL BASE CONTENT,Read1,ReadPos 5 C Bases,136796
POSITIONAL BASE CONTENT,Read1,ReadPos 6 C Bases,136224
POSITIONAL BASE CONTENT,Read1,ReadPos 7 C Bases,137146
POSITIONAL BASE CONTENT,Read1,ReadPos 8 C Bases,136909
POSITIONAL BASE CONTENT,Read1,ReadPos 9 C Bases,136985
POSITIONAL BASE CONTENT,Read1,ReadPos 10 C Bases,136810
POSITIONAL BASE CONTENT,Read1,ReadPos 11 C Bases,134515
POSITIONAL BASE CONTENT,Read1,ReadPos 12 C Bases,134122
POSITIONAL BASE CONTENT,Read1,ReadPos 13 C Bases,132545
POSITIONAL BASE CONTENT,Read1,ReadPos 14 C Bases,130765
POSITIONAL BASE CONTENT,Read1,ReadPos 15 C Bases,154469
POSITIONAL BASE CONTENT,Read1,ReadPos 16 C Bases,156546
POSITIONAL BASE CONTENT,Read1,ReadPos 17 C Bases,141445
POSITIONAL BASE CONTENT,Read1,ReadPos 18 C Bases,153759
POSITIONAL BASE CONTENT,Read1,ReadPos 19 C Bases,144232
POSITIONAL BASE CONTENT,Read1,ReadPos 20 C Bases,153214
POSITIONAL BASE CONTENT,Read1,ReadPos 21 C Bases,141775
POSITIONAL BASE CONTENT,Read1,ReadPos 22 C Bases,140971
POSITIONAL BASE CONTENT,Read1,ReadPos 23 C Bases,154182
POSITIONAL BASE CONTENT,Read1,ReadPos 24 C Bases,153096
POSITIONAL BASE CONTENT,Read1,ReadPos 25 C Bases,141036
POSITIONAL BASE CONTENT,Read1,ReadPos 26 C Bases,131122
POSITIONAL BASE CONTENT,Read1,ReadPos 1 G Bases,167414
POSITIONAL BASE CONTENT,Read1,ReadPos 2 G Bases,167536
POSITIONAL BASE CONTENT,Read1,ReadPos 3 G Bases,167512
POSITIONAL BASE CONTENT,Read1,ReadPos 4 G Bases,166518
POSITIONAL BASE CONTENT,Read1,ReadPos 5 G Bases,168499
POSITIONAL BASE CONTENT,Read1,ReadPos 6 G Bases,168375
POSITIONAL BASE CONTENT,Read1,ReadPos 7 G Bases,168927
POSITIONAL BASE CONTENT,Read1,ReadPos 8 G Bases,168359
POSITIONAL BASE CONTENT,Read1,ReadPos 9 G Bases,169350
POSITIONAL BASE CONTENT,Read1,ReadPos 10 G Bases,168765
POSITIONAL BASE CONTENT,Read1,ReadPos 11 G Bases,169746
POSITIONAL BASE CONTENT,Read1,ReadPos 12 G Bases,171681
POSITIONAL BASE CONTENT,Read1,ReadPos 13 G Bases,170803
POSITIONAL BASE CONTENT,Read1,ReadPos 14 G Bases,171635
POSITIONAL BASE CONTENT,Read1,ReadPos 15 G Bases,137945
POSITIONAL BASE CONTENT,Read1,ReadPos 16 G Bases,136777
POSITIONAL BASE CONTENT,Read1,ReadPos 17 G Bases,141219
POSITIONAL BASE CONTENT,Read1,ReadPos 18 G Bases,141719
POSITIONAL BASE CONTENT,Read1,ReadPos 19 G Bases,155868
POSITIONAL BASE CONTENT,Read1,ReadPos 20 G Bases,139936
POSITIONAL BASE CONTENT,Read1,ReadPos 21 G Bases,137019
POSITIONAL BASE CONTENT,Read1,ReadPos 22 G Bases,140525
POSITIONAL BASE CONTENT,Read1,ReadPos 23 G Bases,153220
POSITIONAL BASE CONTENT,Read1,ReadPos 24 G Bases,146340
POSITIONAL BASE CONTENT,Read1,ReadPos 25 G Bases,133100
POSITIONAL BASE CONTENT,Read1,ReadPos 26 G Bases,129901
POSITIONAL BASE CONTENT,Read1,ReadPos 1 T Bases,166296
POSITIONAL BASE CONTENT,Read1,ReadPos 2 T Bases,164324
POSITIONAL BASE CONTENT,Read1,ReadPos 3 T Bases,167413
POSITIONAL BASE CONTENT,Read1,ReadPos 4 T Bases,166701
POSITIONAL BASE CONTENT,Read1,ReadPos 5 T Bases,167159
POSITIONAL BASE CONTENT,Read1,ReadPos 6 T Bases,166347
POSITIONAL BASE CONTENT,Read1,ReadPos 7 T Bases,166466
POSITIONAL BASE CONTENT,Read1,ReadPos 8 T Bases,167431
POSITIONAL BASE CONTENT,Read1,ReadPos 9 T Bases,166100
POSITIONAL BASE CONTENT,Read1,ReadPos 10 T Bases,165986
POSITIONAL BASE CONTENT,Read1,ReadPos 11 T Bases,167043
POSITIONAL BASE CONTENT,Read1,ReadPos 12 T Bases,166095
POSITIONAL BASE CONTENT,Read1,ReadPos 13 T Bases,166797
POSITIONAL BASE CONTENT,Read1,ReadPos 14 T Bases,164553
POSITIONAL BASE CONTENT,Read1,ReadPos 15 T Bases,162091
POSITIONAL BASE CONTENT,Read1,ReadPos 16 T Bases,157525
POSITIONAL BASE CONTENT,Read1,ReadPos 17 T Bases,153651
POSITIONAL BASE CONTENT,Read1,ReadPos 18 T Bases,161503
POSITIONAL BASE CONTENT,Read1,ReadPos 19 T Bases,155813
POSITIONAL BASE CONTENT,Read1,ReadPos 20 T Bases,146979
POSITIONAL BASE CONTENT,Read1,ReadPos 21 T Bases,158278
POSITIONAL BASE CONTENT,Read1,ReadPos 22 T Bases,169921
POSITIONAL BASE CONTENT,Read1,ReadPos 23 T Bases,146488
POSITIONAL BASE CONTENT,Read1,ReadPos 24 T Bases,147351
POSITIONAL BASE CONTENT,Read1,ReadPos 25 T Bases,159852
POSITIONAL BASE CONTENT,Read1,ReadPos 26 T Bases,134721
POSITIONAL BASE CONTENT,Read1,ReadPos 1 N Bases,2
POSITIONAL BASE CONTENT,Read1,ReadPos 2 N Bases,6
POSITIONAL BASE CONTENT,Read1,ReadPos 3 N Bases,204
POSITIONAL BASE CONTENT,Read1,ReadPos 4 N Bases,14
POSITIONAL BASE CONTENT,Read1,ReadPos 5 N Bases,0
POSITIONAL BASE CONTENT,Read1,ReadPos 6 N Bases,0
POSITIONAL BASE CONTENT,Read1,ReadPos 7 N Bases,0
POSITIONAL BASE CONTENT,Read1,ReadPos 8 N Bases,0
POSITIONAL BASE CONTENT,Read1,ReadPos 9 N Bases,0
POSITIONAL BASE CONTENT,Read1,ReadPos 10 N Bases,1
POSITIONAL BASE CONTENT,Read1,ReadPos 11 N Bases,0
POSITIONAL BASE CONTENT,Read1,ReadPos 12 N Bases,82
POSITIONAL BASE CONTENT,Read1,ReadPos 13 N Bases,0
POSITIONAL BASE CONTENT,Read1,ReadPos 14 N Bases,4
POSITIONAL BASE CONTENT,Read1,ReadPos 15 N Bases,0
POSITIONAL BASE CONTENT,Read1,ReadPos 16 N Bases,0
POSITIONAL BASE CONTENT,Read1,ReadPos 17 N Bases,0
POSITIONAL BASE CONTENT,Read1,ReadPos 18 N Bases,0
POSITIONAL BASE CONTENT,Read1,ReadPos 19 N Bases,0
POSITIONAL BASE CONTENT,Read1,ReadPos 20 N Bases,0
POSITIONAL BASE CONTENT,Read1,ReadPos 21 N Bases,0
POSITIONAL BASE CONTENT,Read1,ReadPos 22 N Bases,0
POSITIONAL BASE CONTENT,Read1,ReadPos 23 N Bases,0
POSITIONAL BASE CONTENT,Read1,ReadPos 24 N Bases,0
POSITIONAL BASE CONTENT,Read1,ReadPos 25 N Bases,0
POSITIONAL BASE CONTENT,Read1,ReadPos 26 N Bases,0
READ LENGTHS,Read1,1bp Length Reads,9
READ LENGTHS,Read1,2bp Length Reads,7
READ LENGTHS,Read1,3bp Length Reads,15
READ LENGTHS,Read1,4bp Length Reads,34
READ LENGTHS,Read1,5bp Length Reads,33
READ LENGTHS,Read1,6bp Length Reads,32
READ LENGTHS,Read1,7bp Length Reads,3
READ LENGTHS,Read1,8bp Length Reads,17
READ LENGTHS,Read1,9bp Length Reads,16
READ LENGTHS,Read1,10bp Length Reads,6
READ LENGTHS,Read1,11bp Length Reads,8
READ LENGTHS,Read1,12bp Length Reads,17
READ LENGTHS,Read1,13bp Length Reads,31
READ LENGTHS,Read1,14bp Length Reads,12
READ LENGTHS,Read1,15bp Length Reads,14
READ LENGTHS,Read1,16bp Length Reads,21
READ LENGTHS,Read1,17bp Length Reads,45
READ LENGTHS,Read1,18bp Length Reads,42
READ LENGTHS,Read1,19bp Length Reads,148
READ LENGTHS,Read1,20bp Length Reads,95
READ LENGTHS,Read1,21bp Length Reads,80
READ LENGTHS,Read1,22bp Length Reads,274
READ LENGTHS,Read1,23bp Length Reads,921
READ LENGTHS,Read1,24bp Length Reads,4842
READ LENGTHS,Read1,25bp Length Reads,40123
READ LENGTHS,Read1,26bp Length Reads,552877
READ GC CONTENT,Read1,0% GC Reads,13112
READ GC CONTENT,Read1,1% GC Reads,13112
READ GC CONTENT,Read1,2% GC Reads,13112
READ GC CONTENT,Read1,3% GC Reads,13112
READ GC CONTENT,Read1,4% GC Reads,13112
READ GC CONTENT,Read1,5% GC Reads,13112
READ GC CONTENT,Read1,6% GC Reads,111089
READ GC CONTENT,Read1,7% GC Reads,209066
READ GC CONTENT,Read1,8% GC Reads,209066
READ GC CONTENT,Read1,9% GC Reads,209066
READ GC CONTENT,Read1,10% GC Reads,320482
READ GC CONTENT,Read1,11% GC Reads,431898
READ GC CONTENT,Read1,12% GC Reads,431898
READ GC CONTENT,Read1,13% GC Reads,1142340
READ GC CONTENT,Read1,14% GC Reads,1843928
READ GC CONTENT,Read1,15% GC Reads,1879644
READ GC CONTENT,Read1,16% GC Reads,1895372
READ GC CONTENT,Read1,17% GC Reads,5457388
READ GC CONTENT,Read1,18% GC Reads,9710814
READ GC CONTENT,Read1,19% GC Reads,10488724
READ GC CONTENT,Read1,20% GC Reads,10662719
READ GC CONTENT,Read1,21% GC Reads,22020205
READ GC CONTENT,Read1,22% GC Reads,34830296
READ GC CONTENT,Read1,23% GC Reads,36312387
READ GC CONTENT,Read1,24% GC Reads,36519486
READ GC CONTENT,Read1,25% GC Reads,68338082
READ GC CONTENT,Read1,26% GC Reads,103037633
READ GC CONTENT,Read1,27% GC Reads,106618496
READ GC CONTENT,Read1,28% GC Reads,107450141
READ GC CONTENT,Read1,29% GC Reads,171966856
READ GC CONTENT,Read1,30% GC Reads,241287031
READ GC CONTENT,Read1,31% GC Reads,247300562
READ GC CONTENT,Read1,32% GC Reads,248535864
READ GC CONTENT,Read1,33% GC Reads,358412733
READ GC CONTENT,Read1,34% GC Reads,477617352
READ GC CONTENT,Read1,35% GC Reads,488308180
READ GC CONTENT,Read1,36% GC Reads,489785302
READ GC CONTENT,Read1,37% GC Reads,642278563
READ GC CONTENT,Read1,38% GC Reads,808391179
READ GC CONTENT,Read1,39% GC Reads,821919127
READ GC CONTENT,Read1,40% GC Reads,1002700646
READ GC CONTENT,Read1,41% GC Reads,1183641749
READ GC CONTENT,Read1,42% GC Reads,1196843650
READ GC CONTENT,Read1,43% GC Reads,1210437783
READ GC CONTENT,Read1,44% GC Reads,1338303540
READ GC CONTENT,Read1,45% GC Reads,1465756418
READ GC CONTENT,Read1,46% GC Reads,1472513832
READ GC CONTENT,Read1,47% GC Reads,1479219147
READ GC CONTENT,Read1,48% GC Reads,1530804442
READ GC CONTENT,Read1,49% GC Reads,1582432334
READ GC CONTENT,Read1,50% GC Reads,1582186231
READ GC CONTENT,Read1,51% GC Reads,1581940128
READ GC CONTENT,Read1,52% GC Reads,1541832622
READ GC CONTENT,Read1,53% GC Reads,1501817527
READ GC CONTENT,Read1,54% GC Reads,1495131537
READ GC CONTENT,Read1,55% GC Reads,1489041272
READ GC CONTENT,Read1,56% GC Reads,1339867281
READ GC CONTENT,Read1,57% GC Reads,1189954697
READ GC CONTENT,Read1,58% GC Reads,1175450594
READ GC CONTENT,Read1,59% GC Reads,1160695798
READ GC CONTENT,Read1,60% GC Reads,985540124
READ GC CONTENT,Read1,61% GC Reads,810273380
READ GC CONTENT,Read1,62% GC Reads,796511139
READ GC CONTENT,Read1,63% GC Reads,625876359
READ GC CONTENT,Read1,64% GC Reads,468504754
READ GC CONTENT,Read1,65% GC Reads,467102012
READ GC CONTENT,Read1,66% GC Reads,456113973
READ GC CONTENT,Read1,67% GC Reads,333645558
READ GC CONTENT,Read1,68% GC Reads,220823388
READ GC CONTENT,Read1,69% GC Reads,219971785
READ GC CONTENT,Read1,70% GC Reads,214334752
READ GC CONTENT,Read1,71% GC Reads,149370924
READ GC CONTENT,Read1,72% GC Reads,88975264
READ GC CONTENT,Read1,73% GC Reads,88417892
READ GC CONTENT,Read1,74% GC Reads,85352136
READ GC CONTENT,Read1,75% GC Reads,55033159
READ GC CONTENT,Read1,76% GC Reads,27315959
READ GC CONTENT,Read1,77% GC Reads,27181612
READ GC CONTENT,Read1,78% GC Reads,26244776
READ GC CONTENT,Read1,79% GC Reads,15965426
READ GC CONTENT,Read1,80% GC Reads,6496429
READ GC CONTENT,Read1,81% GC Reads,6384368
READ GC CONTENT,Read1,82% GC Reads,5604822
READ GC CONTENT,Read1,83% GC Reads,2877792
READ GC CONTENT,Read1,84% GC Reads,810710
READ GC CONTENT,Read1,85% GC Reads,803173
READ GC CONTENT,Read1,86% GC Reads,934900
READ GC CONTENT,Read1,87% GC Reads,827084
READ GC CONTENT,Read1,88% GC Reads,527564
READ GC CONTENT,Read1,89% GC Reads,527564
READ GC CONTENT,Read1,90% GC Reads,344390
READ GC CONTENT,Read1,91% GC Reads,161216
READ GC CONTENT,Read1,92% GC Reads,129760
READ GC CONTENT,Read1,93% GC Reads,98304
READ GC CONTENT,Read1,94% GC Reads,56032
READ GC CONTENT,Read1,95% GC Reads,13760
READ GC CONTENT,Read1,96% GC Reads,13760
READ GC CONTENT,Read1,97% GC Reads,13760
READ GC CONTENT,Read1,98% GC Reads,22280
READ GC CONTENT,Read1,99% GC Reads,30800
READ GC CONTENT,Read1,100% GC Reads,30800
READ GC CONTENT QUALITY,Read1,0% GC Reads Average Quality,33.70
READ GC CONTENT QUALITY,Read1,1% GC Reads Average Quality,33.70
READ GC CONTENT QUALITY,Read1,2% GC Reads Average Quality,33.70
READ GC CONTENT QUALITY,Read1,3% GC Reads Average Quality,33.70
READ GC CONTENT QUALITY,Read1,4% GC Reads Average Quality,33.70
READ GC CONTENT QUALITY,Read1,5% GC Reads Average Quality,33.70
READ GC CONTENT QUALITY,Read1,6% GC Reads Average Quality,33.32
READ GC CONTENT QUALITY,Read1,7% GC Reads Average Quality,33.29
READ GC CONTENT QUALITY,Read1,8% GC Reads Average Quality,33.29
READ GC CONTENT QUALITY,Read1,9% GC Reads Average Quality,33.29
READ GC CONTENT QUALITY,Read1,10% GC Reads Average Quality,32.51
READ GC CONTENT QUALITY,Read1,11% GC Reads Average Quality,32.13
READ GC CONTENT QUALITY,Read1,12% GC Reads Average Quality,32.13
READ GC CONTENT QUALITY,Read1,13% GC Reads Average Quality,33.70
READ GC CONTENT QUALITY,Read1,14% GC Reads Average Quality,34.05
READ GC CONTENT QUALITY,Read1,15% GC Reads Average Quality,34.00
READ GC CONTENT QUALITY,Read1,16% GC Reads Average Quality,33.94
READ GC CONTENT QUALITY,Read1,17% GC Reads Average Quality,34.86
READ GC CONTENT QUALITY,Read1,18% GC Reads Average Quality,35.08
READ GC CONTENT QUALITY,Read1,19% GC Reads Average Quality,35.14
READ GC CONTENT QUALITY,Read1,20% GC Reads Average Quality,35.17
READ GC CONTENT QUALITY,Read1,21% GC Reads Average Quality,35.37
READ GC CONTENT QUALITY,Read1,22% GC Reads Average Quality,35.45
READ GC CONTENT QUALITY,Read1,23% GC Reads Average Quality,35.47
READ GC CONTENT QUALITY,Read1,24% GC Reads Average Quality,35.48
READ GC CONTENT QUALITY,Read1,25% GC Reads Average Quality,35.57
READ GC CONTENT QUALITY,Read1,26% GC Reads Average Quality,35.61
READ GC CONTENT QUALITY,Read1,27% GC Reads Average Quality,35.61
READ GC CONTENT QUALITY,Read1,28% GC Reads Average Quality,35.61
READ GC CONTENT QUALITY,Read1,29% GC Reads Average Quality,35.69
READ GC CONTENT QUALITY,Read1,30% GC Reads Average Quality,35.73
READ GC CONTENT QUALITY,Read1,31% GC Reads Average Quality,35.73
READ GC CONTENT QUALITY,Read1,32% GC Reads Average Quality,35.73
READ GC CONTENT QUALITY,Read1,33% GC Reads Average Quality,35.78
READ GC CONTENT QUALITY,Read1,34% GC Reads Average Quality,35.80
READ GC CONTENT QUALITY,Read1,35% GC Reads Average Quality,35.80
READ GC CONTENT QUALITY,Read1,36% GC Reads Average Quality,35.80
READ GC CONTENT QUALITY,Read1,37% GC Reads Average Quality,35.85
READ GC CONTENT QUALITY,Read1,38% GC Reads Average Quality,35.88
READ GC CONTENT QUALITY,Read1,39% GC Reads Average Quality,35.88
READ GC CONTENT QUALITY,Read1,40% GC Reads Average Quality,35.91
READ GC CONTENT QUALITY,Read1,41% GC Reads Average Quality,35.92
READ GC CONTENT QUALITY,Read1,42% GC Reads Average Quality,35.92
READ GC CONTENT QUALITY,Read1,43% GC Reads Average Quality,35.92
READ GC CONTENT QUALITY,Read1,44% GC Reads Average Quality,35.94
READ GC CONTENT QUALITY,Read1,45% GC Reads Average Quality,35.96
READ GC CONTENT QUALITY,Read1,46% GC Reads Average Quality,35.96
READ GC CONTENT QUALITY,Read1,47% GC Reads Average Quality,35.96
READ GC CONTENT QUALITY,Read1,48% GC Reads Average Quality,35.96
READ GC CONTENT QUALITY,Read1,49% GC Reads Average Quality,35.97
READ GC CONTENT QUALITY,Read1,50% GC Reads Average Quality,35.97
READ GC CONTENT QUALITY,Read1,51% GC Reads Average Quality,35.97
READ GC CONTENT QUALITY,Read1,52% GC Reads Average Quality,35.98
READ GC CONTENT QUALITY,Read1,53% GC Reads Average Quality,35.99
READ GC CONTENT QUALITY,Read1,54% GC Reads Average Quality,35.99
READ GC CONTENT QUALITY,Read1,55% GC Reads Average Quality,36.00
READ GC CONTENT QUALITY,Read1,56% GC Reads Average Quality,36.00
READ GC CONTENT QUALITY,Read1,57% GC Reads Average Quality,36.01
READ GC CONTENT QUALITY,Read1,58% GC Reads Average Quality,36.01
READ GC CONTENT QUALITY,Read1,59% GC Reads Average Quality,36.01
READ GC CONTENT QUALITY,Read1,60% GC Reads Average Quality,36.01
READ GC CONTENT QUALITY,Read1,61% GC Reads Average Quality,36.00
READ GC CONTENT QUALITY,Read1,62% GC Reads Average Quality,36.00
READ GC CONTENT QUALITY,Read1,63% GC Reads Average Quality,36.01
READ GC CONTENT QUALITY,Read1,64% GC Reads Average Quality,36.02
READ GC CONTENT QUALITY,Read1,65% GC Reads Average Quality,36.02
READ GC CONTENT QUALITY,Read1,66% GC Reads Average Quality,36.02
READ GC CONTENT QUALITY,Read1,67% GC Reads Average Quality,36.00
READ GC CONTENT QUALITY,Read1,68% GC Reads Average Quality,35.99
READ GC CONTENT QUALITY,Read1,69% GC Reads Average Quality,35.99
READ GC CONTENT QUALITY,Read1,70% GC Reads Average Quality,35.99
READ GC CONTENT QUALITY,Read1,71% GC Reads Average Quality,35.98
READ GC CONTENT QUALITY,Read1,72% GC Reads Average Quality,35.97
READ GC CONTENT QUALITY,Read1,73% GC Reads Average Quality,35.97
READ GC CONTENT QUALITY,Read1,74% GC Reads Average Quality,35.97
READ GC CONTENT QUALITY,Read1,75% GC Reads Average Quality,35.94
READ GC CONTENT QUALITY,Read1,76% GC Reads Average Quality,35.89
READ GC CONTENT QUALITY,Read1,77% GC Reads Average Quality,35.89
READ GC CONTENT QUALITY,Read1,78% GC Reads Average Quality,35.88
READ GC CONTENT QUALITY,Read1,79% GC Reads Average Quality,35.83
READ GC CONTENT QUALITY,Read1,80% GC Reads Average Quality,35.63
READ GC CONTENT QUALITY,Read1,81% GC Reads Average Quality,35.63
READ GC CONTENT QUALITY,Read1,82% GC Reads Average Quality,35.60
READ GC CONTENT QUALITY,Read1,83% GC Reads Average Quality,35.40
READ GC CONTENT QUALITY,Read1,84% GC Reads Average Quality,34.50
READ GC CONTENT QUALITY,Read1,85% GC Reads Average Quality,34.49
READ GC CONTENT QUALITY,Read1,86% GC Reads Average Quality,34.65
READ GC CONTENT QUALITY,Read1,87% GC Reads Average Quality,34.41
READ GC CONTENT QUALITY,Read1,88% GC Reads Average Quality,33.48
READ GC CONTENT QUALITY,Read1,89% GC Reads Average Quality,33.48
READ GC CONTENT QUALITY,Read1,90% GC Reads Average Quality,33.24
READ GC CONTENT QUALITY,Read1,91% GC Reads Average Quality,32.47
READ GC CONTENT QUALITY,Read1,92% GC Reads Average Quality,31.57
READ GC CONTENT QUALITY,Read1,93% GC Reads Average Quality,30.09
READ GC CONTENT QUALITY,Read1,94% GC Reads Average Quality,30.80
READ GC CONTENT QUALITY,Read1,95% GC Reads Average Quality,35.86
READ GC CONTENT QUALITY,Read1,96% GC Reads Average Quality,35.86
READ GC CONTENT QUALITY,Read1,97% GC Reads Average Quality,35.86
READ GC CONTENT QUALITY,Read1,98% GC Reads Average Quality,30.18
READ GC CONTENT QUALITY,Read1,99% GC Reads Average Quality,27.64
READ GC CONTENT QUALITY,Read1,100% GC Reads Average Quality,27.64
SEQUENCE POSITIONS,Read1,'AGATCGGAAGAG' Total Sequence Starts,0,0.00
SEQUENCE POSITIONS,Read1,'TGGAATTCTCGG' Total Sequence Starts,0,0.00
SEQUENCE POSITIONS,Read1,'GATCGTCGGACT' Total Sequence Starts,0,0.00
SEQUENCE POSITIONS,Read1,'CTGTCTCTTATA' Total Sequence Starts,0,0.00
POSITIONAL QUALITY,Read1,ReadPos 1 1% Quantile QV,11
POSITIONAL QUALITY,Read1,ReadPos 1 2% Quantile QV,11
POSITIONAL QUALITY,Read1,ReadPos 1 5% Quantile QV,25
POSITIONAL QUALITY,Read1,ReadPos 1 10% Quantile QV,37
POSITIONAL QUALITY,Read1,ReadPos 1 25% Quantile QV,37
POSITIONAL QUALITY,Read1,ReadPos 1 50% Quantile QV,37
POSITIONAL QUALITY,Read1,ReadPos 1 75% Quantile QV,37
POSITIONAL QUALITY,Read1,ReadPos 1 90% Quantile QV,37
POSITIONAL QUALITY,Read1,ReadPos 1 95% Quantile QV,37
POSITIONAL QUALITY,Read1,ReadPos 1 98% Quantile QV,37
POSITIONAL QUALITY,Read1,ReadPos 1 99% Quantile QV,37
POSITIONAL QUALITY,Read1,ReadPos 2 1% Quantile QV,11
POSITIONAL QUALITY,Read1,ReadPos 2 2% Quantile QV,11
POSITIONAL QUALITY,Read1,ReadPos 2 5% Quantile QV,25
POSITIONAL QUALITY,Read1,ReadPos 2 10% Quantile QV,37
POSITIONAL QUALITY,Read1,ReadPos 2 25% Quantile QV,37
POSITIONAL QUALITY,Read1,ReadPos 2 50% Quantile QV,37
POSITIONAL QUALITY,Read1,ReadPos 2 75% Quantile QV,37
POSITIONAL QUALITY,Read1,ReadPos 2 90% Quantile QV,37
POSITIONAL QUALITY,Read1,ReadPos 2 95% Quantile QV,37
POSITIONAL QUALITY,Read1,ReadPos 2 98% Quantile QV,37
POSITIONAL QUALITY,Read1,ReadPos 2 99% Quantile QV,37
POSITIONAL QUALITY,Read1,ReadPos 3 1% Quantile QV,11
POSITIONAL QUALITY,Read1,ReadPos 3 2% Quantile QV,11
POSITIONAL QUALITY,Read1,ReadPos 3 5% Quantile QV,25
POSITIONAL QUALITY,Read1,ReadPos 3 10% Quantile QV,37
POSITIONAL QUALITY,Read1,ReadPos 3 25% Quantile QV,37
POSITIONAL QUALITY,Read1,ReadPos 3 50% Quantile QV,37
POSITIONAL QUALITY,Read1,ReadPos 3 75% Quantile QV,37
POSITIONAL QUALITY,Read1,ReadPos 3 90% Quantile QV,37
POSITIONAL QUALITY,Read1,ReadPos 3 95% Quantile QV,37
POSITIONAL QUALITY,Read1,ReadPos 3 98% Quantile QV,37
POSITIONAL QUALITY,Read1,ReadPos 3 99% Quantile QV,37
POSITIONAL QUALITY,Read1,ReadPos 4 1% Quantile QV,11
POSITIONAL QUALITY,Read1,ReadPos 4 2% Quantile QV,11
POSITIONAL QUALITY,Read1,ReadPos 4 5% Quantile QV,25
POSITIONAL QUALITY,Read1,ReadPos 4 10% Quantile QV,37
POSITIONAL QUALITY,Read1,ReadPos 4 25% Quantile QV,37
POSITIONAL QUALITY,Read1,ReadPos 4 50% Quantile QV,37
POSITIONAL QUALITY,Read1,ReadPos 4 75% Quantile QV,37
POSITIONAL QUALITY,Read1,ReadPos 4 90% Quantile QV,37
POSITIONAL QUALITY,Read1,ReadPos 4 95% Quantile QV,37
POSITIONAL QUALITY,Read1,ReadPos 4 98% Quantile QV,37
POSITIONAL QUALITY,Read1,ReadPos 4 99% Quantile QV,37
POSITIONAL QUALITY,Read1,ReadPos 5 1% Quantile QV,11
POSITIONAL QUALITY,Read1,ReadPos 5 2% Quantile QV,11
POSITIONAL QUALITY,Read1,ReadPos 5 5% Quantile QV,25
POSITIONAL QUALITY,Read1,ReadPos 5 10% Quantile QV,37
POSITIONAL QUALITY,Read1,ReadPos 5 25% Quantile QV,37
POSITIONAL QUALITY,Read1,ReadPos 5 50% Quantile QV,37
POSITIONAL QUALITY,Read1,ReadPos 5 75% Quantile QV,37
POSITIONAL QUALITY,Read1,ReadPos 5 90% Quantile QV,37
POSITIONAL QUALITY,Read1,ReadPos 5 95% Quantile QV,37
POSITIONAL QUALITY,Read1,ReadPos 5 98% Quantile QV,37
POSITIONAL QUALITY,Read1,ReadPos 5 99% Quantile QV,37
POSITIONAL QUALITY,Read1,ReadPos 6 1% Quantile QV,11
POSITIONAL QUALITY,Read1,ReadPos 6 2% Quantile QV,11
POSITIONAL QUALITY,Read1,ReadPos 6 5% Quantile QV,25
POSITIONAL QUALITY,Read1,ReadPos 6 10% Quantile QV,37
POSITIONAL QUALITY,Read1,ReadPos 6 25% Quantile QV,37
POSITIONAL QUALITY,Read1,ReadPos 6 50% Quantile QV,37
POSITIONAL QUALITY,Read1,ReadPos 6 75% Quantile QV,37
POSITIONAL QUALITY,Read1,ReadPos 6 90% Quantile QV,37
POSITIONAL QUALITY,Read1,ReadPos 6 95% Quantile QV,37
POSITIONAL QUALITY,Read1,ReadPos 6 98% Quantile QV,37
POSITIONAL QUALITY,Read1,ReadPos 6 99% Quantile QV,37
POSITIONAL QUALITY,Read1,ReadPos 7 1% Quantile QV,11
POSITIONAL QUALITY,Read1,ReadPos 7 2% Quantile QV,11
POSITIONAL QUALITY,Read1,ReadPos 7 5% Quantile QV,25
POSITIONAL QUALITY,Read1,ReadPos 7 10% Quantile QV,37
POSITIONAL QUALITY,Read1,ReadPos 7 25% Quantile QV,37
POSITIONAL QUALITY,Read1,ReadPos 7 50% Quantile QV,37
POSITIONAL QUALITY,Read1,ReadPos 7 75% Quantile QV,37
POSITIONAL QUALITY,Read1,ReadPos 7 90% Quantile QV,37
POSITIONAL QUALITY,Read1,ReadPos 7 95% Quantile QV,37
POSITIONAL QUALITY,Read1,ReadPos 7 98% Quantile QV,37
POSITIONAL QUALITY,Read1,ReadPos 7 99% Quantile QV,37
POSITIONAL QUALITY,Read1,ReadPos 8 1% Quantile QV,11
POSITIONAL QUALITY,Read1,ReadPos 8 2% Quantile QV,11
POSITIONAL QUALITY,Read1,ReadPos 8 5% Quantile QV,25
POSITIONAL QUALITY,Read1,ReadPos 8 10% Quantile QV,37
POSITIONAL QUALITY,Read1,ReadPos 8 25% Quantile QV,37
POSITIONAL QUALITY,Read1,ReadPos 8 50% Quantile QV,37
POSITIONAL QUALITY,Read1,ReadPos 8 75% Quantile QV,37
POSITIONAL QUALITY,Read1,ReadPos 8 90% Quantile QV,37
POSITIONAL QUALITY,Read1,ReadPos 8 95% Quantile QV,37
POSITIONAL QUALITY,Read1,ReadPos 8 98% Quantile QV,37
POSITIONAL QUALITY,Read1,ReadPos 8 99% Quantile QV,37
POSITIONAL QUALITY,Read1,ReadPos 9 1% Quantile QV,11
POSITIONAL QUALITY,Read1,ReadPos 9 2% Quantile QV,11
POSITIONAL QUALITY,Read1,ReadPos 9 5% Quantile QV,25
POSITIONAL QUALITY,Read1,ReadPos 9 10% Quantile QV,37
POSITIONAL QUALITY,Read1,ReadPos 9 25% Quantile QV,37
POSITIONAL QUALITY,Read1,ReadPos 9 50% Quantile QV,37
POSITIONAL QUALITY,Read1,ReadPos 9 75% Quantile QV,37
POSITIONAL QUALITY,Read1,ReadPos 9 90% Quantile QV,37
POSITIONAL QUALITY,Read1,ReadPos 9 95% Quantile QV,37
POSITIONAL QUALITY,Read1,ReadPos 9 98% Quantile QV,37
POSITIONAL QUALITY,Read1,ReadPos 9 99% Quantile QV,37
POSITIONAL QUALITY,Read1,ReadPos 10 1% Quantile QV,11
POSITIONAL QUALITY,Read1,ReadPos 10 2% Quantile QV,11
POSITIONAL QUALITY,Read1,ReadPos 10 5% Quantile QV,25
POSITIONAL QUALITY,Read1,ReadPos 10 10% Quantile QV,37
POSITIONAL QUALITY,Read1,ReadPos 10 25% Quantile QV,37
POSITIONAL QUALITY,Read1,ReadPos 10 50% Quantile QV,37
POSITIONAL QUALITY,Read1,ReadPos 10 75% Quantile QV,37
POSITIONAL QUALITY,Read1,ReadPos 10 90% Quantile QV,37
POSITIONAL QUALITY,Read1,ReadPos 10 95% Quantile QV,37
POSITIONAL QUALITY,Read1,ReadPos 10 98% Quantile QV,37
POSITIONAL QUALITY,Read1,ReadPos 10 99% Quantile QV,37
POSITIONAL QUALITY,Read1,ReadPos 11 1% Quantile QV,11
POSITIONAL QUALITY,Read1,ReadPos 11 2% Quantile QV,11
POSITIONAL QUALITY,Read1,ReadPos 11 5% Quantile QV,25
POSITIONAL QUALITY,Read1,ReadPos 11 10% Quantile QV,37
POSITIONAL QUALITY,Read1,ReadPos 11 25% Quantile QV,37
POSITIONAL QUALITY,Read1,ReadPos 11 50% Quantile QV,37
POSITIONAL QUALITY,Read1,ReadPos 11 75% Quantile QV,37
POSITIONAL QUALITY,Read1,ReadPos 11 90% Quantile QV,37
POSITIONAL QUALITY,Read1,ReadPos 11 95% Quantile QV,37
POSITIONAL QUALITY,Read1,ReadPos 11 98% Quantile QV,37
POSITIONAL QUALITY,Read1,ReadPos 11 99% Quantile QV,37
POSITIONAL QUALITY,Read1,ReadPos 12 1% Quantile QV,11
POSITIONAL QUALITY,Read1,ReadPos 12 2% Quantile QV,11
POSITIONAL QUALITY,Read1,ReadPos 12 5% Quantile QV,25
POSITIONAL QUALITY,Read1,ReadPos 12 10% Quantile QV,37
POSITIONAL QUALITY,Read1,ReadPos 12 25% Quantile QV,37
POSITIONAL QUALITY,Read1,ReadPos 12 50% Quantile QV,37
POSITIONAL QUALITY,Read1,ReadPos 12 75% Quantile QV,37
POSITIONAL QUALITY,Read1,ReadPos 12 90% Quantile QV,37
POSITIONAL QUALITY,Read1,ReadPos 12 95% Quantile QV,37
POSITIONAL QUALITY,Read1,ReadPos 12 98% Quantile QV,37
POSITIONAL QUALITY,Read1,ReadPos 12 99% Quantile QV,37
POSITIONAL QUALITY,Read1,ReadPos 13 1% Quantile QV,11
POSITIONAL QUALITY,Read1,ReadPos 13 2% Quantile QV,11
POSITIONAL QUALITY,Read1,ReadPos 13 5% Quantile QV,25
POSITIONAL QUALITY,Read1,ReadPos 13 10% Quantile QV,37
POSITIONAL QUALITY,Read1,ReadPos 13 25% Quantile QV,37
POSITIONAL QUALITY,Read1,ReadPos 13 50% Quantile QV,37
POSITIONAL QUALITY,Read1,ReadPos 13 75% Quantile QV,37
POSITIONAL QUALITY,Read1,ReadPos 13 90% Quantile QV,37
POSITIONAL QUALITY,Read1,ReadPos 13 95% Quantile QV,37
POSITIONAL QUALITY,Read1,ReadPos 13 98% Quantile QV,37
POSITIONAL QUALITY,Read1,ReadPos 13 99% Quantile QV,37
POSITIONAL QUALITY,Read1,ReadPos 14 1% Quantile QV,11
POSITIONAL QUALITY,Read1,ReadPos 14 2% Quantile QV,11
POSITIONAL QUALITY,Read1,ReadPos 14 5% Quantile QV,25
POSITIONAL QUALITY,Read1,ReadPos 14 10% Quantile QV,37
POSITIONAL QUALITY,Read1,ReadPos 14 25% Quantile QV,37
POSITIONAL QUALITY,Read1,ReadPos 14 50% Quantile QV,37
POSITIONAL QUALITY,Read1,ReadPos 14 75% Quantile QV,37
POSITIONAL QUALITY,Read1,ReadPos 14 90% Quantile QV,37
POSITIONAL QUALITY,Read1,ReadPos 14 95% Quantile QV,37
POSITIONAL QUALITY,Read1,ReadPos 14 98% Quantile QV,37
POSITIONAL QUALITY,Read1,ReadPos 14 99% Quantile QV,37
POSITIONAL QUALITY,Read1,ReadPos 15 1% Quantile QV,11
POSITIONAL QUALITY,Read1,ReadPos 15 2% Quantile QV,11
POSITIONAL QUALITY,Read1,ReadPos 15 5% Quantile QV,25
POSITIONAL QUALITY,Read1,ReadPos 15 10% Quantile QV,37
POSITIONAL QUALITY,Read1,ReadPos 15 25% Quantile QV,37
POSITIONAL QUALITY,Read1,ReadPos 15 50% Quantile QV,37
POSITIONAL QUALITY,Read1,ReadPos 15 75% Quantile QV,37
POSITIONAL QUALITY,Read1,ReadPos 15 90% Quantile QV,37
POSITIONAL QUALITY,Read1,ReadPos 15 95% Quantile QV,37
POSITIONAL QUALITY,Read1,ReadPos 15 98% Quantile QV,37
POSITIONAL QUALITY,Read1,ReadPos 15 99% Quantile QV,37
POSITIONAL QUALITY,Read1,ReadPos 16 1% Quantile QV,11
POSITIONAL QUALITY,Read1,ReadPos 16 2% Quantile QV,11
POSITIONAL QUALITY,Read1,ReadPos 16 5% Quantile QV,25
POSITIONAL QUALITY,Read1,ReadPos 16 10% Quantile QV,37
POSITIONAL QUALITY,Read1,ReadPos 16 25% Quantile QV,37
POSITIONAL QUALITY,Read1,ReadPos 16 50% Quantile QV,37
POSITIONAL QUALITY,Read1,ReadPos 16 75% Quantile QV,37
POSITIONAL QUALITY,Read1,ReadPos 16 90% Quantile QV,37
POSITIONAL QUALITY,Read1,ReadPos 16 95% Quantile QV,37
POSITIONAL QUALITY,Read1,ReadPos 16 98% Quantile QV,37
POSITIONAL QUALITY,Read1,ReadPos 16 99% Quantile QV,37
POSITIONAL QUALITY,Read1,ReadPos 17 1% Quantile QV,11
POSITIONAL QUALITY,Read1,ReadPos 17 2% Quantile QV,11
POSITIONAL QUALITY,Read1,ReadPos 17 5% Quantile QV,25
POSITIONAL QUALITY,Read1,ReadPos 17 10% Quantile QV,37
POSITIONAL QUALITY,Read1,ReadPos 17 25% Quantile QV,37
POSITIONAL QUALITY,Read1,ReadPos 17 50% Quantile QV,37
POSITIONAL QUALITY,Read1,ReadPos 17 75% Quantile QV,37
POSITIONAL QUALITY,Read1,ReadPos 17 90% Quantile QV,37
POSITIONAL QUALITY,Read1,ReadPos 17 95% Quantile QV,37
POSITIONAL QUALITY,Read1,ReadPos 17 98% Quantile QV,37
POSITIONAL QUALITY,Read1,ReadPos 17 99% Quantile QV,37
POSITIONAL QUALITY,Read1,ReadPos 18 1% Quantile QV,11
POSITIONAL QUALITY,Read1,ReadPos 18 2% Quantile QV,11
POSITIONAL QUALITY,Read1,ReadPos 18 5% Quantile QV,25
POSITIONAL QUALITY,Read1,ReadPos 18 10% Quantile QV,37
POSITIONAL QUALITY,Read1,ReadPos 18 25% Quantile QV,37
POSITIONAL QUALITY,Read1,ReadPos 18 50% Quantile QV,37
POSITIONAL QUALITY,Read1,ReadPos 18 75% Quantile QV,37
POSITIONAL QUALITY,Read1,ReadPos 18 90% Quantile QV,37
POSITIONAL QUALITY,Read1,ReadPos 18 95% Quantile QV,37
POSITIONAL QUALITY,Read1,ReadPos 18 98% Quantile QV,37
POSITIONAL QUALITY,Read1,ReadPos 18 99% Quantile QV,37
POSITIONAL QUALITY,Read1,ReadPos 19 1% Quantile QV,11
POSITIONAL QUALITY,Read1,ReadPos 19 2% Quantile QV,11
POSITIONAL QUALITY,Read1,ReadPos 19 5% Quantile QV,25
POSITIONAL QUALITY,Read1,ReadPos 19 10% Quantile QV,37
POSITIONAL QUALITY,Read1,ReadPos 19 25% Quantile QV,37
POSITIONAL QUALITY,Read1,ReadPos 19 50% Quantile QV,37
POSITIONAL QUALITY,Read1,ReadPos 19 75% Quantile QV,37
POSITIONAL QUALITY,Read1,ReadPos 19 90% Quantile QV,37
POSITIONAL QUALITY,Read1,ReadPos 19 95% Quantile QV,37
POSITIONAL QUALITY,Read1,ReadPos 19 98% Quantile QV,37
POSITIONAL QUALITY,Read1,ReadPos 19 99% Quantile QV,37
POSITIONAL QUALITY,Read1,ReadPos 20 1% Quantile QV,11
POSITIONAL QUALITY,Read1,ReadPos 20 2% Quantile QV,11
POSITIONAL QUALITY,Read1,ReadPos 20 5% Quantile QV,25
POSITIONAL QUALITY,Read1,ReadPos 20 10% Quantile QV,37
POSITIONAL QUALITY,Read1,ReadPos 20 25% Quantile QV,37
POSITIONAL QUALITY,Read1,ReadPos 20 50% Quantile QV,37
POSITIONAL QUALITY,Read1,ReadPos 20 75% Quantile QV,37
POSITIONAL QUALITY,Read1,ReadPos 20 90% Quantile QV,37
POSITIONAL QUALITY,Read1,ReadPos 20 95% Quantile QV,37
POSITIONAL QUALITY,Read1,ReadPos 20 98% Quantile QV,37
POSITIONAL QUALITY,Read1,ReadPos 20 99% Quantile QV,37
POSITIONAL QUALITY,Read1,ReadPos 21 1% Quantile QV,11
POSITIONAL QUALITY,Read1,ReadPos 21 2% Quantile QV,11
POSITIONAL QUALITY,Read1,ReadPos 21 5% Quantile QV,25
POSITIONAL QUALITY,Read1,ReadPos 21 10% Quantile QV,37
POSITIONAL QUALITY,Read1,ReadPos 21 25% Quantile QV,37
POSITIONAL QUALITY,Read1,ReadPos 21 50% Quantile QV,37
POSITIONAL QUALITY,Read1,ReadPos 21 75% Quantile QV,37
POSITIONAL QUALITY,Read1,ReadPos 21 90% Quantile QV,37
POSITIONAL QUALITY,Read1,ReadPos 21 95% Quantile QV,37
POSITIONAL QUALITY,Read1,ReadPos 21 98% Quantile QV,37
POSITIONAL QUALITY,Read1,ReadPos 21 99% Quantile QV,37
POSITIONAL QUALITY,Read1,ReadPos 22 1% Quantile QV,11
POSITIONAL QUALITY,Read1,ReadPos 22 2% Quantile QV,11
POSITIONAL QUALITY,Read1,ReadPos 22 5% Quantile QV,25
POSITIONAL QUALITY,Read1,ReadPos 22 10% Quantile QV,37
POSITIONAL QUALITY,Read1,ReadPos 22 25% Quantile QV,37
POSITIONAL QUALITY,Read1,ReadPos 22 50% Quantile QV,37
POSITIONAL QUALITY,Read1,ReadPos 22 75% Quantile QV,37
POSITIONAL QUALITY,Read1,ReadPos 22 90% Quantile QV,37
POSITIONAL QUALITY,Read1,ReadPos 22 95% Quantile QV,37
POSITIONAL QUALITY,Read1,ReadPos 22 98% Quantile QV,37
POSITIONAL QUALITY,Read1,ReadPos 22 99% Quantile QV,37
POSITIONAL QUALITY,Read1,ReadPos 23 1% Quantile QV,11
POSITIONAL QUALITY,Read1,ReadPos 23 2% Quantile QV,11
POSITIONAL QUALITY,Read1,ReadPos 23 5% Quantile QV,25
POSITIONAL QUALITY,Read1,ReadPos 23 10% Quantile QV,37
POSITIONAL QUALITY,Read1,ReadPos 23 25% Quantile QV,37
POSITIONAL QUALITY,Read1,ReadPos 23 50% Quantile QV,37
POSITIONAL QUALITY,Read1,ReadPos 23 75% Quantile QV,37
POSITIONAL QUALITY,Read1,ReadPos 23 90% Quantile QV,37
POSITIONAL QUALITY,Read1,ReadPos 23 95% Quantile QV,37
POSITIONAL QUALITY,Read1,ReadPos 23 98% Quantile QV,37
POSITIONAL QUALITY,Read1,ReadPos 23 99% Quantile QV,37
POSITIONAL QUALITY,Read1,ReadPos 24 1% Quantile QV,11
POSITIONAL QUALITY,Read1,ReadPos 24 2% Quantile QV,11
POSITIONAL QUALITY,Read1,ReadPos 24 5% Quantile QV,25
POSITIONAL QUALITY,Read1,ReadPos 24 10% Quantile QV,37
POSITIONAL QUALITY,Read1,ReadPos 24 25% Quantile QV,37
POSITIONAL QUALITY,Read1,ReadPos 24 50% Quantile QV,37
POSITIONAL QUALITY,Read1,ReadPos 24 75% Quantile QV,37
POSITIONAL QUALITY,Read1,ReadPos 24 90% Quantile QV,37
POSITIONAL QUALITY,Read1,ReadPos 24 95% Quantile QV,37
POSITIONAL QUALITY,Read1,ReadPos 24 98% Quantile QV,37
POSITIONAL QUALITY,Read1,ReadPos 24 99% Quantile QV,37
POSITIONAL QUALITY,Read1,ReadPos 25 1% Quantile QV,11
POSITIONAL QUALITY,Read1,ReadPos 25 2% Quantile QV,11
POSITIONAL QUALITY,Read1,ReadPos 25 5% Quantile QV,25
POSITIONAL QUALITY,Read1,ReadPos 25 10% Quantile QV,37
POSITIONAL QUALITY,Read1,ReadPos 25 25% Quantile QV,37
POSITIONAL QUALITY,Read1,ReadPos 25 50% Quantile QV,37
POSITIONAL QUALITY,Read1,ReadPos 25 75% Quantile QV,37
POSITIONAL QUALITY,Read1,ReadPos 25 90% Quantile QV,37
POSITIONAL QUALITY,Read1,ReadPos 25 95% Quantile QV,37
POSITIONAL QUALITY,Read1,ReadPos 25 98% Quantile QV,37
POSITIONAL QUALITY,Read1,ReadPos 25 99% Quantile QV,37
POSITIONAL QUALITY,Read1,ReadPos 26 1% Quantile QV,11
POSITIONAL QUALITY,Read1,ReadPos 26 2% Quantile QV,11
POSITIONAL QUALITY,Read1,ReadPos 26 5% Quantile QV,25
POSITIONAL QUALITY,Read1,ReadPos 26 10% Quantile QV,37
POSITIONAL QUALITY,Read1,ReadPos 26 25% Quantile QV,37
POSITIONAL QUALITY,Read1,ReadPos 26 50% Quantile QV,37
POSITIONAL QUALITY,Read1,ReadPos 26 75% Quantile QV,37
POSITIONAL QUALITY,Read1,ReadPos 26 90% Quantile QV,37
POSITIONAL QUALITY,Read1,ReadPos 26 95% Quantile QV,37
POSITIONAL QUALITY,Read1,ReadPos 26 98% Quantile QV,37
POSITIONAL QUALITY,Read1,ReadPos 26 99% Quantile QV,37
READ MEAN QUALITY,Read2,Q9 Reads,1
READ MEAN QUALITY,Read2,Q10 Reads,3
READ MEAN QUALITY,Read2,Q11 Reads,4
READ MEAN QUALITY,Read2,Q12 Reads,1
READ MEAN QUALITY,Read2,Q13 Reads,7
READ MEAN QUALITY,Read2,Q14 Reads,7
READ MEAN QUALITY,Read2,Q15 Reads,3
READ MEAN QUALITY,Read2,Q16 Reads,15
READ MEAN QUALITY,Read2,Q17 Reads,25
READ MEAN QUALITY,Read2,Q18 Reads,44
READ MEAN QUALITY,Read2,Q19 Reads,66
READ MEAN QUALITY,Read2,Q20 Reads,113
READ MEAN QUALITY,Read2,Q21 Reads,211
READ MEAN QUALITY,Read2,Q22 Reads,336
READ MEAN QUALITY,Read2,Q23 Reads,512
READ MEAN QUALITY,Read2,Q24 Reads,834
READ MEAN QUALITY,Read2,Q25 Reads,1322
READ MEAN QUALITY,Read2,Q26 Reads,1978
READ MEAN QUALITY,Read2,Q27 Reads,2948
READ MEAN QUALITY,Read2,Q28 Reads,4127
READ MEAN QUALITY,Read2,Q29 Reads,5781
READ MEAN QUALITY,Read2,Q30 Reads,7795
READ MEAN QUALITY,Read2,Q31 Reads,10011
READ MEAN QUALITY,Read2,Q32 Reads,12714
READ MEAN QUALITY,Read2,Q33 Reads,17156
READ MEAN QUALITY,Read2,Q34 Reads,23581
READ MEAN QUALITY,Read2,Q35 Reads,41781
READ MEAN QUALITY,Read2,Q36 Reads,99819
READ MEAN QUALITY,Read2,Q37 Reads,368478
POSITIONAL BASE MEAN QUALITY,Read2,ReadPos 1 A Average Quality,35.86
POSITIONAL BASE MEAN QUALITY,Read2,ReadPos 2 A Average Quality,35.87
POSITIONAL BASE MEAN QUALITY,Read2,ReadPos 3 A Average Quality,35.94
POSITIONAL BASE MEAN QUALITY,Read2,ReadPos 4 A Average Quality,35.86
POSITIONAL BASE MEAN QUALITY,Read2,ReadPos 5 A Average Quality,35.72
POSITIONAL BASE MEAN QUALITY,Read2,ReadPos 6 A Average Quality,35.86
POSITIONAL BASE MEAN QUALITY,Read2,ReadPos 7 A Average Quality,35.84
POSITIONAL BASE MEAN QUALITY,Read2,ReadPos 8 A Average Quality,35.92
POSITIONAL BASE MEAN QUALITY,Read2,ReadPos 9 A Average Quality,35.82
POSITIONAL BASE MEAN QUALITY,Read2,ReadPos 10 A Average Quality,35.90
POSITIONAL BASE MEAN QUALITY,Read2,ReadPos 11 A Average Quality,35.90
POSITIONAL BASE MEAN QUALITY,Read2,ReadPos 12 A Average Quality,35.89
POSITIONAL BASE MEAN QUALITY,Read2,ReadPos 13 A Average Quality,35.75
POSITIONAL BASE MEAN QUALITY,Read2,ReadPos 14 A Average Quality,35.80
POSITIONAL BASE MEAN QUALITY,Read2,ReadPos 15 A Average Quality,35.69
POSITIONAL BASE MEAN QUALITY,Read2,ReadPos 16 A Average Quality,35.72
POSITIONAL BASE MEAN QUALITY,Read2,ReadPos 17 A Average Quality,35.81
POSITIONAL BASE MEAN QUALITY,Read2,ReadPos 18 A Average Quality,35.64
POSITIONAL BASE MEAN QUALITY,Read2,ReadPos 19 A Average Quality,35.65
POSITIONAL BASE MEAN QUALITY,Read2,ReadPos 20 A Average Quality,35.62
POSITIONAL BASE MEAN QUALITY,Read2,ReadPos 21 A Average Quality,35.65
POSITIONAL BASE MEAN QUALITY,Read2,ReadPos 22 A Average Quality,35.67
POSITIONAL BASE MEAN QUALITY,Read2,ReadPos 23 A Average Quality,35.62
POSITIONAL BASE MEAN QUALITY,Read2,ReadPos 24 A Average Quality,35.68
POSITIONAL BASE MEAN QUALITY,Read2,ReadPos 25 A Average Quality,35.71
POSITIONAL BASE MEAN QUALITY,Read2,ReadPos 26 A Average Quality,35.59
POSITIONAL BASE MEAN QUALITY,Read2,ReadPos 1 C Average Quality,35.80
POSITIONAL BASE MEAN QUALITY,Read2,ReadPos 2 C Average Quality,35.74
POSITIONAL BASE MEAN QUALITY,Read2,ReadPos 3 C Average Quality,36.05
POSITIONAL BASE MEAN QUALITY,Read2,ReadPos 4 C Average Quality,36.03
POSITIONAL BASE MEAN QUALITY,Read2,ReadPos 5 C Average Quality,36.00
POSITIONAL BASE MEAN QUALITY,Read2,ReadPos 6 C Average Quality,36.01
POSITIONAL BASE MEAN QUALITY,Read2,ReadPos 7 C Average Quality,36.07
POSITIONAL BASE MEAN QUALITY,Read2,ReadPos 8 C Average Quality,36.10
POSITIONAL BASE MEAN QUALITY,Read2,ReadPos 9 C Average Quality,36.03
POSITIONAL BASE MEAN QUALITY,Read2,ReadPos 10 C Average Quality,36.10
POSITIONAL BASE MEAN QUALITY,Read2,ReadPos 11 C Average Quality,36.09
POSITIONAL BASE MEAN QUALITY,Read2,ReadPos 12 C Average Quality,36.09
POSITIONAL BASE MEAN QUALITY,Read2,ReadPos 13 C Average Quality,36.05
POSITIONAL BASE MEAN QUALITY,Read2,ReadPos 14 C Average Quality,36.06
POSITIONAL BASE MEAN QUALITY,Read2,ReadPos 15 C Average Quality,35.94
POSITIONAL BASE MEAN QUALITY,Read2,ReadPos 16 C Average Quality,35.95
POSITIONAL BASE MEAN QUALITY,Read2,ReadPos 17 C Average Quality,36.04
POSITIONAL BASE MEAN QUALITY,Read2,ReadPos 18 C Average Quality,35.97
POSITIONAL BASE MEAN QUALITY,Read2,ReadPos 19 C Average Quality,35.93
POSITIONAL BASE MEAN QUALITY,Read2,ReadPos 20 C Average Quality,35.94
POSITIONAL BASE MEAN QUALITY,Read2,ReadPos 21 C Average Quality,35.96
POSITIONAL BASE MEAN QUALITY,Read2,ReadPos 22 C Average Quality,35.93
POSITIONAL BASE MEAN QUALITY,Read2,ReadPos 23 C Average Quality,35.99
POSITIONAL BASE MEAN QUALITY,Read2,ReadPos 24 C Average Quality,35.98
POSITIONAL BASE MEAN QUALITY,Read2,ReadPos 25 C Average Quality,35.99
POSITIONAL BASE MEAN QUALITY,Read2,ReadPos 26 C Average Quality,36.04
POSITIONAL BASE MEAN QUALITY,Read2,ReadPos 1 G Average Quality,34.55
POSITIONAL BASE MEAN QUALITY,Read2,ReadPos 2 G Average Quality,35.29
POSITIONAL BASE MEAN QUALITY,Read2,ReadPos 3 G Average Quality,35.49
POSITIONAL BASE MEAN QUALITY,Read2,ReadPos 4 G Average Quality,35.69
POSITIONAL BASE MEAN QUALITY,Read2,ReadPos 5 G Average Quality,35.59
POSITIONAL BASE MEAN QUALITY,Read2,ReadPos 6 G Average Quality,35.64
POSITIONAL BASE MEAN QUALITY,Read2,ReadPos 7 G Average Quality,35.63
POSITIONAL BASE MEAN QUALITY,Read2,ReadPos 8 G Average Quality,35.74
POSITIONAL BASE MEAN QUALITY,Read2,ReadPos 9 G Average Quality,35.62
POSITIONAL BASE MEAN QUALITY,Read2,ReadPos 10 G Average Quality,35.77
POSITIONAL BASE MEAN QUALITY,Read2,ReadPos 11 G Average Quality,35.70
POSITIONAL BASE MEAN QUALITY,Read2,ReadPos 12 G Average Quality,35.71
POSITIONAL BASE MEAN QUALITY,Read2,ReadPos 13 G Average Quality,35.62
POSITIONAL BASE MEAN QUALITY,Read2,ReadPos 14 G Average Quality,35.70
POSITIONAL BASE MEAN QUALITY,Read2,ReadPos 15 G Average Quality,35.61
POSITIONAL BASE MEAN QUALITY,Read2,ReadPos 16 G Average Quality,35.62
POSITIONAL BASE MEAN QUALITY,Read2,ReadPos 17 G Average Quality,35.72
POSITIONAL BASE MEAN QUALITY,Read2,ReadPos 18 G Average Quality,35.54
POSITIONAL BASE MEAN QUALITY,Read2,ReadPos 19 G Average Quality,35.54
POSITIONAL BASE MEAN QUALITY,Read2,ReadPos 20 G Average Quality,35.51
POSITIONAL BASE MEAN QUALITY,Read2,ReadPos 21 G Average Quality,35.55
POSITIONAL BASE MEAN QUALITY,Read2,ReadPos 22 G Average Quality,35.66
POSITIONAL BASE MEAN QUALITY,Read2,ReadPos 23 G Average Quality,35.70
POSITIONAL BASE MEAN QUALITY,Read2,ReadPos 24 G Average Quality,35.75
POSITIONAL BASE MEAN QUALITY,Read2,ReadPos 25 G Average Quality,35.80
POSITIONAL BASE MEAN QUALITY,Read2,ReadPos 26 G Average Quality,35.77
POSITIONAL BASE MEAN QUALITY,Read2,ReadPos 1 T Average Quality,35.59
POSITIONAL BASE MEAN QUALITY,Read2,ReadPos 2 T Average Quality,35.75
POSITIONAL BASE MEAN QUALITY,Read2,ReadPos 3 T Average Quality,35.65
POSITIONAL BASE MEAN QUALITY,Read2,ReadPos 4 T Average Quality,35.74
POSITIONAL BASE MEAN QUALITY,Read2,ReadPos 5 T Average Quality,35.67
POSITIONAL BASE MEAN QUALITY,Read2,ReadPos 6 T Average Quality,35.65
POSITIONAL BASE MEAN QUALITY,Read2,ReadPos 7 T Average Quality,35.68
POSITIONAL BASE MEAN QUALITY,Read2,ReadPos 8 T Average Quality,35.73
POSITIONAL BASE MEAN QUALITY,Read2,ReadPos 9 T Average Quality,35.51
POSITIONAL BASE MEAN QUALITY,Read2,ReadPos 10 T Average Quality,35.71
POSITIONAL BASE MEAN QUALITY,Read2,ReadPos 11 T Average Quality,35.64
POSITIONAL BASE MEAN QUALITY,Read2,ReadPos 12 T Average Quality,35.63
POSITIONAL BASE MEAN QUALITY,Read2,ReadPos 13 T Average Quality,35.50
POSITIONAL BASE MEAN QUALITY,Read2,ReadPos 14 T Average Quality,35.54
POSITIONAL BASE MEAN QUALITY,Read2,ReadPos 15 T Average Quality,35.44
POSITIONAL BASE MEAN QUALITY,Read2,ReadPos 16 T Average Quality,35.42
POSITIONAL BASE MEAN QUALITY,Read2,ReadPos 17 T Average Quality,35.55
POSITIONAL BASE MEAN QUALITY,Read2,ReadPos 18 T Average Quality,35.33
POSITIONAL BASE MEAN QUALITY,Read2,ReadPos 19 T Average Quality,35.37
POSITIONAL BASE MEAN QUALITY,Read2,ReadPos 20 T Average Quality,35.35
POSITIONAL BASE MEAN QUALITY,Read2,ReadPos 21 T Average Quality,35.34
POSITIONAL BASE MEAN QUALITY,Read2,ReadPos 22 T Average Quality,35.41
POSITIONAL BASE MEAN QUALITY,Read2,ReadPos 23 T Average Quality,35.46
POSITIONAL BASE MEAN QUALITY,Read2,ReadPos 24 T Average Quality,35.47
POSITIONAL BASE MEAN QUALITY,Read2,ReadPos 25 T Average Quality,35.57
POSITIONAL BASE MEAN QUALITY,Read2,ReadPos 26 T Average Quality,35.63
POSITIONAL BASE CONTENT,Read2,ReadPos 1 A Bases,147876
POSITIONAL BASE CONTENT,Read2,ReadPos 2 A Bases,163362
POSITIONAL BASE CONTENT,Read2,ReadPos 3 A Bases,148265
POSITIONAL BASE CONTENT,Read2,ReadPos 4 A Bases,148908
POSITIONAL BASE CONTENT,Read2,ReadPos 5 A Bases,170882
POSITIONAL BASE CONTENT,Read2,ReadPos 6 A Bases,158266
POSITIONAL BASE CONTENT,Read2,ReadPos 7 A Bases,147989
POSITIONAL BASE CONTENT,Read2,ReadPos 8 A Bases,157787
POSITIONAL BASE CONTENT,Read2,ReadPos 9 A Bases,162206
POSITIONAL BASE CONTENT,Read2,ReadPos 10 A Bases,154852
POSITIONAL BASE CONTENT,Read2,ReadPos 11 A Bases,158681
POSITIONAL BASE CONTENT,Read2,ReadPos 12 A Bases,163168
POSITIONAL BASE CONTENT,Read2,ReadPos 13 A Bases,165911
POSITIONAL BASE CONTENT,Read2,ReadPos 14 A Bases,167306
POSITIONAL BASE CONTENT,Read2,ReadPos 15 A Bases,167188
POSITIONAL BASE CONTENT,Read2,ReadPos 16 A Bases,168736
POSITIONAL BASE CONTENT,Read2,ReadPos 17 A Bases,166952
POSITIONAL BASE CONTENT,Read2,ReadPos 18 A Bases,166934
POSITIONAL BASE CONTENT,Read2,ReadPos 19 A Bases,167830
POSITIONAL BASE CONTENT,Read2,ReadPos 20 A Bases,167273
POSITIONAL BASE CONTENT,Read2,ReadPos 21 A Bases,167675
POSITIONAL BASE CONTENT,Read2,ReadPos 22 A Bases,168106
POSITIONAL BASE CONTENT,Read2,ReadPos 23 A Bases,167390
POSITIONAL BASE CONTENT,Read2,ReadPos 24 A Bases,167492
POSITIONAL BASE CONTENT,Read2,ReadPos 25 A Bases,164018
POSITIONAL BASE CONTENT,Read2,ReadPos 26 A Bases,154220
POSITIONAL BASE CONTENT,Read2,ReadPos 1 C Bases,142369
POSITIONAL BASE CONTENT,Read2,ReadPos 2 C Bases,134701
POSITIONAL BASE CONTENT,Read2,ReadPos 3 C Bases,147667
POSITIONAL BASE CONTENT,Read2,ReadPos 4 C Bases,153365
POSITIONAL BASE CONTENT,Read2,ReadPos 5 C Bases,140286
POSITIONAL BASE CONTENT,Read2,ReadPos 6 C Bases,137675
POSITIONAL BASE CONTENT,Read2,ReadPos 7 C Bases,141002
POSITIONAL BASE CONTENT,Read2,ReadPos 8 C Bases,155260
POSITIONAL BASE CONTENT,Read2,ReadPos 9 C Bases,141387
POSITIONAL BASE CONTENT,Read2,ReadPos 10 C Bases,141794
POSITIONAL BASE CONTENT,Read2,ReadPos 11 C Bases,137105
POSITIONAL BASE CONTENT,Read2,ReadPos 12 C Bases,140036
POSITIONAL BASE CONTENT,Read2,ReadPos 13 C Bases,172363
POSITIONAL BASE CONTENT,Read2,ReadPos 14 C Bases,170840
POSITIONAL BASE CONTENT,Read2,ReadPos 15 C Bases,171752
POSITIONAL BASE CONTENT,Read2,ReadPos 16 C Bases,169298
POSITIONAL BASE CONTENT,Read2,ReadPos 17 C Bases,169243
POSITIONAL BASE CONTENT,Read2,ReadPos 18 C Bases,169756
POSITIONAL BASE CONTENT,Read2,ReadPos 19 C Bases,169070
POSITIONAL BASE CONTENT,Read2,ReadPos 20 C Bases,169214
POSITIONAL BASE CONTENT,Read2,ReadPos 21 C Bases,168077
POSITIONAL BASE CONTENT,Read2,ReadPos 22 C Bases,168552
POSITIONAL BASE CONTENT,Read2,ReadPos 23 C Bases,166639
POSITIONAL BASE CONTENT,Read2,ReadPos 24 C Bases,167742
POSITIONAL BASE CONTENT,Read2,ReadPos 25 C Bases,165526
POSITIONAL BASE CONTENT,Read2,ReadPos 26 C Bases,154217
POSITIONAL BASE CONTENT,Read2,ReadPos 1 G Bases,138916
POSITIONAL BASE CONTENT,Read2,ReadPos 2 G Bases,141675
POSITIONAL BASE CONTENT,Read2,ReadPos 3 G Bases,153252
POSITIONAL BASE CONTENT,Read2,ReadPos 4 G Bases,152361
POSITIONAL BASE CONTENT,Read2,ReadPos 5 G Bases,139418
POSITIONAL BASE CONTENT,Read2,ReadPos 6 G Bases,141421
POSITIONAL BASE CONTENT,Read2,ReadPos 7 G Bases,152409
POSITIONAL BASE CONTENT,Read2,ReadPos 8 G Bases,143518
POSITIONAL BASE CONTENT,Read2,ReadPos 9 G Bases,152692
POSITIONAL BASE CONTENT,Read2,ReadPos 10 G Bases,140455
POSITIONAL BASE CONTENT,Read2,ReadPos 11 G Bases,155721
POSITIONAL BASE CONTENT,Read2,ReadPos 12 G Bases,151898
POSITIONAL BASE CONTENT,Read2,ReadPos 13 G Bases,129217
POSITIONAL BASE CONTENT,Read2,ReadPos 14 G Bases,131905
POSITIONAL BASE CONTENT,Read2,ReadPos 15 G Bases,133090
POSITIONAL BASE CONTENT,Read2,ReadPos 16 G Bases,133156
POSITIONAL BASE CONTENT,Read2,ReadPos 17 G Bases,135395
POSITIONAL BASE CONTENT,Read2,ReadPos 18 G Bases,135531
POSITIONAL BASE CONTENT,Read2,ReadPos 19 G Bases,135675
POSITIONAL BASE CONTENT,Read2,ReadPos 20 G Bases,135233
POSITIONAL BASE CONTENT,Read2,ReadPos 21 G Bases,135213
POSITIONAL BASE CONTENT,Read2,ReadPos 22 G Bases,134982
POSITIONAL BASE CONTENT,Read2,ReadPos 23 G Bases,136482
POSITIONAL BASE CONTENT,Read2,ReadPos 24 G Bases,137576
POSITIONAL BASE CONTENT,Read2,ReadPos 25 G Bases,138759
POSITIONAL BASE CONTENT,Read2,ReadPos 26 G Bases,130160
POSITIONAL BASE CONTENT,Read2,ReadPos 1 T Bases,170402
POSITIONAL BASE CONTENT,Read2,ReadPos 2 T Bases,159892
POSITIONAL BASE CONTENT,Read2,ReadPos 3 T Bases,150429
POSITIONAL BASE CONTENT,Read2,ReadPos 4 T Bases,144934
POSITIONAL BASE CONTENT,Read2,ReadPos 5 T Bases,148788
POSITIONAL BASE CONTENT,Read2,ReadPos 6 T Bases,162090
POSITIONAL BASE CONTENT,Read2,ReadPos 7 T Bases,158006
POSITIONAL BASE CONTENT,Read2,ReadPos 8 T Bases,142825
POSITIONAL BASE CONTENT,Read2,ReadPos 9 T Bases,143058
POSITIONAL BASE CONTENT,Read2,ReadPos 10 T Bases,162206
POSITIONAL BASE CONTENT,Read2,ReadPos 11 T Bases,147764
POSITIONAL BASE CONTENT,Read2,ReadPos 12 T Bases,144141
POSITIONAL BASE CONTENT,Read2,ReadPos 13 T Bases,131690
POSITIONAL BASE CONTENT,Read2,ReadPos 14 T Bases,129104
POSITIONAL BASE CONTENT,Read2,ReadPos 15 T Bases,127106
POSITIONAL BASE CONTENT,Read2,ReadPos 16 T Bases,127892
POSITIONAL BASE CONTENT,Read2,ReadPos 17 T Bases,127450
POSITIONAL BASE CONTENT,Read2,ReadPos 18 T Bases,126762
POSITIONAL BASE CONTENT,Read2,ReadPos 19 T Bases,126348
POSITIONAL BASE CONTENT,Read2,ReadPos 20 T Bases,127073
POSITIONAL BASE CONTENT,Read2,ReadPos 21 T Bases,127695
POSITIONAL BASE CONTENT,Read2,ReadPos 22 T Bases,126930
POSITIONAL BASE CONTENT,Read2,ReadPos 23 T Bases,127769
POSITIONAL BASE CONTENT,Read2,ReadPos 24 T Bases,124512
POSITIONAL BASE CONTENT,Read2,ReadPos 25 T Bases,124195
POSITIONAL BASE CONTENT,Read2,ReadPos 26 T Bases,114082
POSITIONAL BASE CONTENT,Read2,ReadPos 1 N Bases,110
POSITIONAL BASE CONTENT,Read2,ReadPos 2 N Bases,3
POSITIONAL BASE CONTENT,Read2,ReadPos 3 N Bases,2
POSITIONAL BASE CONTENT,Read2,ReadPos 4 N Bases,25
POSITIONAL BASE CONTENT,Read2,ReadPos 5 N Bases,165
POSITIONAL BASE CONTENT,Read2,ReadPos 6 N Bases,33
POSITIONAL BASE CONTENT,Read2,ReadPos 7 N Bases,22
POSITIONAL BASE CONTENT,Read2,ReadPos 8 N Bases,16
POSITIONAL BASE CONTENT,Read2,ReadPos 9 N Bases,23
POSITIONAL BASE CONTENT,Read2,ReadPos 10 N Bases,26
POSITIONAL BASE CONTENT,Read2,ReadPos 11 N Bases,28
POSITIONAL BASE CONTENT,Read2,ReadPos 12 N Bases,29
POSITIONAL BASE CONTENT,Read2,ReadPos 13 N Bases,47
POSITIONAL BASE CONTENT,Read2,ReadPos 14 N Bases,22
POSITIONAL BASE CONTENT,Read2,ReadPos 15 N Bases,11
POSITIONAL BASE CONTENT,Read2,ReadPos 16 N Bases,28
POSITIONAL BASE CONTENT,Read2,ReadPos 17 N Bases,36
POSITIONAL BASE CONTENT,Read2,ReadPos 18 N Bases,22
POSITIONAL BASE CONTENT,Read2,ReadPos 19 N Bases,27
POSITIONAL BASE CONTENT,Read2,ReadPos 20 N Bases,14
POSITIONAL BASE CONTENT,Read2,ReadPos 21 N Bases,29
POSITIONAL BASE CONTENT,Read2,ReadPos 22 N Bases,18
POSITIONAL BASE CONTENT,Read2,ReadPos 23 N Bases,19
POSITIONAL BASE CONTENT,Read2,ReadPos 24 N Bases,21
POSITIONAL BASE CONTENT,Read2,ReadPos 25 N Bases,21
POSITIONAL BASE CONTENT,Read2,ReadPos 26 N Bases,15
READ LENGTHS,Read2,1bp Length Reads,40
READ LENGTHS,Read2,2bp Length Reads,18
READ LENGTHS,Read2,3bp Length Reads,22
READ LENGTHS,Read2,4bp Length Reads,54
READ LENGTHS,Read2,5bp Length Reads,54
READ LENGTHS,Read2,6bp Length Reads,57
READ LENGTHS,Read2,7bp Length Reads,22
READ LENGTHS,Read2,8bp Length Reads,40
READ LENGTHS,Read2,9bp Length Reads,33
READ LENGTHS,Read2,10bp Length Reads,34
READ LENGTHS,Read2,11bp Length Reads,27
READ LENGTHS,Read2,12bp Length Reads,44
READ LENGTHS,Read2,13bp Length Reads,51
READ LENGTHS,Read2,14bp Length Reads,30
READ LENGTHS,Read2,15bp Length Reads,37
READ LENGTHS,Read2,16bp Length Reads,34
READ LENGTHS,Read2,17bp Length Reads,71
READ LENGTHS,Read2,18bp Length Reads,55
READ LENGTHS,Read2,19bp Length Reads,143
READ LENGTHS,Read2,20bp Length Reads,118
READ LENGTHS,Read2,21bp Length Reads,101
READ LENGTHS,Read2,22bp Length Reads,290
READ LENGTHS,Read2,23bp Length Reads,956
READ LENGTHS,Read2,24bp Length Reads,4824
READ LENGTHS,Read2,25bp Length Reads,39829
READ LENGTHS,Read2,26bp Length Reads,552738
READ GC CONTENT,Read2,0% GC Reads,314598
READ GC CONTENT,Read2,1% GC Reads,314598
READ GC CONTENT,Read2,2% GC Reads,415527
READ GC CONTENT,Read2,3% GC Reads,522027
READ GC CONTENT,Read2,4% GC Reads,523666
READ GC CONTENT,Read2,5% GC Reads,516457
READ GC CONTENT,Read2,6% GC Reads,676695
READ GC CONTENT,Read2,7% GC Reads,833001
READ GC CONTENT,Read2,8% GC Reads,839882
READ GC CONTENT,Read2,9% GC Reads,848401
READ GC CONTENT,Read2,10% GC Reads,1314378
READ GC CONTENT,Read2,11% GC Reads,1785926
READ GC CONTENT,Read2,12% GC Reads,1792807
READ GC CONTENT,Read2,13% GC Reads,3153390
READ GC CONTENT,Read2,14% GC Reads,4498238
READ GC CONTENT,Read2,15% GC Reads,4518555
READ GC CONTENT,Read2,16% GC Reads,4508398
READ GC CONTENT,Read2,17% GC Reads,9021378
READ GC CONTENT,Read2,18% GC Reads,14306050
READ GC CONTENT,Read2,19% GC Reads,15226171
READ GC CONTENT,Read2,20% GC Reads,15462095
READ GC CONTENT,Read2,21% GC Reads,27074198
READ GC CONTENT,Read2,22% GC Reads,40163482
READ GC CONTENT,Read2,23% GC Reads,41714388
READ GC CONTENT,Read2,24% GC Reads,41940165
READ GC CONTENT,Read2,25% GC Reads,75062974
READ GC CONTENT,Read2,26% GC Reads,111005462
READ GC CONTENT,Read2,27% GC Reads,114547332
READ GC CONTENT,Read2,28% GC Reads,115356037
READ GC CONTENT,Read2,29% GC Reads,181047200
READ GC CONTENT,Read2,30% GC Reads,251686002
READ GC CONTENT,Read2,31% GC Reads,257937426
READ GC CONTENT,Read2,32% GC Reads,259244487
READ GC CONTENT,Read2,33% GC Reads,369213766
READ GC CONTENT,Read2,34% GC Reads,488106109
READ GC CONTENT,Read2,35% GC Reads,498181235
READ GC CONTENT,Read2,36% GC Reads,499434233
READ GC CONTENT,Read2,37% GC Reads,651682380
READ GC CONTENT,Read2,38% GC Reads,817538086
READ GC CONTENT,Read2,39% GC Reads,831006396
READ GC CONTENT,Read2,40% GC Reads,1007464666
READ GC CONTENT,Read2,41% GC Reads,1184155264
READ GC CONTENT,Read2,42% GC Reads,1197236906
READ GC CONTENT,Read2,43% GC Reads,1210677029
READ GC CONTENT,Read2,44% GC Reads,1337605903
READ GC CONTENT,Read2,45% GC Reads,1464067504
READ GC CONTENT,Read2,46% GC Reads,1470588660
READ GC CONTENT,Read2,47% GC Reads,1477043299
READ GC CONTENT,Read2,48% GC Reads,1522873024
READ GC CONTENT,Read2,49% GC Reads,1568785322
READ GC CONTENT,Read2,50% GC Reads,1568407489
READ GC CONTENT,Read2,51% GC Reads,1568029656
READ GC CONTENT,Read2,52% GC Reads,1528458253
READ GC CONTENT,Read2,53% GC Reads,1488968771
READ GC CONTENT,Read2,54% GC Reads,1482122875
READ GC CONTENT,Read2,55% GC Reads,1475654795
READ GC CONTENT,Read2,56% GC Reads,1327427508
READ GC CONTENT,Read2,57% GC Reads,1178624160
READ GC CONTENT,Read2,58% GC Reads,1164771814
READ GC CONTENT,Read2,59% GC Reads,1150670741
READ GC CONTENT,Read2,60% GC Reads,976086232
READ GC CONTENT,Read2,61% GC Reads,801602992
READ GC CONTENT,Read2,62% GC Reads,788114694
READ GC CONTENT,Read2,63% GC Reads,618782820
READ GC CONTENT,Read2,64% GC Reads,462547984
READ GC CONTENT,Read2,65% GC Reads,461083310
READ GC CONTENT,Read2,66% GC Reads,450335457
READ GC CONTENT,Read2,67% GC Reads,329035911
READ GC CONTENT,Read2,68% GC Reads,217090972
READ GC CONTENT,Read2,69% GC Reads,216235763
READ GC CONTENT,Read2,70% GC Reads,210470936
READ GC CONTENT,Read2,71% GC Reads,146630772
READ GC CONTENT,Read2,72% GC Reads,87500987
READ GC CONTENT,Read2,73% GC Reads,86963930
READ GC CONTENT,Read2,74% GC Reads,83879496
READ GC CONTENT,Read2,75% GC Reads,53926877
READ GC CONTENT,Read2,76% GC Reads,26591107
READ GC CONTENT,Read2,77% GC Reads,26441686
READ GC CONTENT,Read2,78% GC Reads,25545810
READ GC CONTENT,Read2,79% GC Reads,15518126
READ GC CONTENT,Read2,80% GC Reads,6281790
READ GC CONTENT,Read2,81% GC Reads,6196600
READ GC CONTENT,Read2,82% GC Reads,5467518
READ GC CONTENT,Read2,83% GC Reads,2929893
READ GC CONTENT,Read2,84% GC Reads,992250
READ GC CONTENT,Read2,85% GC Reads,963414
READ GC CONTENT,Read2,86% GC Reads,1088260
READ GC CONTENT,Read2,87% GC Reads,912284
READ GC CONTENT,Read2,88% GC Reads,562302
READ GC CONTENT,Read2,89% GC Reads,546245
READ GC CONTENT,Read2,90% GC Reads,409925
READ GC CONTENT,Read2,91% GC Reads,286385
READ GC CONTENT,Read2,92% GC Reads,293922
READ GC CONTENT,Read2,93% GC Reads,346028
READ GC CONTENT,Read2,94% GC Reads,453500
READ GC CONTENT,Read2,95% GC Reads,623225
READ GC CONTENT,Read2,96% GC Reads,873246
READ GC CONTENT,Read2,97% GC Reads,1286131
READ GC CONTENT,Read2,98% GC Reads,2225613
READ GC CONTENT,Read2,99% GC Reads,2863950
READ GC CONTENT,Read2,100% GC Reads,2863950
READ GC CONTENT QUALITY,Read2,0% GC Reads Average Quality,26.02
READ GC CONTENT QUALITY,Read2,1% GC Reads Average Quality,26.02
READ GC CONTENT QUALITY,Read2,2% GC Reads Average Quality,25.88
READ GC CONTENT QUALITY,Read2,3% GC Reads Average Quality,25.76
READ GC CONTENT QUALITY,Read2,4% GC Reads Average Quality,25.71
READ GC CONTENT QUALITY,Read2,5% GC Reads Average Quality,25.68
READ GC CONTENT QUALITY,Read2,6% GC Reads Average Quality,26.54
READ GC CONTENT QUALITY,Read2,7% GC Reads Average Quality,27.11
READ GC CONTENT QUALITY,Read2,8% GC Reads Average Quality,27.17
READ GC CONTENT QUALITY,Read2,9% GC Reads Average Quality,27.22
READ GC CONTENT QUALITY,Read2,10% GC Reads Average Quality,27.34
READ GC CONTENT QUALITY,Read2,11% GC Reads Average Quality,27.39
READ GC CONTENT QUALITY,Read2,12% GC Reads Average Quality,27.38
READ GC CONTENT QUALITY,Read2,13% GC Reads Average Quality,29.00
READ GC CONTENT QUALITY,Read2,14% GC Reads Average Quality,29.65
READ GC CONTENT QUALITY,Read2,15% GC Reads Average Quality,29.65
READ GC CONTENT QUALITY,Read2,16% GC Reads Average Quality,29.62
READ GC CONTENT QUALITY,Read2,17% GC Reads Average Quality,31.61
READ GC CONTENT QUALITY,Read2,18% GC Reads Average Quality,32.37
READ GC CONTENT QUALITY,Read2,19% GC Reads Average Quality,32.48
READ GC CONTENT QUALITY,Read2,20% GC Reads Average Quality,32.52
READ GC CONTENT QUALITY,Read2,21% GC Reads Average Quality,33.68
READ GC CONTENT QUALITY,Read2,22% GC Reads Average Quality,34.22
READ GC CONTENT QUALITY,Read2,23% GC Reads Average Quality,34.28
READ GC CONTENT QUALITY,Read2,24% GC Reads Average Quality,34.29
READ GC CONTENT QUALITY,Read2,25% GC Reads Average Quality,34.75
READ GC CONTENT QUALITY,Read2,26% GC Reads Average Quality,34.95
READ GC CONTENT QUALITY,Read2,27% GC Reads Average Quality,34.97
READ GC CONTENT QUALITY,Read2,28% GC Reads Average Quality,34.97
READ GC CONTENT QUALITY,Read2,29% GC Reads Average Quality,35.21
READ GC CONTENT QUALITY,Read2,30% GC Reads Average Quality,35.34
READ GC CONTENT QUALITY,Read2,31% GC Reads Average Quality,35.35
READ GC CONTENT QUALITY,Read2,32% GC Reads Average Quality,35.35
READ GC CONTENT QUALITY,Read2,33% GC Reads Average Quality,35.47
READ GC CONTENT QUALITY,Read2,34% GC Reads Average Quality,35.54
READ GC CONTENT QUALITY,Read2,35% GC Reads Average Quality,35.54
READ GC CONTENT QUALITY,Read2,36% GC Reads Average Quality,35.54
READ GC CONTENT QUALITY,Read2,37% GC Reads Average Quality,35.64
READ GC CONTENT QUALITY,Read2,38% GC Reads Average Quality,35.70
READ GC CONTENT QUALITY,Read2,39% GC Reads Average Quality,35.71
READ GC CONTENT QUALITY,Read2,40% GC Reads Average Quality,35.76
READ GC CONTENT QUALITY,Read2,41% GC Reads Average Quality,35.80
READ GC CONTENT QUALITY,Read2,42% GC Reads Average Quality,35.80
READ GC CONTENT QUALITY,Read2,43% GC Reads Average Quality,35.80
READ GC CONTENT QUALITY,Read2,44% GC Reads Average Quality,35.84
READ GC CONTENT QUALITY,Read2,45% GC Reads Average Quality,35.87
READ GC CONTENT QUALITY,Read2,46% GC Reads Average Quality,35.87
READ GC CONTENT QUALITY,Read2,47% GC Reads Average Quality,35.87
READ GC CONTENT QUALITY,Read2,48% GC Reads Average Quality,35.90
READ GC CONTENT QUALITY,Read2,49% GC Reads Average Quality,35.93
READ GC CONTENT QUALITY,Read2,50% GC Reads Average Quality,35.93
READ GC CONTENT QUALITY,Read2,51% GC Reads Average Quality,35.94
READ GC CONTENT QUALITY,Read2,52% GC Reads Average Quality,35.96
READ GC CONTENT QUALITY,Read2,53% GC Reads Average Quality,35.98
READ GC CONTENT QUALITY,Read2,54% GC Reads Average Quality,35.99
READ GC CONTENT QUALITY,Read2,55% GC Reads Average Quality,35.99
READ GC CONTENT QUALITY,Read2,56% GC Reads Average Quality,36.00
READ GC CONTENT QUALITY,Read2,57% GC Reads Average Quality,36.02
READ GC CONTENT QUALITY,Read2,58% GC Reads Average Quality,36.02
READ GC CONTENT QUALITY,Read2,59% GC Reads Average Quality,36.02
READ GC CONTENT QUALITY,Read2,60% GC Reads Average Quality,36.02
READ GC CONTENT QUALITY,Read2,61% GC Reads Average Quality,36.02
READ GC CONTENT QUALITY,Read2,62% GC Reads Average Quality,36.02
READ GC CONTENT QUALITY,Read2,63% GC Reads Average Quality,36.04
READ GC CONTENT QUALITY,Read2,64% GC Reads Average Quality,36.07
READ GC CONTENT QUALITY,Read2,65% GC Reads Average Quality,36.07
READ GC CONTENT QUALITY,Read2,66% GC Reads Average Quality,36.08
READ GC CONTENT QUALITY,Read2,67% GC Reads Average Quality,36.08
READ GC CONTENT QUALITY,Read2,68% GC Reads Average Quality,36.07
READ GC CONTENT QUALITY,Read2,69% GC Reads Average Quality,36.07
READ GC CONTENT QUALITY,Read2,70% GC Reads Average Quality,36.07
READ GC CONTENT QUALITY,Read2,71% GC Reads Average Quality,36.06
READ GC CONTENT QUALITY,Read2,72% GC Reads Average Quality,36.05
READ GC CONTENT QUALITY,Read2,73% GC Reads Average Quality,36.05
READ GC CONTENT QUALITY,Read2,74% GC Reads Average Quality,36.04
READ GC CONTENT QUALITY,Read2,75% GC Reads Average Quality,35.99
READ GC CONTENT QUALITY,Read2,76% GC Reads Average Quality,35.86
READ GC CONTENT QUALITY,Read2,77% GC Reads Average Quality,35.86
READ GC CONTENT QUALITY,Read2,78% GC Reads Average Quality,35.88
READ GC CONTENT QUALITY,Read2,79% GC Reads Average Quality,35.89
READ GC CONTENT QUALITY,Read2,80% GC Reads Average Quality,35.83
READ GC CONTENT QUALITY,Read2,81% GC Reads Average Quality,35.83
READ GC CONTENT QUALITY,Read2,82% GC Reads Average Quality,35.77
READ GC CONTENT QUALITY,Read2,83% GC Reads Average Quality,35.39
READ GC CONTENT QUALITY,Read2,84% GC Reads Average Quality,34.04
READ GC CONTENT QUALITY,Read2,85% GC Reads Average Quality,34.12
READ GC CONTENT QUALITY,Read2,86% GC Reads Average Quality,34.43
READ GC CONTENT QUALITY,Read2,87% GC Reads Average Quality,34.69
READ GC CONTENT QUALITY,Read2,88% GC Reads Average Quality,34.47
READ GC CONTENT QUALITY,Read2,89% GC Reads Average Quality,34.55
READ GC CONTENT QUALITY,Read2,90% GC Reads Average Quality,33.58
READ GC CONTENT QUALITY,Read2,91% GC Reads Average Quality,31.60
READ GC CONTENT QUALITY,Read2,92% GC Reads Average Quality,31.16
READ GC CONTENT QUALITY,Read2,93% GC Reads Average Quality,30.61
READ GC CONTENT QUALITY,Read2,94% GC Reads Average Quality,30.98
READ GC CONTENT QUALITY,Read2,95% GC Reads Average Quality,31.39
READ GC CONTENT QUALITY,Read2,96% GC Reads Average Quality,31.52
READ GC CONTENT QUALITY,Read2,97% GC Reads Average Quality,31.69
READ GC CONTENT QUALITY,Read2,98% GC Reads Average Quality,32.24
READ GC CONTENT QUALITY,Read2,99% GC Reads Average Quality,32.48
READ GC CONTENT QUALITY,Read2,100% GC Reads Average Quality,32.48
SEQUENCE POSITIONS,Read2,'AGATCGGAAGAG' Total Sequence Starts,0,0.00
SEQUENCE POSITIONS,Read2,'TGGAATTCTCGG' Total Sequence Starts,0,0.00
SEQUENCE POSITIONS,Read2,'GATCGTCGGACT' Total Sequence Starts,0,0.00
SEQUENCE POSITIONS,Read2,'CTGTCTCTTATA' Total Sequence Starts,0,0.00
POSITIONAL QUALITY,Read2,ReadPos 1 1% Quantile QV,11
POSITIONAL QUALITY,Read2,ReadPos 1 2% Quantile QV,11
POSITIONAL QUALITY,Read2,ReadPos 1 5% Quantile QV,25
POSITIONAL QUALITY,Read2,ReadPos 1 10% Quantile QV,37
POSITIONAL QUALITY,Read2,ReadPos 1 25% Quantile QV,37
POSITIONAL QUALITY,Read2,ReadPos 1 50% Quantile QV,37
POSITIONAL QUALITY,Read2,ReadPos 1 75% Quantile QV,37
POSITIONAL QUALITY,Read2,ReadPos 1 90% Quantile QV,37
POSITIONAL QUALITY,Read2,ReadPos 1 95% Quantile QV,37
POSITIONAL QUALITY,Read2,ReadPos 1 98% Quantile QV,37
POSITIONAL QUALITY,Read2,ReadPos 1 99% Quantile QV,37
POSITIONAL QUALITY,Read2,ReadPos 2 1% Quantile QV,11
POSITIONAL QUALITY,Read2,ReadPos 2 2% Quantile QV,11
POSITIONAL QUALITY,Read2,ReadPos 2 5% Quantile QV,25
POSITIONAL QUALITY,Read2,ReadPos 2 10% Quantile QV,37
POSITIONAL QUALITY,Read2,ReadPos 2 25% Quantile QV,37
POSITIONAL QUALITY,Read2,ReadPos 2 50% Quantile QV,37
POSITIONAL QUALITY,Read2,ReadPos 2 75% Quantile QV,37
POSITIONAL QUALITY,Read2,ReadPos 2 90% Quantile QV,37
POSITIONAL QUALITY,Read2,ReadPos 2 95% Quantile QV,37
POSITIONAL QUALITY,Read2,ReadPos 2 98% Quantile QV,37
POSITIONAL QUALITY,Read2,ReadPos 2 99% Quantile QV,37
POSITIONAL QUALITY,Read2,ReadPos 3 1% Quantile QV,11
POSITIONAL QUALITY,Read2,ReadPos 3 2% Quantile QV,11
POSITIONAL QUALITY,Read2,ReadPos 3 5% Quantile QV,25
POSITIONAL QUALITY,Read2,ReadPos 3 10% Quantile QV,37
POSITIONAL QUALITY,Read2,ReadPos 3 25% Quantile QV,37
POSITIONAL QUALITY,Read2,ReadPos 3 50% Quantile QV,37
POSITIONAL QUALITY,Read2,ReadPos 3 75% Quantile QV,37
POSITIONAL QUALITY,Read2,ReadPos 3 90% Quantile QV,37
POSITIONAL QUALITY,Read2,ReadPos 3 95% Quantile QV,37
POSITIONAL QUALITY,Read2,ReadPos 3 98% Quantile QV,37
POSITIONAL QUALITY,Read2,ReadPos 3 99% Quantile QV,37
POSITIONAL QUALITY,Read2,ReadPos 4 1% Quantile QV,11
POSITIONAL QUALITY,Read2,ReadPos 4 2% Quantile QV,11
POSITIONAL QUALITY,Read2,ReadPos 4 5% Quantile QV,25
POSITIONAL QUALITY,Read2,ReadPos 4 10% Quantile QV,37
POSITIONAL QUALITY,Read2,ReadPos 4 25% Quantile QV,37
POSITIONAL QUALITY,Read2,ReadPos 4 50% Quantile QV,37
POSITIONAL QUALITY,Read2,ReadPos 4 75% Quantile QV,37
POSITIONAL QUALITY,Read2,ReadPos 4 90% Quantile QV,37
POSITIONAL QUALITY,Read2,ReadPos 4 95% Quantile QV,37
POSITIONAL QUALITY,Read2,ReadPos 4 98% Quantile QV,37
POSITIONAL QUALITY,Read2,ReadPos 4 99% Quantile QV,37
POSITIONAL QUALITY,Read2,ReadPos 5 1% Quantile QV,11
POSITIONAL QUALITY,Read2,ReadPos 5 2% Quantile QV,11
POSITIONAL QUALITY,Read2,ReadPos 5 5% Quantile QV,25
POSITIONAL QUALITY,Read2,ReadPos 5 10% Quantile QV,37
POSITIONAL QUALITY,Read2,ReadPos 5 25% Quantile QV,37
POSITIONAL QUALITY,Read2,ReadPos 5 50% Quantile QV,37
POSITIONAL QUALITY,Read2,ReadPos 5 75% Quantile QV,37
POSITIONAL QUALITY,Read2,ReadPos 5 90% Quantile QV,37
POSITIONAL QUALITY,Read2,ReadPos 5 95% Quantile QV,37
POSITIONAL QUALITY,Read2,ReadPos 5 98% Quantile QV,37
POSITIONAL QUALITY,Read2,ReadPos 5 99% Quantile QV,37
POSITIONAL QUALITY,Read2,ReadPos 6 1% Quantile QV,11
POSITIONAL QUALITY,Read2,ReadPos 6 2% Quantile QV,11
POSITIONAL QUALITY,Read2,ReadPos 6 5% Quantile QV,25
POSITIONAL QUALITY,Read2,ReadPos 6 10% Quantile QV,37
POSITIONAL QUALITY,Read2,ReadPos 6 25% Quantile QV,37
POSITIONAL QUALITY,Read2,ReadPos 6 50% Quantile QV,37
POSITIONAL QUALITY,Read2,ReadPos 6 75% Quantile QV,37
POSITIONAL QUALITY,Read2,ReadPos 6 90% Quantile QV,37
POSITIONAL QUALITY,Read2,ReadPos 6 95% Quantile QV,37
POSITIONAL QUALITY,Read2,ReadPos 6 98% Quantile QV,37
POSITIONAL QUALITY,Read2,ReadPos 6 99% Quantile QV,37
POSITIONAL QUALITY,Read2,ReadPos 7 1% Quantile QV,11
POSITIONAL QUALITY,Read2,ReadPos 7 2% Quantile QV,11
POSITIONAL QUALITY,Read2,ReadPos 7 5% Quantile QV,25
POSITIONAL QUALITY,Read2,ReadPos 7 10% Quantile QV,37
POSITIONAL QUALITY,Read2,ReadPos 7 25% Quantile QV,37
POSITIONAL QUALITY,Read2,ReadPos 7 50% Quantile QV,37
POSITIONAL QUALITY,Read2,ReadPos 7 75% Quantile QV,37
POSITIONAL QUALITY,Read2,ReadPos 7 90% Quantile QV,37
POSITIONAL QUALITY,Read2,ReadPos 7 95% Quantile QV,37
POSITIONAL QUALITY,Read2,ReadPos 7 98% Quantile QV,37
POSITIONAL QUALITY,Read2,ReadPos 7 99% Quantile QV,37
POSITIONAL QUALITY,Read2,ReadPos 8 1% Quantile QV,11
POSITIONAL QUALITY,Read2,ReadPos 8 2% Quantile QV,11
POSITIONAL QUALITY,Read2,ReadPos 8 5% Quantile QV,25
POSITIONAL QUALITY,Read2,ReadPos 8 10% Quantile QV,37
POSITIONAL QUALITY,Read2,ReadPos 8 25% Quantile QV,37
POSITIONAL QUALITY,Read2,ReadPos 8 50% Quantile QV,37
POSITIONAL QUALITY,Read2,ReadPos 8 75% Quantile QV,37
POSITIONAL QUALITY,Read2,ReadPos 8 90% Quantile QV,37
POSITIONAL QUALITY,Read2,ReadPos 8 95% Quantile QV,37
POSITIONAL QUALITY,Read2,ReadPos 8 98% Quantile QV,37
POSITIONAL QUALITY,Read2,ReadPos 8 99% Quantile QV,37
POSITIONAL QUALITY,Read2,ReadPos 9 1% Quantile QV,11
POSITIONAL QUALITY,Read2,ReadPos 9 2% Quantile QV,11
POSITIONAL QUALITY,Read2,ReadPos 9 5% Quantile QV,25
POSITIONAL QUALITY,Read2,ReadPos 9 10% Quantile QV,37
POSITIONAL QUALITY,Read2,ReadPos 9 25% Quantile QV,37
POSITIONAL QUALITY,Read2,ReadPos 9 50% Quantile QV,37
POSITIONAL QUALITY,Read2,ReadPos 9 75% Quantile QV,37
POSITIONAL QUALITY,Read2,ReadPos 9 90% Quantile QV,37
POSITIONAL QUALITY,Read2,ReadPos 9 95% Quantile QV,37
POSITIONAL QUALITY,Read2,ReadPos 9 98% Quantile QV,37
POSITIONAL QUALITY,Read2,ReadPos 9 99% Quantile QV,37
POSITIONAL QUALITY,Read2,ReadPos 10 1% Quantile QV,11
POSITIONAL QUALITY,Read2,ReadPos 10 2% Quantile QV,11
POSITIONAL QUALITY,Read2,ReadPos 10 5% Quantile QV,25
POSITIONAL QUALITY,Read2,ReadPos 10 10% Quantile QV,37
POSITIONAL QUALITY,Read2,ReadPos 10 25% Quantile QV,37
POSITIONAL QUALITY,Read2,ReadPos 10 50% Quantile QV,37
POSITIONAL QUALITY,Read2,ReadPos 10 75% Quantile QV,37
POSITIONAL QUALITY,Read2,ReadPos 10 90% Quantile QV,37
POSITIONAL QUALITY,Read2,ReadPos 10 95% Quantile QV,37
POSITIONAL QUALITY,Read2,ReadPos 10 98% Quantile QV,37
POSITIONAL QUALITY,Read2,ReadPos 10 99% Quantile QV,37
POSITIONAL QUALITY,Read2,ReadPos 11 1% Quantile QV,11
POSITIONAL QUALITY,Read2,ReadPos 11 2% Quantile QV,11
POSITIONAL QUALITY,Read2,ReadPos 11 5% Quantile QV,25
POSITIONAL QUALITY,Read2,ReadPos 11 10% Quantile QV,37
POSITIONAL QUALITY,Read2,ReadPos 11 25% Quantile QV,37
POSITIONAL QUALITY,Read2,ReadPos 11 50% Quantile QV,37
POSITIONAL QUALITY,Read2,ReadPos 11 75% Quantile QV,37
POSITIONAL QUALITY,Read2,ReadPos 11 90% Quantile QV,37
POSITIONAL QUALITY,Read2,ReadPos 11 95% Quantile QV,37
POSITIONAL QUALITY,Read2,ReadPos 11 98% Quantile QV,37
POSITIONAL QUALITY,Read2,ReadPos 11 99% Quantile QV,37
POSITIONAL QUALITY,Read2,ReadPos 12 1% Quantile QV,11
POSITIONAL QUALITY,Read2,ReadPos 12 2% Quantile QV,11
POSITIONAL QUALITY,Read2,ReadPos 12 5% Quantile QV,25
POSITIONAL QUALITY,Read2,ReadPos 12 10% Quantile QV,37
POSITIONAL QUALITY,Read2,ReadPos 12 25% Quantile QV,37
POSITIONAL QUALITY,Read2,ReadPos 12 50% Quantile QV,37
POSITIONAL QUALITY,Read2,ReadPos 12 75% Quantile QV,37
POSITIONAL QUALITY,Read2,ReadPos 12 90% Quantile QV,37
POSITIONAL QUALITY,Read2,ReadPos 12 95% Quantile QV,37
POSITIONAL QUALITY,Read2,ReadPos 12 98% Quantile QV,37
POSITIONAL QUALITY,Read2,ReadPos 12 99% Quantile QV,37
POSITIONAL QUALITY,Read2,ReadPos 13 1% Quantile QV,11
POSITIONAL QUALITY,Read2,ReadPos 13 2% Quantile QV,11
POSITIONAL QUALITY,Read2,ReadPos 13 5% Quantile QV,25
POSITIONAL QUALITY,Read2,ReadPos 13 10% Quantile QV,37
POSITIONAL QUALITY,Read2,ReadPos 13 25% Quantile QV,37
POSITIONAL QUALITY,Read2,ReadPos 13 50% Quantile QV,37
POSITIONAL QUALITY,Read2,ReadPos 13 75% Quantile QV,37
POSITIONAL QUALITY,Read2,ReadPos 13 90% Quantile QV,37
POSITIONAL QUALITY,Read2,ReadPos 13 95% Quantile QV,37
POSITIONAL QUALITY,Read2,ReadPos 13 98% Quantile QV,37
POSITIONAL QUALITY,Read2,ReadPos 13 99% Quantile QV,37
POSITIONAL QUALITY,Read2,ReadPos 14 1% Quantile QV,11
POSITIONAL QUALITY,Read2,ReadPos 14 2% Quantile QV,11
POSITIONAL QUALITY,Read2,ReadPos 14 5% Quantile QV,25
POSITIONAL QUALITY,Read2,ReadPos 14 10% Quantile QV,37
POSITIONAL QUALITY,Read2,ReadPos 14 25% Quantile QV,37
POSITIONAL QUALITY,Read2,ReadPos 14 50% Quantile QV,37
POSITIONAL QUALITY,Read2,ReadPos 14 75% Quantile QV,37
POSITIONAL QUALITY,Read2,ReadPos 14 90% Quantile QV,37
POSITIONAL QUALITY,Read2,ReadPos 14 95% Quantile QV,37
POSITIONAL QUALITY,Read2,ReadPos 14 98% Quantile QV,37
POSITIONAL QUALITY,Read2,ReadPos 14 99% Quantile QV,37
POSITIONAL QUALITY,Read2,ReadPos 15 1% Quantile QV,11
POSITIONAL QUALITY,Read2,ReadPos 15 2% Quantile QV,11
POSITIONAL QUALITY,Read2,ReadPos 15 5% Quantile QV,25
POSITIONAL QUALITY,Read2,ReadPos 15 10% Quantile QV,37
POSITIONAL QUALITY,Read2,ReadPos 15 25% Quantile QV,37
POSITIONAL QUALITY,Read2,ReadPos 15 50% Quantile QV,37
POSITIONAL QUALITY,Read2,ReadPos 15 75% Quantile QV,37
POSITIONAL QUALITY,Read2,ReadPos 15 90% Quantile QV,37
POSITIONAL QUALITY,Read2,ReadPos 15 95% Quantile QV,37
POSITIONAL QUALITY,Read2,ReadPos 15 98% Quantile QV,37
POSITIONAL QUALITY,Read2,ReadPos 15 99% Quantile QV,37
POSITIONAL QUALITY,Read2,ReadPos 16 1% Quantile QV,11
POSITIONAL QUALITY,Read2,ReadPos 16 2% Quantile QV,11
POSITIONAL QUALITY,Read2,ReadPos 16 5% Quantile QV,25
POSITIONAL QUALITY,Read2,ReadPos 16 10% Quantile QV,37
POSITIONAL QUALITY,Read2,ReadPos 16 25% Quantile QV,37
POSITIONAL QUALITY,Read2,ReadPos 16 50% Quantile QV,37
POSITIONAL QUALITY,Read2,ReadPos 16 75% Quantile QV,37
POSITIONAL QUALITY,Read2,ReadPos 16 90% Quantile QV,37
POSITIONAL QUALITY,Read2,ReadPos 16 95% Quantile QV,37
POSITIONAL QUALITY,Read2,ReadPos 16 98% Quantile QV,37
POSITIONAL QUALITY,Read2,ReadPos 16 99% Quantile QV,37
POSITIONAL QUALITY,Read2,ReadPos 17 1% Quantile QV,11
POSITIONAL QUALITY,Read2,ReadPos 17 2% Quantile QV,11
POSITIONAL QUALITY,Read2,ReadPos 17 5% Quantile QV,25
POSITIONAL QUALITY,Read2,ReadPos 17 10% Quantile QV,37
POSITIONAL QUALITY,Read2,ReadPos 17 25% Quantile QV,37
POSITIONAL QUALITY,Read2,ReadPos 17 50% Quantile QV,37
POSITIONAL QUALITY,Read2,ReadPos 17 75% Quantile QV,37
POSITIONAL QUALITY,Read2,ReadPos 17 90% Quantile QV,37
POSITIONAL QUALITY,Read2,ReadPos 17 95% Quantile QV,37
POSITIONAL QUALITY,Read2,ReadPos 17 98% Quantile QV,37
POSITIONAL QUALITY,Read2,ReadPos 17 99% Quantile QV,37
POSITIONAL QUALITY,Read2,ReadPos 18 1% Quantile QV,11
POSITIONAL QUALITY,Read2,ReadPos 18 2% Quantile QV,11
POSITIONAL QUALITY,Read2,ReadPos 18 5% Quantile QV,25
POSITIONAL QUALITY,Read2,ReadPos 18 10% Quantile QV,37
POSITIONAL QUALITY,Read2,ReadPos 18 25% Quantile QV,37
POSITIONAL QUALITY,Read2,ReadPos 18 50% Quantile QV,37
POSITIONAL QUALITY,Read2,ReadPos 18 75% Quantile QV,37
POSITIONAL QUALITY,Read2,ReadPos 18 90% Quantile QV,37
POSITIONAL QUALITY,Read2,ReadPos 18 95% Quantile QV,37
POSITIONAL QUALITY,Read2,ReadPos 18 98% Quantile QV,37
POSITIONAL QUALITY,Read2,ReadPos 18 99% Quantile QV,37
POSITIONAL QUALITY,Read2,ReadPos 19 1% Quantile QV,11
POSITIONAL QUALITY,Read2,ReadPos 19 2% Quantile QV,11
POSITIONAL QUALITY,Read2,ReadPos 19 5% Quantile QV,25
POSITIONAL QUALITY,Read2,ReadPos 19 10% Quantile QV,37
POSITIONAL QUALITY,Read2,ReadPos 19 25% Quantile QV,37
POSITIONAL QUALITY,Read2,ReadPos 19 50% Quantile QV,37
POSITIONAL QUALITY,Read2,ReadPos 19 75% Quantile QV,37
POSITIONAL QUALITY,Read2,ReadPos 19 90% Quantile QV,37
POSITIONAL QUALITY,Read2,ReadPos 19 95% Quantile QV,37
POSITIONAL QUALITY,Read2,ReadPos 19 98% Quantile QV,37
POSITIONAL QUALITY,Read2,ReadPos 19 99% Quantile QV,37
POSITIONAL QUALITY,Read2,ReadPos 20 1% Quantile QV,11
POSITIONAL QUALITY,Read2,ReadPos 20 2% Quantile QV,11
POSITIONAL QUALITY,Read2,ReadPos 20 5% Quantile QV,25
POSITIONAL QUALITY,Read2,ReadPos 20 10% Quantile QV,37
POSITIONAL QUALITY,Read2,ReadPos 20 25% Quantile QV,37
POSITIONAL QUALITY,Read2,ReadPos 20 50% Quantile QV,37
POSITIONAL QUALITY,Read2,ReadPos 20 75% Quantile QV,37
POSITIONAL QUALITY,Read2,ReadPos 20 90% Quantile QV,37
POSITIONAL QUALITY,Read2,ReadPos 20 95% Quantile QV,37
POSITIONAL QUALITY,Read2,ReadPos 20 98% Quantile QV,37
POSITIONAL QUALITY,Read2,ReadPos 20 99% Quantile QV,37
POSITIONAL QUALITY,Read2,ReadPos 21 1% Quantile QV,11
POSITIONAL QUALITY,Read2,ReadPos 21 2% Quantile QV,11
POSITIONAL QUALITY,Read2,ReadPos 21 5% Quantile QV,25
POSITIONAL QUALITY,Read2,ReadPos 21 10% Quantile QV,37
POSITIONAL QUALITY,Read2,ReadPos 21 25% Quantile QV,37
POSITIONAL QUALITY,Read2,ReadPos 21 50% Quantile QV,37
POSITIONAL QUALITY,Read2,ReadPos 21 75% Quantile QV,37
POSITIONAL QUALITY,Read2,ReadPos 21 90% Quantile QV,37
POSITIONAL QUALITY,Read2,ReadPos 21 95% Quantile QV,37
POSITIONAL QUALITY,Read2,ReadPos 21 98% Quantile QV,37
POSITIONAL QUALITY,Read2,ReadPos 21 99% Quantile QV,37
POSITIONAL QUALITY,Read2,ReadPos 22 1% Quantile QV,11
POSITIONAL QUALITY,Read2,ReadPos 22 2% Quantile QV,11
POSITIONAL QUALITY,Read2,ReadPos 22 5% Quantile QV,25
POSITIONAL QUALITY,Read2,ReadPos 22 10% Quantile QV,37
POSITIONAL QUALITY,Read2,ReadPos 22 25% Quantile QV,37
POSITIONAL QUALITY,Read2,ReadPos 22 50% Quantile QV,37
POSITIONAL QUALITY,Read2,ReadPos 22 75% Quantile QV,37
POSITIONAL QUALITY,Read2,ReadPos 22 90% Quantile QV,37
POSITIONAL QUALITY,Read2,ReadPos 22 95% Quantile QV,37
POSITIONAL QUALITY,Read2,ReadPos 22 98% Quantile QV,37
POSITIONAL QUALITY,Read2,ReadPos 22 99% Quantile QV,37
POSITIONAL QUALITY,Read2,ReadPos 23 1% Quantile QV,11
POSITIONAL QUALITY,Read2,ReadPos 23 2% Quantile QV,11
POSITIONAL QUALITY,Read2,ReadPos 23 5% Quantile QV,25
POSITIONAL QUALITY,Read2,ReadPos 23 10% Quantile QV,37
POSITIONAL QUALITY,Read2,ReadPos 23 25% Quantile QV,37
POSITIONAL QUALITY,Read2,ReadPos 23 50% Quantile QV,37
POSITIONAL QUALITY,Read2,ReadPos 23 75% Quantile QV,37
POSITIONAL QUALITY,Read2,ReadPos 23 90% Quantile QV,37
POSITIONAL QUALITY,Read2,ReadPos 23 95% Quantile QV,37
POSITIONAL QUALITY,Read2,ReadPos 23 98% Quantile QV,37
POSITIONAL QUALITY,Read2,ReadPos 23 99% Quantile QV,37
POSITIONAL QUALITY,Read2,ReadPos 24 1% Quantile QV,11
POSITIONAL QUALITY,Read2,ReadPos 24 2% Quantile QV,11
POSITIONAL QUALITY,Read2,ReadPos 24 5% Quantile QV,25
POSITIONAL QUALITY,Read2,ReadPos 24 10% Quantile QV,37
POSITIONAL QUALITY,Read2,ReadPos 24 25% Quantile QV,37
POSITIONAL QUALITY,Read2,ReadPos 24 50% Quantile QV,37
POSITIONAL QUALITY,Read2,ReadPos 24 75% Quantile QV,37
POSITIONAL QUALITY,Read2,ReadPos 24 90% Quantile QV,37
POSITIONAL QUALITY,Read2,ReadPos 24 95% Quantile QV,37
POSITIONAL QUALITY,Read2,ReadPos 24 98% Quantile QV,37
POSITIONAL QUALITY,Read2,ReadPos 24 99% Quantile QV,37
POSITIONAL QUALITY,Read2,ReadPos 25 1% Quantile QV,11
POSITIONAL QUALITY,Read2,ReadPos 25 2% Quantile QV,11
POSITIONAL QUALITY,Read2,ReadPos 25 5% Quantile QV,25
POSITIONAL QUALITY,Read2,ReadPos 25 10% Quantile QV,37
POSITIONAL QUALITY,Read2,ReadPos 25 25% Quantile QV,37
POSITIONAL QUALITY,Read2,ReadPos 25 50% Quantile QV,37
POSITIONAL QUALITY,Read2,ReadPos 25 75% Quantile QV,37
POSITIONAL QUALITY,Read2,ReadPos 25 90% Quantile QV,37
POSITIONAL QUALITY,Read2,ReadPos 25 95% Quantile QV,37
POSITIONAL QUALITY,Read2,ReadPos 25 98% Quantile QV,37
POSITIONAL QUALITY,Read2,ReadPos 25 99% Quantile QV,37
POSITIONAL QUALITY,Read2,ReadPos 26 1% Quantile QV,11
POSITIONAL QUALITY,Read2,ReadPos 26 2% Quantile QV,11
POSITIONAL QUALITY,Read2,ReadPos 26 5% Quantile QV,25
POSITIONAL QUALITY,Read2,ReadPos 26 10% Quantile QV,37
POSITIONAL QUALITY,Read2,ReadPos 26 25% Quantile QV,37
POSITIONAL QUALITY,Read2,ReadPos 26 50% Quantile QV,37
POSITIONAL QUALITY,Read2,ReadPos 26 75% Quantile QV,37
POSITIONAL QUALITY,Read2,ReadPos 26 90% Quantile QV,37
POSITIONAL QUALITY,Read2,ReadPos 26 95% Quantile QV,37
POSITIONAL QUALITY,Read2,ReadPos 26 98% Quantile QV,37
POSITIONAL QUALITY,Read2,ReadPos 26 99% Quantile QV,37
