READ MEAN QUALITY,Read1,Q18 Reads,1
READ MEAN QUALITY,Read1,Q19 Reads,1
READ MEAN QUALITY,Read1,Q20 Reads,10
READ MEAN QUALITY,Read1,Q21 Reads,25
READ MEAN QUALITY,Read1,Q22 Reads,48
READ MEAN QUALITY,Read1,Q23 Reads,110
READ MEAN QUALITY,Read1,Q24 Reads,213
READ MEAN QUALITY,Read1,Q25 Reads,372
READ MEAN QUALITY,Read1,Q26 Reads,652
READ MEAN QUALITY,Read1,Q27 Reads,1135
READ MEAN QUALITY,Read1,Q28 Reads,1851
READ MEAN QUALITY,Read1,Q29 Reads,3107
READ MEAN QUALITY,Read1,Q30 Reads,4717
READ MEAN QUALITY,Read1,Q31 Reads,7346
READ MEAN QUALITY,Read1,Q32 Reads,10510
READ MEAN QUALITY,Read1,Q33 Reads,15618
READ MEAN QUALITY,Read1,Q34 Reads,23060
READ MEAN QUALITY,Read1,Q35 Reads,44000
READ MEAN QUALITY,Read1,Q36 Reads,92226
READ MEAN QUALITY,Read1,Q37 Reads,223690
POSITIONAL BASE MEAN QUALITY,Read1,ReadPos 1 A Average Quality,36.08
POSITIONAL BASE MEAN QUALITY,Read1,ReadPos 2 A Average Quality,35.93
POSITIONAL BASE MEAN QUALITY,Read1,ReadPos 3 A Average Quality,36.05
POSITIONAL BASE MEAN QUALITY,Read1,ReadPos 4 A Average Quality,36.01
POSITIONAL BASE MEAN QUALITY,Read1,ReadPos 5 A Average Quality,35.94
POSITIONAL BASE MEAN QUALITY,Read1,ReadPos 6 A Average Quality,35.94
POSITIONAL BASE MEAN QUALITY,Read1,ReadPos 7 A Average Quality,35.96
POSITIONAL BASE MEAN QUALITY,Read1,ReadPos 8 A Average Quality,35.99
POSITIONAL BASE MEAN QUALITY,Read1,ReadPos 9 A Average Quality,35.97
POSITIONAL BASE MEAN QUALITY,Read1,ReadPos 10 A Average Quality,35.97
POSITIONAL BASE MEAN QUALITY,Read1,ReadPos 11 A Average Quality,35.96
POSITIONAL BASE MEAN QUALITY,Read1,ReadPos 12 A Average Quality,36.01
POSITIONAL BASE MEAN QUALITY,Read1,ReadPos 13 A Average Quality,36.03
POSITIONAL BASE MEAN QUALITY,Read1,ReadPos 14 A Average Quality,36.02
POSITIONAL BASE MEAN QUALITY,Read1,ReadPos 15 A Average Quality,36.03
POSITIONAL BASE MEAN QUALITY,Read1,ReadPos 16 A Average Quality,36.01
POSITIONAL BASE MEAN QUALITY,Read1,ReadPos 17 A Average Quality,36.03
POSITIONAL BASE MEAN QUALITY,Read1,ReadPos 18 A Average Quality,36.03
POSITIONAL BASE MEAN QUALITY,Read1,ReadPos 19 A Average Quality,36.08
POSITIONAL BASE MEAN QUALITY,Read1,ReadPos 20 A Average Quality,35.99
POSITIONAL BASE MEAN QUALITY,Read1,ReadPos 21 A Average Quality,36.06
POSITIONAL BASE MEAN QUALITY,Read1,ReadPos 22 A Average Quality,35.96
POSITIONAL BASE MEAN QUALITY,Read1,ReadPos 23 A Average Quality,35.52
POSITIONAL BASE MEAN QUALITY,Read1,ReadPos 24 A Average Quality,34.33
POSITIONAL BASE MEAN QUALITY,Read1,ReadPos 25 A Average Quality,33.08
POSITIONAL BASE MEAN QUALITY,Read1,ReadPos 26 A Average Quality,36.01
POSITIONAL BASE MEAN QUALITY,Read1,ReadPos 1 C Average Quality,35.96
POSITIONAL BASE MEAN QUALITY,Read1,ReadPos 2 C Average Quality,36.00
POSITIONAL BASE MEAN QUALITY,Read1,ReadPos 3 C Average Quality,36.17
POSITIONAL BASE MEAN QUALITY,Read1,ReadPos 4 C Average Quality,36.17
POSITIONAL BASE MEAN QUALITY,Read1,ReadPos 5 C Average Quality,36.16
POSITIONAL BASE MEAN QUALITY,Read1,ReadPos 6 C Average Quality,36.17
POSITIONAL BASE MEAN QUALITY,Read1,ReadPos 7 C Average Quality,36.16
POSITIONAL BASE MEAN QUALITY,Read1,ReadPos 8 C Average Quality,36.22
POSITIONAL BASE MEAN QUALITY,Read1,ReadPos 9 C Average Quality,36.21
POSITIONAL BASE MEAN QUALITY,Read1,ReadPos 10 C Average Quality,36.15
POSITIONAL BASE MEAN QUALITY,Read1,ReadPos 11 C Average Quality,36.16
POSITIONAL BASE MEAN QUALITY,Read1,ReadPos 12 C Average Quality,36.19
POSITIONAL BASE MEAN QUALITY,Read1,ReadPos 13 C Average Quality,36.17
POSITIONAL BASE MEAN QUALITY,Read1,ReadPos 14 C Average Quality,36.22
POSITIONAL BASE MEAN QUALITY,Read1,ReadPos 15 C Average Quality,36.15
POSITIONAL BASE MEAN QUALITY,Read1,ReadPos 16 C Average Quality,36.18
POSITIONAL BASE MEAN QUALITY,Read1,ReadPos 17 C Average Quality,36.14
POSITIONAL BASE MEAN QUALITY,Read1,ReadPos 18 C Average Quality,36.09
POSITIONAL BASE MEAN QUALITY,Read1,ReadPos 19 C Average Quality,36.12
POSITIONAL BASE MEAN QUALITY,Read1,ReadPos 20 C Average Quality,36.06
POSITIONAL BASE MEAN QUALITY,Read1,ReadPos 21 C Average Quality,36.08
POSITIONAL BASE MEAN QUALITY,Read1,ReadPos 22 C Average Quality,36.07
POSITIONAL BASE MEAN QUALITY,Read1,ReadPos 23 C Average Quality,35.96
POSITIONAL BASE MEAN QUALITY,Read1,ReadPos 24 C Average Quality,35.56
POSITIONAL BASE MEAN QUALITY,Read1,ReadPos 25 C Average Quality,35.00
POSITIONAL BASE MEAN QUALITY,Read1,ReadPos 26 C Average Quality,36.03
POSITIONAL BASE MEAN QUALITY,Read1,ReadPos 1 G Average Quality,35.54
POSITIONAL BASE MEAN QUALITY,Read1,ReadPos 2 G Average Quality,35.35
POSITIONAL BASE MEAN QUALITY,Read1,ReadPos 3 G Average Quality,35.50
POSITIONAL BASE MEAN QUALITY,Read1,ReadPos 4 G Average Quality,35.63
POSITIONAL BASE MEAN QUALITY,Read1,ReadPos 5 G Average Quality,35.61
POSITIONAL BASE MEAN QUALITY,Read1,ReadPos 6 G Average Quality,35.66
POSITIONAL BASE MEAN QUALITY,Read1,ReadPos 7 G Average Quality,35.64
POSITIONAL BASE MEAN QUALITY,Read1,ReadPos 8 G Average Quality,35.76
POSITIONAL BASE MEAN QUALITY,Read1,ReadPos 9 G Average Quality,35.68
POSITIONAL BASE MEAN QUALITY,Read1,ReadPos 10 G Average Quality,35.67
POSITIONAL BASE MEAN QUALITY,Read1,ReadPos 11 G Average Quality,35.71
POSITIONAL BASE MEAN QUALITY,Read1,ReadPos 12 G Average Quality,35.78
POSITIONAL BASE MEAN QUALITY,Read1,ReadPos 13 G Average Quality,35.76
POSITIONAL BASE MEAN QUALITY,Read1,ReadPos 14 G Average Quality,35.74
POSITIONAL BASE MEAN QUALITY,Read1,ReadPos 15 G Average Quality,35.70
POSITIONAL BASE MEAN QUALITY,Read1,ReadPos 16 G Average Quality,35.70
POSITIONAL BASE MEAN QUALITY,Read1,ReadPos 17 G Average Quality,35.63
POSITIONAL BASE MEAN QUALITY,Read1,ReadPos 18 G Average Quality,35.59
POSITIONAL BASE MEAN QUALITY,Read1,ReadPos 19 G Average Quality,35.57
POSITIONAL BASE MEAN QUALITY,Read1,ReadPos 20 G Average Quality,35.56
POSITIONAL BASE MEAN QUALITY,Read1,ReadPos 21 G Average Quality,35.50
POSITIONAL BASE MEAN QUALITY,Read1,ReadPos 22 G Average Quality,35.61
POSITIONAL BASE MEAN QUALITY,Read1,ReadPos 23 G Average Quality,35.48
POSITIONAL BASE MEAN QUALITY,Read1,ReadPos 24 G Average Quality,35.10
POSITIONAL BASE MEAN QUALITY,Read1,ReadPos 25 G Average Quality,33.19
POSITIONAL BASE MEAN QUALITY,Read1,ReadPos 26 G Average Quality,35.66
POSITIONAL BASE MEAN QUALITY,Read1,ReadPos 1 T Average Quality,35.78
POSITIONAL BASE MEAN QUALITY,Read1,ReadPos 2 T Average Quality,35.72
POSITIONAL BASE MEAN QUALITY,Read1,ReadPos 3 T Average Quality,35.69
POSITIONAL BASE MEAN QUALITY,Read1,ReadPos 4 T Average Quality,35.76
POSITIONAL BASE MEAN QUALITY,Read1,ReadPos 5 T Average Quality,35.77
POSITIONAL BASE MEAN QUALITY,Read1,ReadPos 6 T Average Quality,35.73
POSITIONAL BASE MEAN QUALITY,Read1,ReadPos 7 T Average Quality,35.72
POSITIONAL BASE MEAN QUALITY,Read1,ReadPos 8 T Average Quality,35.75
POSITIONAL BASE MEAN QUALITY,Read1,ReadPos 9 T Average Quality,35.75
POSITIONAL BASE MEAN QUALITY,Read1,ReadPos 10 T Average Quality,35.72
POSITIONAL BASE MEAN QUALITY,Read1,ReadPos 11 T Average Quality,35.72
POSITIONAL BASE MEAN QUALITY,Read1,ReadPos 12 T Average Quality,35.80
POSITIONAL BASE MEAN QUALITY,Read1,ReadPos 13 T Average Quality,35.79
POSITIONAL BASE MEAN QUALITY,Read1,ReadPos 14 T Average Quality,35.78
POSITIONAL BASE MEAN QUALITY,Read1,ReadPos 15 T Average Quality,35.76
POSITIONAL BASE MEAN QUALITY,Read1,ReadPos 16 T Average Quality,35.77
POSITIONAL BASE MEAN QUALITY,Read1,ReadPos 17 T Average Quality,35.74
POSITIONAL BASE MEAN QUALITY,Read1,ReadPos 18 T Average Quality,35.68
POSITIONAL BASE MEAN QUALITY,Read1,ReadPos 19 T Average Quality,35.60
POSITIONAL BASE MEAN QUALITY,Read1,ReadPos 20 T Average Quality,35.69
POSITIONAL BASE MEAN QUALITY,Read1,ReadPos 21 T Average Quality,35.46
POSITIONAL BASE MEAN QUALITY,Read1,ReadPos 22 T Average Quality,35.40
POSITIONAL BASE MEAN QUALITY,Read1,ReadPos 23 T Average Quality,34.57
POSITIONAL BASE MEAN QUALITY,Read1,ReadPos 24 T Average Quality,32.96
POSITIONAL BASE MEAN QUALITY,Read1,ReadPos 25 T Average Quality,31.17
POSITIONAL BASE MEAN QUALITY,Read1,ReadPos 26 T Average Quality,35.72
POSITIONAL BASE CONTENT,Read1,ReadPos 1 A Bases,88924
POSITIONAL BASE CONTENT,Read1,ReadPos 2 A Bases,90966
POSITIONAL BASE CONTENT,Read1,ReadPos 3 A Bases,90216
POSITIONAL BASE CONTENT,Read1,ReadPos 4 A Bases,90929
POSITIONAL BASE CONTENT,Read1,ReadPos 5 A Bases,90368
POSITIONAL BASE CONTENT,Read1,ReadPos 6 A Bases,91741
POSITIONAL BASE CONTENT,Read1,ReadPos 7 A Bases,90943
POSITIONAL BASE CONTENT,Read1,ReadPos 8 A Bases,90406
POSITIONAL BASE CONTENT,Read1,ReadPos 9 A Bases,90985
POSITIONAL BASE CONTENT,Read1,ReadPos 10 A Bases,91106
POSITIONAL BASE CONTENT,Read1,ReadPos 11 A Bases,91354
POSITIONAL BASE CONTENT,Read1,ReadPos 12 A Bases,91249
POSITIONAL BASE CONTENT,Read1,ReadPos 13 A Bases,92591
POSITIONAL BASE CONTENT,Read1,ReadPos 14 A Bases,93984
POSITIONAL BASE CONTENT,Read1,ReadPos 15 A Bases,105194
POSITIONAL BASE CONTENT,Read1,ReadPos 16 A Bases,109171
POSITIONAL BASE CONTENT,Read1,ReadPos 17 A Bases,115370
POSITIONAL BASE CONTENT,Read1,ReadPos 18 A Bases,103897
POSITIONAL BASE CONTENT,Read1,ReadPos 19 A Bases,105207
POSITIONAL BASE CONTENT,Read1,ReadPos 20 A Bases,109020
POSITIONAL BASE CONTENT,Read1,ReadPos 21 A Bases,113672
POSITIONAL BASE CONTENT,Read1,ReadPos 22 A Bases,106388
POSITIONAL BASE CONTENT,Read1,ReadPos 23 A Bases,105288
POSITIONAL BASE CONTENT,Read1,ReadPos 24 A Bases,106830
POSITIONAL BASE CONTENT,Read1,ReadPos 25 A Bases,108351
POSITIONAL BASE CONTENT,Read1,ReadPos 26 A Bases,112298
POSITIONAL BASE CONTENT,Read1,ReadPos 1 C Bases,101217
POSITIONAL BASE CONTENT,Read1,ReadPos 2 C Bases,100390
POSITIONAL BASE CONTENT,Read1,ReadPos 3 C Bases,100259
POSITIONAL BASE CONTENT,Read1,ReadPos 4 C Bases,99898
POSITIONAL BASE CONTENT,Read1,ReadPos 5 C Bases,99140
POSITIONAL BASE CONTENT,Read1,ReadPos 6 C Bases,97013
POSITIONAL BASE CONTENT,Read1,ReadPos 7 C Bases,98830
POSITIONAL BASE CONTENT,Read1,ReadPos 8 C Bases,100019
POSITIONAL BASE CONTENT,Read1,ReadPos 9 C Bases,97249
POSITIONAL BASE CONTENT,Read1,ReadPos 10 C Bases,98074
POSITIONAL BASE CONTENT,Read1,ReadPos 11 C Bases,97241
POSITIONAL BASE CONTENT,Read1,ReadPos 12 C Bases,96493
POSITIONAL BASE CONTENT,Read1,ReadPos 13 C Bases,95281
POSITIONAL BASE CONTENT,Read1,ReadPos 14 C Bases,93943
POSITIONAL BASE CONTENT,Read1,ReadPos 15 C Bases,110808
POSITIONAL BASE CONTENT,Read1,ReadPos 16 C Bases,109777
POSITIONAL BASE CONTENT,Read1,ReadPos 17 C Bases,102183
POSITIONAL BASE CONTENT,Read1,ReadPos 18 C Bases,107010
POSITIONAL BASE CONTENT,Read1,ReadPos 19 C Bases,107911
POSITIONAL BASE CONTENT,Read1,ReadPos 20 C Bases,106588
POSITIONAL BASE CONTENT,Read1,ReadPos 21 C Bases,103021
POSITIONAL BASE CONTENT,Read1,ReadPos 22 C Bases,102490
POSITIONAL BASE CONTENT,Read1,ReadPos 23 C Bases,106552
POSITIONAL BASE CONTENT,Read1,ReadPos 24 C Bases,107155
POSITIONAL BASE CONTENT,Read1,ReadPos 25 C Bases,105131
POSITIONAL BASE CONTENT,Read1,ReadPos 26 C Bases,89774
POSITIONAL BASE CONTENT,Read1,ReadPos 1 G Bases,120445
POSITIONAL BASE CONTENT,Read1,ReadPos 2 G Bases,119856
POSITIONAL BASE CONTENT,Read1,ReadPos 3 G Bases,119259
POSITIONAL BASE CONTENT,Read1,ReadPos 4 G Bases,120547
POSITIONAL BASE CONTENT,Read1,ReadPos 5 G Bases,119876
POSITIONAL BASE CONTENT,Read1,ReadPos 6 G Bases,120990
POSITIONAL BASE CONTENT,Read1,ReadPos 7 G Bases,119750
POSITIONAL BASE CONTENT,Read1,ReadPos 8 G Bases,120169
POSITIONAL BASE CONTENT,Read1,ReadPos 9 G Bases,121167
POSITIONAL BASE CONTENT,Read1,ReadPos 10 G Bases,121709
POSITIONAL BASE CONTENT,Read1,ReadPos 11 G Bases,121519
POSITIONAL BASE CONTENT,Read1,ReadPos 12 G Bases,121291
POSITIONAL BASE CONTENT,Read1,ReadPos 13 G Bases,122382
POSITIONAL BASE CONTENT,Read1,ReadPos 14 G Bases,122622
POSITIONAL BASE CONTENT,Read1,ReadPos 15 G Bases,99764
POSITIONAL BASE CONTENT,Read1,ReadPos 16 G Bases,101707
POSITIONAL BASE CONTENT,Read1,ReadPos 17 G Bases,103317
POSITIONAL BASE CONTENT,Read1,ReadPos 18 G Bases,105075
POSITIONAL BASE CONTENT,Read1,ReadPos 19 G Bases,106225
POSITIONAL BASE CONTENT,Read1,ReadPos 20 G Bases,105219
POSITIONAL BASE CONTENT,Read1,ReadPos 21 G Bases,101688
POSITIONAL BASE CONTENT,Read1,ReadPos 22 G Bases,102958
POSITIONAL BASE CONTENT,Read1,ReadPos 23 G Bases,108646
POSITIONAL BASE CONTENT,Read1,ReadPos 24 G Bases,106842
POSITIONAL BASE CONTENT,Read1,ReadPos 25 G Bases,110058
POSITIONAL BASE CONTENT,Read1,ReadPos 26 G Bases,96137
POSITIONAL BASE CONTENT,Read1,ReadPos 1 T Bases,118106
POSITIONAL BASE CONTENT,Read1,ReadPos 2 T Bases,117472
POSITIONAL BASE CONTENT,Read1,ReadPos 3 T Bases,118831
POSITIONAL BASE CONTENT,Read1,ReadPos 4 T Bases,117299
POSITIONAL BASE CONTENT,Read1,ReadPos 5 T Bases,119290
POSITIONAL BASE CONTENT,Read1,ReadPos 6 T Bases,118880
POSITIONAL BASE CONTENT,Read1,ReadPos 7 T Bases,119095
POSITIONAL BASE CONTENT,Read1,ReadPos 8 T Bases,118006
POSITIONAL BASE CONTENT,Read1,ReadPos 9 T Bases,119179
POSITIONAL BASE CONTENT,Read1,ReadPos 10 T Bases,117675
POSITIONAL BASE CONTENT,Read1,ReadPos 11 T Bases,118446
POSITIONAL BASE CONTENT,Read1,ReadPos 12 T Bases,119455
POSITIONAL BASE CONTENT,Read1,ReadPos 13 T Bases,118276
POSITIONAL BASE CONTENT,Read1,ReadPos 14 T Bases,117946
POSITIONAL BASE CONTENT,Read1,ReadPos 15 T Bases,112696
POSITIONAL BASE CONTENT,Read1,ReadPos 16 T Bases,107769
POSITIONAL BASE CONTENT,Read1,ReadPos 17 T Bases,107515
POSITIONAL BASE CONTENT,Read1,ReadPos 18 T Bases,112318
POSITIONAL BASE CONTENT,Read1,ReadPos 19 T Bases,108879
POSITIONAL BASE CONTENT,Read1,ReadPos 20 T Bases,106823
POSITIONAL BASE CONTENT,Read1,ReadPos 21 T Bases,108792
POSITIONAL BASE CONTENT,Read1,ReadPos 22 T Bases,115192
POSITIONAL BASE CONTENT,Read1,ReadPos 23 T Bases,106327
POSITIONAL BASE CONTENT,Read1,ReadPos 24 T Bases,105166
POSITIONAL BASE CONTENT,Read1,ReadPos 25 T Bases,98547
POSITIONAL BASE CONTENT,Read1,ReadPos 26 T Bases,94126
POSITIONAL BASE CONTENT,Read1,ReadPos 1 N Bases,0
POSITIONAL BASE CONTENT,Read1,ReadPos 2 N Bases,5
POSITIONAL BASE CONTENT,Read1,ReadPos 3 N Bases,121
POSITIONAL BASE CONTENT,Read1,ReadPos 4 N Bases,9
POSITIONAL BASE CONTENT,Read1,ReadPos 5 N Bases,0
POSITIONAL BASE CONTENT,Read1,ReadPos 6 N Bases,0
POSITIONAL BASE CONTENT,Read1,ReadPos 7 N Bases,0
POSITIONAL BASE CONTENT,Read1,ReadPos 8 N Bases,0
POSITIONAL BASE CONTENT,Read1,ReadPos 9 N Bases,0
POSITIONAL BASE CONTENT,Read1,ReadPos 10 N Bases,6
POSITIONAL BASE CONTENT,Read1,ReadPos 11 N Bases,0
POSITIONAL BASE CONTENT,Read1,ReadPos 12 N Bases,59
POSITIONAL BASE CONTENT,Read1,ReadPos 13 N Bases,0
POSITIONAL BASE CONTENT,Read1,ReadPos 14 N Bases,4
POSITIONAL BASE CONTENT,Read1,ReadPos 15 N Bases,0
POSITIONAL BASE CONTENT,Read1,ReadPos 16 N Bases,0
POSITIONAL BASE CONTENT,Read1,ReadPos 17 N Bases,0
POSITIONAL BASE CONTENT,Read1,ReadPos 18 N Bases,0
POSITIONAL BASE CONTENT,Read1,ReadPos 19 N Bases,0
POSITIONAL BASE CONTENT,Read1,ReadPos 20 N Bases,0
POSITIONAL BASE CONTENT,Read1,ReadPos 21 N Bases,0
POSITIONAL BASE CONTENT,Read1,ReadPos 22 N Bases,0
POSITIONAL BASE CONTENT,Read1,ReadPos 23 N Bases,0
POSITIONAL BASE CONTENT,Read1,ReadPos 24 N Bases,0
POSITIONAL BASE CONTENT,Read1,ReadPos 25 N Bases,0
POSITIONAL BASE CONTENT,Read1,ReadPos 26 N Bases,0
READ LENGTHS,Read1,1bp Length Reads,3
READ LENGTHS,Read1,2bp Length Reads,3
READ LENGTHS,Read1,3bp Length Reads,4
READ LENGTHS,Read1,4bp Length Reads,8
READ LENGTHS,Read1,5bp Length Reads,50
READ LENGTHS,Read1,6bp Length Reads,6
READ LENGTHS,Read1,7bp Length Reads,18
READ LENGTHS,Read1,8bp Length Reads,20
READ LENGTHS,Read1,9bp Length Reads,10
READ LENGTHS,Read1,10bp Length Reads,10
READ LENGTHS,Read1,11bp Length Reads,13
READ LENGTHS,Read1,12bp Length Reads,17
READ LENGTHS,Read1,13bp Length Reads,31
READ LENGTHS,Read1,14bp Length Reads,37
READ LENGTHS,Read1,15bp Length Reads,38
READ LENGTHS,Read1,16bp Length Reads,39
READ LENGTHS,Read1,17bp Length Reads,85
READ LENGTHS,Read1,18bp Length Reads,78
READ LENGTHS,Read1,19bp Length Reads,572
READ LENGTHS,Read1,20bp Length Reads,477
READ LENGTHS,Read1,21bp Length Reads,145
READ LENGTHS,Read1,22bp Length Reads,215
READ LENGTHS,Read1,23bp Length Reads,820
READ LENGTHS,Read1,24bp Length Reads,3906
READ LENGTHS,Read1,25bp Length Reads,29752
READ LENGTHS,Read1,26bp Length Reads,392339
READ GC CONTENT,Read1,0% GC Reads,1968
READ GC CONTENT,Read1,1% GC Reads,1968
READ GC CONTENT,Read1,2% GC Reads,1968
READ GC CONTENT,Read1,3% GC Reads,1968
READ GC CONTENT,Read1,4% GC Reads,1968
READ GC CONTENT,Read1,5% GC Reads,1968
READ GC CONTENT,Read1,6% GC Reads,1968
READ GC CONTENT,Read1,7% GC Reads,1968
READ GC CONTENT,Read1,8% GC Reads,1968
READ GC CONTENT,Read1,9% GC Reads,1968
READ GC CONTENT,Read1,10% GC Reads,70128
READ GC CONTENT,Read1,11% GC Reads,138288
READ GC CONTENT,Read1,12% GC Reads,138288
READ GC CONTENT,Read1,13% GC Reads,589848
READ GC CONTENT,Read1,14% GC Reads,1106944
READ GC CONTENT,Read1,15% GC Reads,1180017
READ GC CONTENT,Read1,16% GC Reads,1187554
READ GC CONTENT,Read1,17% GC Reads,3455840
READ GC CONTENT,Read1,18% GC Reads,5925650
READ GC CONTENT,Read1,19% GC Reads,6180910
READ GC CONTENT,Read1,20% GC Reads,6240217
READ GC CONTENT,Read1,21% GC Reads,13201386
READ GC CONTENT,Read1,22% GC Reads,20997484
READ GC CONTENT,Read1,23% GC Reads,22220696
READ GC CONTENT,Read1,24% GC Reads,22787572
READ GC CONTENT,Read1,25% GC Reads,40730031
READ GC CONTENT,Read1,26% GC Reads,60482585
READ GC CONTENT,Read1,27% GC Reads,62694412
READ GC CONTENT,Read1,28% GC Reads,62973587
READ GC CONTENT,Read1,29% GC Reads,107240230
READ GC CONTENT,Read1,30% GC Reads,156231029
READ GC CONTENT,Read1,31% GC Reads,161688506
READ GC CONTENT,Read1,32% GC Reads,162375294
READ GC CONTENT,Read1,33% GC Reads,244228254
READ GC CONTENT,Read1,34% GC Reads,332772096
READ GC CONTENT,Read1,35% GC Reads,341063003
READ GC CONTENT,Read1,36% GC Reads,342391693
READ GC CONTENT,Read1,37% GC Reads,445126181
READ GC CONTENT,Read1,38% GC Reads,557310955
READ GC CONTENT,Read1,39% GC Reads,566917553
READ GC CONTENT,Read1,40% GC Reads,696444140
READ GC CONTENT,Read1,41% GC Reads,826439979
READ GC CONTENT,Read1,42% GC Reads,835599964
READ GC CONTENT,Read1,43% GC Reads,844439131
READ GC CONTENT,Read1,44% GC Reads,935119343
READ GC CONTENT,Read1,45% GC Reads,1025680606
READ GC CONTENT,Read1,46% GC Reads,1031846559
READ GC CONTENT,Read1,47% GC Reads,1038006288
READ GC CONTENT,Read1,48% GC Reads,1082710010
READ GC CONTENT,Read1,49% GC Reads,1127043438
READ GC CONTENT,Read1,50% GC Reads,1126669564
READ GC CONTENT,Read1,51% GC Reads,1126295690
READ GC CONTENT,Read1,52% GC Reads,1097117399
READ GC CONTENT,Read1,53% GC Reads,1071183322
READ GC CONTENT,Read1,54% GC Reads,1065990890
READ GC CONTENT,Read1,55% GC Reads,1063417323
READ GC CONTENT,Read1,56% GC Reads,964837975
READ GC CONTENT,Read1,57% GC Reads,863436603
READ GC CONTENT,Read1,58% GC Reads,850743774
READ GC CONTENT,Read1,59% GC Reads,840157080
READ GC CONTENT,Read1,60% GC Reads,723968242
READ GC CONTENT,Read1,61% GC Reads,605216591
READ GC CONTENT,Read1,62% GC Reads,595715793
READ GC CONTENT,Read1,63% GC Reads,477391239
READ GC CONTENT,Read1,64% GC Reads,366609297
READ GC CONTENT,Read1,65% GC Reads,365216382
READ GC CONTENT,Read1,66% GC Reads,355611143
READ GC CONTENT,Read1,67% GC Reads,265244071
READ GC CONTENT,Read1,68% GC Reads,183126666
READ GC CONTENT,Read1,69% GC Reads,182028654
READ GC CONTENT,Read1,70% GC Reads,176120314
READ GC CONTENT,Read1,71% GC Reads,123351562
READ GC CONTENT,Read1,72% GC Reads,75369548
READ GC CONTENT,Read1,73% GC Reads,75020582
READ GC CONTENT,Read1,74% GC Reads,72589208
READ GC CONTENT,Read1,75% GC Reads,47958949
READ GC CONTENT,Read1,76% GC Reads,25471719
READ GC CONTENT,Read1,77% GC Reads,25376370
READ GC CONTENT,Read1,78% GC Reads,24232774
READ GC CONTENT,Read1,79% GC Reads,14712698
READ GC CONTENT,Read1,80% GC Reads,6168122
READ GC CONTENT,Read1,81% GC Reads,5984294
READ GC CONTENT,Read1,82% GC Reads,5799814
READ GC CONTENT,Read1,83% GC Reads,3530546
READ GC CONTENT,Read1,84% GC Reads,1430038
READ GC CONTENT,Read1,85% GC Reads,1413980
READ GC CONTENT,Read1,86% GC Reads,1307810
READ GC CONTENT,Read1,87% GC Reads,663898
READ GC CONTENT,Read1,88% GC Reads,89122
READ GC CONTENT,Read1,89% GC Reads,89122
READ GC CONTENT,Read1,90% GC Reads,54390
READ GC CONTENT,Read1,91% GC Reads,19658
READ GC CONTENT,Read1,92% GC Reads,17692
READ GC CONTENT,Read1,93% GC Reads,15726
READ GC CONTENT,Read1,94% GC Reads,35388
READ GC CONTENT,Read1,95% GC Reads,55050
READ GC CONTENT,Read1,96% GC Reads,55050
READ GC CONTENT,Read1,97% GC Reads,55050
READ GC CONTENT,Read1,98% GC Reads,38010
READ GC CONTENT,Read1,99% GC Reads,20970
READ GC CONTENT,Read1,100% GC Reads,20970
READ GC CONTENT QUALITY,Read1,0% GC Reads Average Quality,37.00
READ GC CONTENT QUALITY,Read1,1% GC Reads Average Quality,37.00
READ GC CONTENT QUALITY,Read1,2% GC Reads Average Quality,37.00
READ GC CONTENT QUALITY,Read1,3% GC Reads Average Quality,37.00
READ GC CONTENT QUALITY,Read1,4% GC Reads Average Quality,37.00
READ GC CONTENT QUALITY,Read1,5% GC Reads Average Quality,37.00
READ GC CONTENT QUALITY,Read1,6% GC Reads Average Quality,37.00
READ GC CONTENT QUALITY,Read1,7% GC Reads Average Quality,37.00
READ GC CONTENT QUALITY,Read1,8% GC Reads Average Quality,37.00
READ GC CONTENT QUALITY,Read1,9% GC Reads Average Quality,37.00
READ GC CONTENT QUALITY,Read1,10% GC Reads Average Quality,31.17
READ GC CONTENT QUALITY,Read1,11% GC Reads Average Quality,31.09
READ GC CONTENT QUALITY,Read1,12% GC Reads Average Quality,31.09
READ GC CONTENT QUALITY,Read1,13% GC Reads Average Quality,33.94
READ GC CONTENT QUALITY,Read1,14% GC Reads Average Quality,34.37
READ GC CONTENT QUALITY,Read1,15% GC Reads Average Quality,34.37
READ GC CONTENT QUALITY,Read1,16% GC Reads Average Quality,34.33
READ GC CONTENT QUALITY,Read1,17% GC Reads Average Quality,34.70
READ GC CONTENT QUALITY,Read1,18% GC Reads Average Quality,34.82
READ GC CONTENT QUALITY,Read1,19% GC Reads Average Quality,34.85
READ GC CONTENT QUALITY,Read1,20% GC Reads Average Quality,34.86
READ GC CONTENT QUALITY,Read1,21% GC Reads Average Quality,35.24
READ GC CONTENT QUALITY,Read1,22% GC Reads Average Quality,35.36
READ GC CONTENT QUALITY,Read1,23% GC Reads Average Quality,35.37
READ GC CONTENT QUALITY,Read1,24% GC Reads Average Quality,35.39
READ GC CONTENT QUALITY,Read1,25% GC Reads Average Quality,35.54
READ GC CONTENT QUALITY,Read1,26% GC Reads Average Quality,35.60
READ GC CONTENT QUALITY,Read1,27% GC Reads Average Quality,35.60
READ GC CONTENT QUALITY,Read1,28% GC Reads Average Quality,35.59
READ GC CONTENT QUALITY,Read1,29% GC Reads Average Quality,35.65
READ GC CONTENT QUALITY,Read1,30% GC Reads Average Quality,35.69
READ GC CONTENT QUALITY,Read1,31% GC Reads Average Quality,35.69
READ GC CONTENT QUALITY,Read1,32% GC Reads Average Quality,35.69
READ GC CONTENT QUALITY,Read1,33% GC Reads Average Quality,35.73
READ GC CONTENT QUALITY,Read1,34% GC Reads Average Quality,35.75
READ GC CONTENT QUALITY,Read1,35% GC Reads Average Quality,35.75
READ GC CONTENT QUALITY,Read1,36% GC Reads Average Quality,35.75
READ GC CONTENT QUALITY,Read1,37% GC Reads Average Quality,35.77
READ GC CONTENT QUALITY,Read1,38% GC Reads Average Quality,35.77
READ GC CONTENT QUALITY,Read1,39% GC Reads Average Quality,35.77
READ GC CONTENT QUALITY,Read1,40% GC Reads Average Quality,35.79
READ GC CONTENT QUALITY,Read1,41% GC Reads Average Quality,35.80
READ GC CONTENT QUALITY,Read1,42% GC Reads Average Quality,35.81
READ GC CONTENT QUALITY,Read1,43% GC Reads Average Quality,35.81
READ GC CONTENT QUALITY,Read1,44% GC Reads Average Quality,35.81
READ GC CONTENT QUALITY,Read1,45% GC Reads Average Quality,35.81
READ GC CONTENT QUALITY,Read1,46% GC Reads Average Quality,35.81
READ GC CONTENT QUALITY,Read1,47% GC Reads Average Quality,35.81
READ GC CONTENT QUALITY,Read1,48% GC Reads Average Quality,35.82
READ GC CONTENT QUALITY,Read1,49% GC Reads Average Quality,35.83
READ GC CONTENT QUALITY,Read1,50% GC Reads Average Quality,35.83
READ GC CONTENT QUALITY,Read1,51% GC Reads Average Quality,35.83
READ GC CONTENT QUALITY,Read1,52% GC Reads Average Quality,35.84
READ GC CONTENT QUALITY,Read1,53% GC Reads Average Quality,35.84
READ GC CONTENT QUALITY,Read1,54% GC Reads Average Quality,35.84
READ GC CONTENT QUALITY,Read1,55% GC Reads Average Quality,35.84
READ GC CONTENT QUALITY,Read1,56% GC Reads Average Quality,35.83
READ GC CONTENT QUALITY,Read1,57% GC Reads Average Quality,35.81
READ GC CONTENT QUALITY,Read1,58% GC Reads Average Quality,35.82
READ GC CONTENT QUALITY,Read1,59% GC Reads Average Quality,35.82
READ GC CONTENT QUALITY,Read1,60% GC Reads Average Quality,35.82
READ GC CONTENT QUALITY,Read1,61% GC Reads Average Quality,35.82
READ GC CONTENT QUALITY,Read1,62% GC Reads Average Quality,35.82
READ GC CONTENT QUALITY,Read1,63% GC Reads Average Quality,35.82
READ GC CONTENT QUALITY,Read1,64% GC Reads Average Quality,35.82
READ GC CONTENT QUALITY,Read1,65% GC Reads Average Quality,35.82
READ GC CONTENT QUALITY,Read1,66% GC Reads Average Quality,35.82
READ GC CONTENT QUALITY,Read1,67% GC Reads Average Quality,35.82
READ GC CONTENT QUALITY,Read1,68% GC Reads Average Quality,35.81
READ GC CONTENT QUALITY,Read1,69% GC Reads Average Quality,35.81
READ GC CONTENT QUALITY,Read1,70% GC Reads Average Quality,35.81
READ GC CONTENT QUALITY,Read1,71% GC Reads Average Quality,35.80
READ GC CONTENT QUALITY,Read1,72% GC Reads Average Quality,35.78
READ GC CONTENT QUALITY,Read1,73% GC Reads Average Quality,35.78
READ GC CONTENT QUALITY,Read1,74% GC Reads Average Quality,35.78
READ GC CONTENT QUALITY,Read1,75% GC Reads Average Quality,35.73
READ GC CONTENT QUALITY,Read1,76% GC Reads Average Quality,35.58
READ GC CONTENT QUALITY,Read1,77% GC Reads Average Quality,35.58
READ GC CONTENT QUALITY,Read1,78% GC Reads Average Quality,35.58
READ GC CONTENT QUALITY,Read1,79% GC Reads Average Quality,35.52
READ GC CONTENT QUALITY,Read1,80% GC Reads Average Quality,35.30
READ GC CONTENT QUALITY,Read1,81% GC Reads Average Quality,35.30
READ GC CONTENT QUALITY,Read1,82% GC Reads Average Quality,35.32
READ GC CONTENT QUALITY,Read1,83% GC Reads Average Quality,35.27
READ GC CONTENT QUALITY,Read1,84% GC Reads Average Quality,35.06
READ GC CONTENT QUALITY,Read1,85% GC Reads Average Quality,35.00
READ GC CONTENT QUALITY,Read1,86% GC Reads Average Quality,34.86
READ GC CONTENT QUALITY,Read1,87% GC Reads Average Quality,34.45
READ GC CONTENT QUALITY,Read1,88% GC Reads Average Quality,30.23
READ GC CONTENT QUALITY,Read1,89% GC Reads Average Quality,30.23
READ GC CONTENT QUALITY,Read1,90% GC Reads Average Quality,31.38
READ GC CONTENT QUALITY,Read1,91% GC Reads Average Quality,36.60
READ GC CONTENT QUALITY,Read1,92% GC Reads Average Quality,36.56
READ GC CONTENT QUALITY,Read1,93% GC Reads Average Quality,36.50
READ GC CONTENT QUALITY,Read1,94% GC Reads Average Quality,30.52
READ GC CONTENT QUALITY,Read1,95% GC Reads Average Quality,28.81
READ GC CONTENT QUALITY,Read1,96% GC Reads Average Quality,28.81
READ GC CONTENT QUALITY,Read1,97% GC Reads Average Quality,28.81
READ GC CONTENT QUALITY,Read1,98% GC Reads Average Quality,27.83
READ GC CONTENT QUALITY,Read1,99% GC Reads Average Quality,25.25
READ GC CONTENT QUALITY,Read1,100% GC Reads Average Quality,25.25
SEQUENCE POSITIONS,Read1,'AGATCGGAAGAG' Total Sequence Starts,0,0.00
SEQUENCE POSITIONS,Read1,'TGGAATTCTCGG' Total Sequence Starts,0,0.00
SEQUENCE POSITIONS,Read1,'GATCGTCGGACT' 6bp Starts,3
SEQUENCE POSITIONS,Read1,'GATCGTCGGACT' Total Sequence Starts,3,0.00
SEQUENCE POSITIONS,Read1,'CTGTCTCTTATA' Total Sequence Starts,0,0.00
POSITIONAL QUALITY,Read1,ReadPos 1 1% Quantile QV,11
POSITIONAL QUALITY,Read1,ReadPos 1 2% Quantile QV,11
POSITIONAL QUALITY,Read1,ReadPos 1 5% Quantile QV,25
POSITIONAL QUALITY,Read1,ReadPos 1 10% Quantile QV,37
POSITIONAL QUALITY,Read1,ReadPos 1 25% Quantile QV,37
POSITIONAL QUALITY,Read1,ReadPos 1 50% Quantile QV,37
POSITIONAL QUALITY,Read1,ReadPos 1 75% Quantile QV,37
POSITIONAL QUALITY,Read1,ReadPos 1 90% Quantile QV,37
POSITIONAL QUALITY,Read1,ReadPos 1 95% Quantile QV,37
POSITIONAL QUALITY,Read1,ReadPos 1 98% Quantile QV,37
POSITIONAL QUALITY,Read1,ReadPos 1 99% Quantile QV,37
POSITIONAL QUALITY,Read1,ReadPos 2 1% Quantile QV,11
POSITIONAL QUALITY,Read1,ReadPos 2 2% Quantile QV,11
POSITIONAL QUALITY,Read1,ReadPos 2 5% Quantile QV,25
POSITIONAL QUALITY,Read1,ReadPos 2 10% Quantile QV,37
POSITIONAL QUALITY,Read1,ReadPos 2 25% Quantile QV,37
POSITIONAL QUALITY,Read1,ReadPos 2 50% Quantile QV,37
POSITIONAL QUALITY,Read1,ReadPos 2 75% Quantile QV,37
POSITIONAL QUALITY,Read1,ReadPos 2 90% Quantile QV,37
POSITIONAL QUALITY,Read1,ReadPos 2 95% Quantile QV,37
POSITIONAL QUALITY,Read1,ReadPos 2 98% Quantile QV,37
POSITIONAL QUALITY,Read1,ReadPos 2 99% Quantile QV,37
POSITIONAL QUALITY,Read1,ReadPos 3 1% Quantile QV,11
POSITIONAL QUALITY,Read1,ReadPos 3 2% Quantile QV,11
POSITIONAL QUALITY,Read1,ReadPos 3 5% Quantile QV,25
POSITIONAL QUALITY,Read1,ReadPos 3 10% Quantile QV,37
POSITIONAL QUALITY,Read1,ReadPos 3 25% Quantile QV,37
POSITIONAL QUALITY,Read1,ReadPos 3 50% Quantile QV,37
POSITIONAL QUALITY,Read1,ReadPos 3 75% Quantile QV,37
POSITIONAL QUALITY,Read1,ReadPos 3 90% Quantile QV,37
POSITIONAL QUALITY,Read1,ReadPos 3 95% Quantile QV,37
POSITIONAL QUALITY,Read1,ReadPos 3 98% Quantile QV,37
POSITIONAL QUALITY,Read1,ReadPos 3 99% Quantile QV,37
POSITIONAL QUALITY,Read1,ReadPos 4 1% Quantile QV,11
POSITIONAL QUALITY,Read1,ReadPos 4 2% Quantile QV,11
POSITIONAL QUALITY,Read1,ReadPos 4 5% Quantile QV,25
POSITIONAL QUALITY,Read1,ReadPos 4 10% Quantile QV,37
POSITIONAL QUALITY,Read1,ReadPos 4 25% Quantile QV,37
POSITIONAL QUALITY,Read1,ReadPos 4 50% Quantile QV,37
POSITIONAL QUALITY,Read1,ReadPos 4 75% Quantile QV,37
POSITIONAL QUALITY,Read1,ReadPos 4 90% Quantile QV,37
POSITIONAL QUALITY,Read1,ReadPos 4 95% Quantile QV,37
POSITIONAL QUALITY,Read1,ReadPos 4 98% Quantile QV,37
POSITIONAL QUALITY,Read1,ReadPos 4 99% Quantile QV,37
POSITIONAL QUALITY,Read1,ReadPos 5 1% Quantile QV,11
POSITIONAL QUALITY,Read1,ReadPos 5 2% Quantile QV,11
POSITIONAL QUALITY,Read1,ReadPos 5 5% Quantile QV,25
POSITIONAL QUALITY,Read1,ReadPos 5 10% Quantile QV,37
POSITIONAL QUALITY,Read1,ReadPos 5 25% Quantile QV,37
POSITIONAL QUALITY,Read1,ReadPos 5 50% Quantile QV,37
POSITIONAL QUALITY,Read1,ReadPos 5 75% Quantile QV,37
POSITIONAL QUALITY,Read1,ReadPos 5 90% Quantile QV,37
POSITIONAL QUALITY,Read1,ReadPos 5 95% Quantile QV,37
POSITIONAL QUALITY,Read1,ReadPos 5 98% Quantile QV,37
POSITIONAL QUALITY,Read1,ReadPos 5 99% Quantile QV,37
POSITIONAL QUALITY,Read1,ReadPos 6 1% Quantile QV,11
POSITIONAL QUALITY,Read1,ReadPos 6 2% Quantile QV,11
POSITIONAL QUALITY,Read1,ReadPos 6 5% Quantile QV,25
POSITIONAL QUALITY,Read1,ReadPos 6 10% Quantile QV,37
POSITIONAL QUALITY,Read1,ReadPos 6 25% Quantile QV,37
POSITIONAL QUALITY,Read1,ReadPos 6 50% Quantile QV,37
POSITIONAL QUALITY,Read1,ReadPos 6 75% Quantile QV,37
POSITIONAL QUALITY,Read1,ReadPos 6 90% Quantile QV,37
POSITIONAL QUALITY,Read1,ReadPos 6 95% Quantile QV,37
POSITIONAL QUALITY,Read1,ReadPos 6 98% Quantile QV,37
POSITIONAL QUALITY,Read1,ReadPos 6 99% Quantile QV,37
POSITIONAL QUALITY,Read1,ReadPos 7 1% Quantile QV,11
POSITIONAL QUALITY,Read1,ReadPos 7 2% Quantile QV,11
POSITIONAL QUALITY,Read1,ReadPos 7 5% Quantile QV,25
POSITIONAL QUALITY,Read1,ReadPos 7 10% Quantile QV,37
POSITIONAL QUALITY,Read1,ReadPos 7 25% Quantile QV,37
POSITIONAL QUALITY,Read1,ReadPos 7 50% Quantile QV,37
POSITIONAL QUALITY,Read1,ReadPos 7 75% Quantile QV,37
POSITIONAL QUALITY,Read1,ReadPos 7 90% Quantile QV,37
POSITIONAL QUALITY,Read1,ReadPos 7 95% Quantile QV,37
POSITIONAL QUALITY,Read1,ReadPos 7 98% Quantile QV,37
POSITIONAL QUALITY,Read1,ReadPos 7 99% Quantile QV,37
POSITIONAL QUALITY,Read1,ReadPos 8 1% Quantile QV,11
POSITIONAL QUALITY,Read1,ReadPos 8 2% Quantile QV,11
POSITIONAL QUALITY,Read1,ReadPos 8 5% Quantile QV,25
POSITIONAL QUALITY,Read1,ReadPos 8 10% Quantile QV,37
POSITIONAL QUALITY,Read1,ReadPos 8 25% Quantile QV,37
POSITIONAL QUALITY,Read1,ReadPos 8 50% Quantile QV,37
POSITIONAL QUALITY,Read1,ReadPos 8 75% Quantile QV,37
POSITIONAL QUALITY,Read1,ReadPos 8 90% Quantile QV,37
POSITIONAL QUALITY,Read1,ReadPos 8 95% Quantile QV,37
POSITIONAL QUALITY,Read1,ReadPos 8 98% Quantile QV,37
POSITIONAL QUALITY,Read1,ReadPos 8 99% Quantile QV,37
POSITIONAL QUALITY,Read1,ReadPos 9 1% Quantile QV,11
POSITIONAL QUALITY,Read1,ReadPos 9 2% Quantile QV,11
POSITIONAL QUALITY,Read1,ReadPos 9 5% Quantile QV,25
POSITIONAL QUALITY,Read1,ReadPos 9 10% Quantile QV,37
POSITIONAL QUALITY,Read1,ReadPos 9 25% Quantile QV,37
POSITIONAL QUALITY,Read1,ReadPos 9 50% Quantile QV,37
POSITIONAL QUALITY,Read1,ReadPos 9 75% Quantile QV,37
POSITIONAL QUALITY,Read1,ReadPos 9 90% Quantile QV,37
POSITIONAL QUALITY,Read1,ReadPos 9 95% Quantile QV,37
POSITIONAL QUALITY,Read1,ReadPos 9 98% Quantile QV,37
POSITIONAL QUALITY,Read1,ReadPos 9 99% Quantile QV,37
POSITIONAL QUALITY,Read1,ReadPos 10 1% Quantile QV,11
POSITIONAL QUALITY,Read1,ReadPos 10 2% Quantile QV,11
POSITIONAL QUALITY,Read1,ReadPos 10 5% Quantile QV,25
POSITIONAL QUALITY,Read1,ReadPos 10 10% Quantile QV,37
POSITIONAL QUALITY,Read1,ReadPos 10 25% Quantile QV,37
POSITIONAL QUALITY,Read1,ReadPos 10 50% Quantile QV,37
POSITIONAL QUALITY,Read1,ReadPos 10 75% Quantile QV,37
POSITIONAL QUALITY,Read1,ReadPos 10 90% Quantile QV,37
POSITIONAL QUALITY,Read1,ReadPos 10 95% Quantile QV,37
POSITIONAL QUALITY,Read1,ReadPos 10 98% Quantile QV,37
POSITIONAL QUALITY,Read1,ReadPos 10 99% Quantile QV,37
POSITIONAL QUALITY,Read1,ReadPos 11 1% Quantile QV,11
POSITIONAL QUALITY,Read1,ReadPos 11 2% Quantile QV,11
POSITIONAL QUALITY,Read1,ReadPos 11 5% Quantile QV,25
POSITIONAL QUALITY,Read1,ReadPos 11 10% Quantile QV,37
POSITIONAL QUALITY,Read1,ReadPos 11 25% Quantile QV,37
POSITIONAL QUALITY,Read1,ReadPos 11 50% Quantile QV,37
POSITIONAL QUALITY,Read1,ReadPos 11 75% Quantile QV,37
POSITIONAL QUALITY,Read1,ReadPos 11 90% Quantile QV,37
POSITIONAL QUALITY,Read1,ReadPos 11 95% Quantile QV,37
POSITIONAL QUALITY,Read1,ReadPos 11 98% Quantile QV,37
POSITIONAL QUALITY,Read1,ReadPos 11 99% Quantile QV,37
POSITIONAL QUALITY,Read1,ReadPos 12 1% Quantile QV,11
POSITIONAL QUALITY,Read1,ReadPos 12 2% Quantile QV,11
POSITIONAL QUALITY,Read1,ReadPos 12 5% Quantile QV,25
POSITIONAL QUALITY,Read1,ReadPos 12 10% Quantile QV,37
POSITIONAL QUALITY,Read1,ReadPos 12 25% Quantile QV,37
POSITIONAL QUALITY,Read1,ReadPos 12 50% Quantile QV,37
POSITIONAL QUALITY,Read1,ReadPos 12 75% Quantile QV,37
POSITIONAL QUALITY,Read1,ReadPos 12 90% Quantile QV,37
POSITIONAL QUALITY,Read1,ReadPos 12 95% Quantile QV,37
POSITIONAL QUALITY,Read1,ReadPos 12 98% Quantile QV,37
POSITIONAL QUALITY,Read1,ReadPos 12 99% Quantile QV,37
POSITIONAL QUALITY,Read1,ReadPos 13 1% Quantile QV,11
POSITIONAL QUALITY,Read1,ReadPos 13 2% Quantile QV,11
POSITIONAL QUALITY,Read1,ReadPos 13 5% Quantile QV,25
POSITIONAL QUALITY,Read1,ReadPos 13 10% Quantile QV,37
POSITIONAL QUALITY,Read1,ReadPos 13 25% Quantile QV,37
POSITIONAL QUALITY,Read1,ReadPos 13 50% Quantile QV,37
POSITIONAL QUALITY,Read1,ReadPos 13 75% Quantile QV,37
POSITIONAL QUALITY,Read1,ReadPos 13 90% Quantile QV,37
POSITIONAL QUALITY,Read1,ReadPos 13 95% Quantile QV,37
POSITIONAL QUALITY,Read1,ReadPos 13 98% Quantile QV,37
POSITIONAL QUALITY,Read1,ReadPos 13 99% Quantile QV,37
POSITIONAL QUALITY,Read1,ReadPos 14 1% Quantile QV,11
POSITIONAL QUALITY,Read1,ReadPos 14 2% Quantile QV,11
POSITIONAL QUALITY,Read1,ReadPos 14 5% Quantile QV,25
POSITIONAL QUALITY,Read1,ReadPos 14 10% Quantile QV,37
POSITIONAL QUALITY,Read1,ReadPos 14 25% Quantile QV,37
POSITIONAL QUALITY,Read1,ReadPos 14 50% Quantile QV,37
POSITIONAL QUALITY,Read1,ReadPos 14 75% Quantile QV,37
POSITIONAL QUALITY,Read1,ReadPos 14 90% Quantile QV,37
POSITIONAL QUALITY,Read1,ReadPos 14 95% Quantile QV,37
POSITIONAL QUALITY,Read1,ReadPos 14 98% Quantile QV,37
POSITIONAL QUALITY,Read1,ReadPos 14 99% Quantile QV,37
POSITIONAL QUALITY,Read1,ReadPos 15 1% Quantile QV,11
POSITIONAL QUALITY,Read1,ReadPos 15 2% Quantile QV,11
POSITIONAL QUALITY,Read1,ReadPos 15 5% Quantile QV,25
POSITIONAL QUALITY,Read1,ReadPos 15 10% Quantile QV,37
POSITIONAL QUALITY,Read1,ReadPos 15 25% Quantile QV,37
POSITIONAL QUALITY,Read1,ReadPos 15 50% Quantile QV,37
POSITIONAL QUALITY,Read1,ReadPos 15 75% Quantile QV,37
POSITIONAL QUALITY,Read1,ReadPos 15 90% Quantile QV,37
POSITIONAL QUALITY,Read1,ReadPos 15 95% Quantile QV,37
POSITIONAL QUALITY,Read1,ReadPos 15 98% Quantile QV,37
POSITIONAL QUALITY,Read1,ReadPos 15 99% Quantile QV,37
POSITIONAL QUALITY,Read1,ReadPos 16 1% Quantile QV,11
POSITIONAL QUALITY,Read1,ReadPos 16 2% Quantile QV,11
POSITIONAL QUALITY,Read1,ReadPos 16 5% Quantile QV,25
POSITIONAL QUALITY,Read1,ReadPos 16 10% Quantile QV,37
POSITIONAL QUALITY,Read1,ReadPos 16 25% Quantile QV,37
POSITIONAL QUALITY,Read1,ReadPos 16 50% Quantile QV,37
POSITIONAL QUALITY,Read1,ReadPos 16 75% Quantile QV,37
POSITIONAL QUALITY,Read1,ReadPos 16 90% Quantile QV,37
POSITIONAL QUALITY,Read1,ReadPos 16 95% Quantile QV,37
POSITIONAL QUALITY,Read1,ReadPos 16 98% Quantile QV,37
POSITIONAL QUALITY,Read1,ReadPos 16 99% Quantile QV,37
POSITIONAL QUALITY,Read1,ReadPos 17 1% Quantile QV,11
POSITIONAL QUALITY,Read1,ReadPos 17 2% Quantile QV,11
POSITIONAL QUALITY,Read1,ReadPos 17 5% Quantile QV,25
POSITIONAL QUALITY,Read1,ReadPos 17 10% Quantile QV,37
POSITIONAL QUALITY,Read1,ReadPos 17 25% Quantile QV,37
POSITIONAL QUALITY,Read1,ReadPos 17 50% Quantile QV,37
POSITIONAL QUALITY,Read1,ReadPos 17 75% Quantile QV,37
POSITIONAL QUALITY,Read1,ReadPos 17 90% Quantile QV,37
POSITIONAL QUALITY,Read1,ReadPos 17 95% Quantile QV,37
POSITIONAL QUALITY,Read1,ReadPos 17 98% Quantile QV,37
POSITIONAL QUALITY,Read1,ReadPos 17 99% Quantile QV,37
POSITIONAL QUALITY,Read1,ReadPos 18 1% Quantile QV,11
POSITIONAL QUALITY,Read1,ReadPos 18 2% Quantile QV,11
POSITIONAL QUALITY,Read1,ReadPos 18 5% Quantile QV,25
POSITIONAL QUALITY,Read1,ReadPos 18 10% Quantile QV,37
POSITIONAL QUALITY,Read1,ReadPos 18 25% Quantile QV,37
POSITIONAL QUALITY,Read1,ReadPos 18 50% Quantile QV,37
POSITIONAL QUALITY,Read1,ReadPos 18 75% Quantile QV,37
POSITIONAL QUALITY,Read1,ReadPos 18 90% Quantile QV,37
POSITIONAL QUALITY,Read1,ReadPos 18 95% Quantile QV,37
POSITIONAL QUALITY,Read1,ReadPos 18 98% Quantile QV,37
POSITIONAL QUALITY,Read1,ReadPos 18 99% Quantile QV,37
POSITIONAL QUALITY,Read1,ReadPos 19 1% Quantile QV,11
POSITIONAL QUALITY,Read1,ReadPos 19 2% Quantile QV,11
POSITIONAL QUALITY,Read1,ReadPos 19 5% Quantile QV,25
POSITIONAL QUALITY,Read1,ReadPos 19 10% Quantile QV,37
POSITIONAL QUALITY,Read1,ReadPos 19 25% Quantile QV,37
POSITIONAL QUALITY,Read1,ReadPos 19 50% Quantile QV,37
POSITIONAL QUALITY,Read1,ReadPos 19 75% Quantile QV,37
POSITIONAL QUALITY,Read1,ReadPos 19 90% Quantile QV,37
POSITIONAL QUALITY,Read1,ReadPos 19 95% Quantile QV,37
POSITIONAL QUALITY,Read1,ReadPos 19 98% Quantile QV,37
POSITIONAL QUALITY,Read1,ReadPos 19 99% Quantile QV,37
POSITIONAL QUALITY,Read1,ReadPos 20 1% Quantile QV,11
POSITIONAL QUALITY,Read1,ReadPos 20 2% Quantile QV,11
POSITIONAL QUALITY,Read1,ReadPos 20 5% Quantile QV,25
POSITIONAL QUALITY,Read1,ReadPos 20 10% Quantile QV,37
POSITIONAL QUALITY,Read1,ReadPos 20 25% Quantile QV,37
POSITIONAL QUALITY,Read1,ReadPos 20 50% Quantile QV,37
POSITIONAL QUALITY,Read1,ReadPos 20 75% Quantile QV,37
POSITIONAL QUALITY,Read1,ReadPos 20 90% Quantile QV,37
POSITIONAL QUALITY,Read1,ReadPos 20 95% Quantile QV,37
POSITIONAL QUALITY,Read1,ReadPos 20 98% Quantile QV,37
POSITIONAL QUALITY,Read1,ReadPos 20 99% Quantile QV,37
POSITIONAL QUALITY,Read1,ReadPos 21 1% Quantile QV,11
POSITIONAL QUALITY,Read1,ReadPos 21 2% Quantile QV,11
POSITIONAL QUALITY,Read1,ReadPos 21 5% Quantile QV,25
POSITIONAL QUALITY,Read1,ReadPos 21 10% Quantile QV,37
POSITIONAL QUALITY,Read1,ReadPos 21 25% Quantile QV,37
POSITIONAL QUALITY,Read1,ReadPos 21 50% Quantile QV,37
POSITIONAL QUALITY,Read1,ReadPos 21 75% Quantile QV,37
POSITIONAL QUALITY,Read1,ReadPos 21 90% Quantile QV,37
POSITIONAL QUALITY,Read1,ReadPos 21 95% Quantile QV,37
POSITIONAL QUALITY,Read1,ReadPos 21 98% Quantile QV,37
POSITIONAL QUALITY,Read1,ReadPos 21 99% Quantile QV,37
POSITIONAL QUALITY,Read1,ReadPos 22 1% Quantile QV,11
POSITIONAL QUALITY,Read1,ReadPos 22 2% Quantile QV,11
POSITIONAL QUALITY,Read1,ReadPos 22 5% Quantile QV,25
POSITIONAL QUALITY,Read1,ReadPos 22 10% Quantile QV,37
POSITIONAL QUALITY,Read1,ReadPos 22 25% Quantile QV,37
POSITIONAL QUALITY,Read1,ReadPos 22 50% Quantile QV,37
POSITIONAL QUALITY,Read1,ReadPos 22 75% Quantile QV,37
POSITIONAL QUALITY,Read1,ReadPos 22 90% Quantile QV,37
POSITIONAL QUALITY,Read1,ReadPos 22 95% Quantile QV,37
POSITIONAL QUALITY,Read1,ReadPos 22 98% Quantile QV,37
POSITIONAL QUALITY,Read1,ReadPos 22 99% Quantile QV,37
POSITIONAL QUALITY,Read1,ReadPos 23 1% Quantile QV,11
POSITIONAL QUALITY,Read1,ReadPos 23 2% Quantile QV,11
POSITIONAL QUALITY,Read1,ReadPos 23 5% Quantile QV,25
POSITIONAL QUALITY,Read1,ReadPos 23 10% Quantile QV,37
POSITIONAL QUALITY,Read1,ReadPos 23 25% Quantile QV,37
POSITIONAL QUALITY,Read1,ReadPos 23 50% Quantile QV,37
POSITIONAL QUALITY,Read1,ReadPos 23 75% Quantile QV,37
POSITIONAL QUALITY,Read1,ReadPos 23 90% Quantile QV,37
POSITIONAL QUALITY,Read1,ReadPos 23 95% Quantile QV,37
POSITIONAL QUALITY,Read1,ReadPos 23 98% Quantile QV,37
POSITIONAL QUALITY,Read1,ReadPos 23 99% Quantile QV,37
POSITIONAL QUALITY,Read1,ReadPos 24 1% Quantile QV,11
POSITIONAL QUALITY,Read1,ReadPos 24 2% Quantile QV,11
POSITIONAL QUALITY,Read1,ReadPos 24 5% Quantile QV,11
POSITIONAL QUALITY,Read1,ReadPos 24 10% Quantile QV,25
POSITIONAL QUALITY,Read1,ReadPos 24 25% Quantile QV,37
POSITIONAL QUALITY,Read1,ReadPos 24 50% Quantile QV,37
POSITIONAL QUALITY,Read1,ReadPos 24 75% Quantile QV,37
POSITIONAL QUALITY,Read1,ReadPos 24 90% Quantile QV,37
POSITIONAL QUALITY,Read1,ReadPos 24 95% Quantile QV,37
POSITIONAL QUALITY,Read1,ReadPos 24 98% Quantile QV,37
POSITIONAL QUALITY,Read1,ReadPos 24 99% Quantile QV,37
POSITIONAL QUALITY,Read1,ReadPos 25 1% Quantile QV,11
POSITIONAL QUALITY,Read1,ReadPos 25 2% Quantile QV,11
POSITIONAL QUALITY,Read1,ReadPos 25 5% Quantile QV,11
POSITIONAL QUALITY,Read1,ReadPos 25 10% Quantile QV,11
POSITIONAL QUALITY,Read1,ReadPos 25 25% Quantile QV,37
POSITIONAL QUALITY,Read1,ReadPos 25 50% Quantile QV,37
POSITIONAL QUALITY,Read1,ReadPos 25 75% Quantile QV,37
POSITIONAL QUALITY,Read1,ReadPos 25 90% Quantile QV,37
POSITIONAL QUALITY,Read1,ReadPos 25 95% Quantile QV,37
POSITIONAL QUALITY,Read1,ReadPos 25 98% Quantile QV,37
POSITIONAL QUALITY,Read1,ReadPos 25 99% Quantile QV,37
POSITIONAL QUALITY,Read1,ReadPos 26 1% Quantile QV,11
POSITIONAL QUALITY,Read1,ReadPos 26 2% Quantile QV,11
POSITIONAL QUALITY,Read1,ReadPos 26 5% Quantile QV,25
POSITIONAL QUALITY,Read1,ReadPos 26 10% Quantile QV,37
POSITIONAL QUALITY,Read1,ReadPos 26 25% Quantile QV,37
POSITIONAL QUALITY,Read1,ReadPos 26 50% Quantile QV,37
POSITIONAL QUALITY,Read1,ReadPos 26 75% Quantile QV,37
POSITIONAL QUALITY,Read1,ReadPos 26 90% Quantile QV,37
POSITIONAL QUALITY,Read1,ReadPos 26 95% Quantile QV,37
POSITIONAL QUALITY,Read1,ReadPos 26 98% Quantile QV,37
POSITIONAL QUALITY,Read1,ReadPos 26 99% Quantile QV,37
READ MEAN QUALITY,Read2,Q7 Reads,1
READ MEAN QUALITY,Read2,Q11 Reads,1
READ MEAN QUALITY,Read2,Q12 Reads,1
READ MEAN QUALITY,Read2,Q13 Reads,4
READ MEAN QUALITY,Read2,Q14 Reads,5
READ MEAN QUALITY,Read2,Q15 Reads,16
READ MEAN QUALITY,Read2,Q16 Reads,20
READ MEAN QUALITY,Read2,Q17 Reads,19
READ MEAN QUALITY,Read2,Q18 Reads,26
READ MEAN QUALITY,Read2,Q19 Reads,51
READ MEAN QUALITY,Read2,Q20 Reads,69
READ MEAN QUALITY,Read2,Q21 Reads,101
READ MEAN QUALITY,Read2,Q22 Reads,178
READ MEAN QUALITY,Read2,Q23 Reads,302
READ MEAN QUALITY,Read2,Q24 Reads,506
READ MEAN QUALITY,Read2,Q25 Reads,728
READ MEAN QUALITY,Read2,Q26 Reads,1185
READ MEAN QUALITY,Read2,Q27 Reads,1725
READ MEAN QUALITY,Read2,Q28 Reads,2598
READ MEAN QUALITY,Read2,Q29 Reads,3632
READ MEAN QUALITY,Read2,Q30 Reads,5195
READ MEAN QUALITY,Read2,Q31 Reads,6683
READ MEAN QUALITY,Read2,Q32 Reads,8602
READ MEAN QUALITY,Read2,Q33 Reads,11806
READ MEAN QUALITY,Read2,Q34 Reads,17072
READ MEAN QUALITY,Read2,Q35 Reads,29817
READ MEAN QUALITY,Read2,Q36 Reads,72533
READ MEAN QUALITY,Read2,Q37 Reads,265784
POSITIONAL BASE MEAN QUALITY,Read2,ReadPos 1 A Average Quality,35.96
POSITIONAL BASE MEAN QUALITY,Read2,ReadPos 2 A Average Quality,35.96
POSITIONAL BASE MEAN QUALITY,Read2,ReadPos 3 A Average Quality,36.02
POSITIONAL BASE MEAN QUALITY,Read2,ReadPos 4 A Average Quality,35.97
POSITIONAL BASE MEAN QUALITY,Read2,ReadPos 5 A Average Quality,35.81
POSITIONAL BASE MEAN QUALITY,Read2,ReadPos 6 A Average Quality,35.90
POSITIONAL BASE MEAN QUALITY,Read2,ReadPos 7 A Average Quality,35.92
POSITIONAL BASE MEAN QUALITY,Read2,ReadPos 8 A Average Quality,35.97
POSITIONAL BASE MEAN QUALITY,Read2,ReadPos 9 A Average Quality,35.84
POSITIONAL BASE MEAN QUALITY,Read2,ReadPos 10 A Average Quality,35.90
POSITIONAL BASE MEAN QUALITY,Read2,ReadPos 11 A Average Quality,35.93
POSITIONAL BASE MEAN QUALITY,Read2,ReadPos 12 A Average Quality,35.93
POSITIONAL BASE MEAN QUALITY,Read2,ReadPos 13 A Average Quality,35.78
POSITIONAL BASE MEAN QUALITY,Read2,ReadPos 14 A Average Quality,35.85
POSITIONAL BASE MEAN QUALITY,Read2,ReadPos 15 A Average Quality,35.76
POSITIONAL BASE MEAN QUALITY,Read2,ReadPos 16 A Average Quality,35.76
POSITIONAL BASE MEAN QUALITY,Read2,ReadPos 17 A Average Quality,35.84
POSITIONAL BASE MEAN QUALITY,Read2,ReadPos 18 A Average Quality,35.69
POSITIONAL BASE MEAN QUALITY,Read2,ReadPos 19 A Average Quality,35.72
POSITIONAL BASE MEAN QUALITY,Read2,ReadPos 20 A Average Quality,35.69
POSITIONAL BASE MEAN QUALITY,Read2,ReadPos 21 A Average Quality,35.67
POSITIONAL BASE MEAN QUALITY,Read2,ReadPos 22 A Average Quality,35.71
POSITIONAL BASE MEAN QUALITY,Read2,ReadPos 23 A Average Quality,35.66
POSITIONAL BASE MEAN QUALITY,Read2,ReadPos 24 A Average Quality,35.75
POSITIONAL BASE MEAN QUALITY,Read2,ReadPos 25 A Average Quality,35.75
POSITIONAL BASE MEAN QUALITY,Read2,ReadPos 26 A Average Quality,35.66
POSITIONAL BASE MEAN QUALITY,Read2,ReadPos 1 C Average Quality,35.94
POSITIONAL BASE MEAN QUALITY,Read2,ReadPos 2 C Average Quality,35.94
POSITIONAL BASE MEAN QUALITY,Read2,ReadPos 3 C Average Quality,36.19
POSITIONAL BASE MEAN QUALITY,Read2,ReadPos 4 C Average Quality,36.15
POSITIONAL BASE MEAN QUALITY,Read2,ReadPos 5 C Average Quality,36.15
POSITIONAL BASE MEAN QUALITY,Read2,ReadPos 6 C Average Quality,36.14
POSITIONAL BASE MEAN QUALITY,Read2,ReadPos 7 C Average Quality,36.19
POSITIONAL BASE MEAN QUALITY,Read2,ReadPos 8 C Average Quality,36.20
POSITIONAL BASE MEAN QUALITY,Read2,ReadPos 9 C Average Quality,36.13
POSITIONAL BASE MEAN QUALITY,Read2,ReadPos 10 C Average Quality,36.20
POSITIONAL BASE MEAN QUALITY,Read2,ReadPos 11 C Average Quality,36.18
POSITIONAL BASE MEAN QUALITY,Read2,ReadPos 12 C Average Quality,36.18
POSITIONAL BASE MEAN QUALITY,Read2,ReadPos 13 C Average Quality,36.16
POSITIONAL BASE MEAN QUALITY,Read2,ReadPos 14 C Average Quality,36.13
POSITIONAL BASE MEAN QUALITY,Read2,ReadPos 15 C Average Quality,36.03
POSITIONAL BASE MEAN QUALITY,Read2,ReadPos 16 C Average Quality,36.06
POSITIONAL BASE MEAN QUALITY,Read2,ReadPos 17 C Average Quality,36.13
POSITIONAL BASE MEAN QUALITY,Read2,ReadPos 18 C Average Quality,36.03
POSITIONAL BASE MEAN QUALITY,Read2,ReadPos 19 C Average Quality,36.02
POSITIONAL BASE MEAN QUALITY,Read2,ReadPos 20 C Average Quality,36.03
POSITIONAL BASE MEAN QUALITY,Read2,ReadPos 21 C Average Quality,36.03
POSITIONAL BASE MEAN QUALITY,Read2,ReadPos 22 C Average Quality,36.00
POSITIONAL BASE MEAN QUALITY,Read2,ReadPos 23 C Average Quality,36.07
POSITIONAL BASE MEAN QUALITY,Read2,ReadPos 24 C Average Quality,36.07
POSITIONAL BASE MEAN QUALITY,Read2,ReadPos 25 C Average Quality,36.06
POSITIONAL BASE MEAN QUALITY,Read2,ReadPos 26 C Average Quality,36.10
POSITIONAL BASE MEAN QUALITY,Read2,ReadPos 1 G Average Quality,34.65
POSITIONAL BASE MEAN QUALITY,Read2,ReadPos 2 G Average Quality,35.37
POSITIONAL BASE MEAN QUALITY,Read2,ReadPos 3 G Average Quality,35.62
POSITIONAL BASE MEAN QUALITY,Read2,ReadPos 4 G Average Quality,35.75
POSITIONAL BASE MEAN QUALITY,Read2,ReadPos 5 G Average Quality,35.68
POSITIONAL BASE MEAN QUALITY,Read2,ReadPos 6 G Average Quality,35.75
POSITIONAL BASE MEAN QUALITY,Read2,ReadPos 7 G Average Quality,35.67
POSITIONAL BASE MEAN QUALITY,Read2,ReadPos 8 G Average Quality,35.82
POSITIONAL BASE MEAN QUALITY,Read2,ReadPos 9 G Average Quality,35.70
POSITIONAL BASE MEAN QUALITY,Read2,ReadPos 10 G Average Quality,35.80
POSITIONAL BASE MEAN QUALITY,Read2,ReadPos 11 G Average Quality,35.80
POSITIONAL BASE MEAN QUALITY,Read2,ReadPos 12 G Average Quality,35.72
POSITIONAL BASE MEAN QUALITY,Read2,ReadPos 13 G Average Quality,35.75
POSITIONAL BASE MEAN QUALITY,Read2,ReadPos 14 G Average Quality,35.78
POSITIONAL BASE MEAN QUALITY,Read2,ReadPos 15 G Average Quality,35.68
POSITIONAL BASE MEAN QUALITY,Read2,ReadPos 16 G Average Quality,35.70
POSITIONAL BASE MEAN QUALITY,Read2,ReadPos 17 G Average Quality,35.79
POSITIONAL BASE MEAN QUALITY,Read2,ReadPos 18 G Average Quality,35.62
POSITIONAL BASE MEAN QUALITY,Read2,ReadPos 19 G Average Quality,35.63
POSITIONAL BASE MEAN QUALITY,Read2,ReadPos 20 G Average Quality,35.56
POSITIONAL BASE MEAN QUALITY,Read2,ReadPos 21 G Average Quality,35.63
POSITIONAL BASE MEAN QUALITY,Read2,ReadPos 22 G Average Quality,35.71
POSITIONAL BASE MEAN QUALITY,Read2,ReadPos 23 G Average Quality,35.79
POSITIONAL BASE MEAN QUALITY,Read2,ReadPos 24 G Average Quality,35.87
POSITIONAL BASE MEAN QUALITY,Read2,ReadPos 25 G Average Quality,35.84
POSITIONAL BASE MEAN QUALITY,Read2,ReadPos 26 G Average Quality,35.83
POSITIONAL BASE MEAN QUALITY,Read2,ReadPos 1 T Average Quality,35.65
POSITIONAL BASE MEAN QUALITY,Read2,ReadPos 2 T Average Quality,35.78
POSITIONAL BASE MEAN QUALITY,Read2,ReadPos 3 T Average Quality,35.72
POSITIONAL BASE MEAN QUALITY,Read2,ReadPos 4 T Average Quality,35.78
POSITIONAL BASE MEAN QUALITY,Read2,ReadPos 5 T Average Quality,35.69
POSITIONAL BASE MEAN QUALITY,Read2,ReadPos 6 T Average Quality,35.71
POSITIONAL BASE MEAN QUALITY,Read2,ReadPos 7 T Average Quality,35.66
POSITIONAL BASE MEAN QUALITY,Read2,ReadPos 8 T Average Quality,35.73
POSITIONAL BASE MEAN QUALITY,Read2,ReadPos 9 T Average Quality,35.58
POSITIONAL BASE MEAN QUALITY,Read2,ReadPos 10 T Average Quality,35.68
POSITIONAL BASE MEAN QUALITY,Read2,ReadPos 11 T Average Quality,35.66
POSITIONAL BASE MEAN QUALITY,Read2,ReadPos 12 T Average Quality,35.67
POSITIONAL BASE MEAN QUALITY,Read2,ReadPos 13 T Average Quality,35.54
POSITIONAL BASE MEAN QUALITY,Read2,ReadPos 14 T Average Quality,35.57
POSITIONAL BASE MEAN QUALITY,Read2,ReadPos 15 T Average Quality,35.44
POSITIONAL BASE MEAN QUALITY,Read2,ReadPos 16 T Average Quality,35.42
POSITIONAL BASE MEAN QUALITY,Read2,ReadPos 17 T Average Quality,35.54
POSITIONAL BASE MEAN QUALITY,Read2,ReadPos 18 T Average Quality,35.36
POSITIONAL BASE MEAN QUALITY,Read2,ReadPos 19 T Average Quality,35.38
POSITIONAL BASE MEAN QUALITY,Read2,ReadPos 20 T Average Quality,35.39
POSITIONAL BASE MEAN QUALITY,Read2,ReadPos 21 T Average Quality,35.39
POSITIONAL BASE MEAN QUALITY,Read2,ReadPos 22 T Average Quality,35.50
POSITIONAL BASE MEAN QUALITY,Read2,ReadPos 23 T Average Quality,35.54
POSITIONAL BASE MEAN QUALITY,Read2,ReadPos 24 T Average Quality,35.54
POSITIONAL BASE MEAN QUALITY,Read2,ReadPos 25 T Average Quality,35.60
POSITIONAL BASE MEAN QUALITY,Read2,ReadPos 26 T Average Quality,35.58
POSITIONAL BASE CONTENT,Read2,ReadPos 1 A Bases,103476
POSITIONAL BASE CONTENT,Read2,ReadPos 2 A Bases,113663
POSITIONAL BASE CONTENT,Read2,ReadPos 3 A Bases,108929
POSITIONAL BASE CONTENT,Read2,ReadPos 4 A Bases,108704
POSITIONAL BASE CONTENT,Read2,ReadPos 5 A Bases,115942
POSITIONAL BASE CONTENT,Read2,ReadPos 6 A Bases,109078
POSITIONAL BASE CONTENT,Read2,ReadPos 7 A Bases,107851
POSITIONAL BASE CONTENT,Read2,ReadPos 8 A Bases,109595
POSITIONAL BASE CONTENT,Read2,ReadPos 9 A Bases,112045
POSITIONAL BASE CONTENT,Read2,ReadPos 10 A Bases,107916
POSITIONAL BASE CONTENT,Read2,ReadPos 11 A Bases,108209
POSITIONAL BASE CONTENT,Read2,ReadPos 12 A Bases,113563
POSITIONAL BASE CONTENT,Read2,ReadPos 13 A Bases,118255
POSITIONAL BASE CONTENT,Read2,ReadPos 14 A Bases,118897
POSITIONAL BASE CONTENT,Read2,ReadPos 15 A Bases,120013
POSITIONAL BASE CONTENT,Read2,ReadPos 16 A Bases,119400
POSITIONAL BASE CONTENT,Read2,ReadPos 17 A Bases,118010
POSITIONAL BASE CONTENT,Read2,ReadPos 18 A Bases,119601
POSITIONAL BASE CONTENT,Read2,ReadPos 19 A Bases,118635
POSITIONAL BASE CONTENT,Read2,ReadPos 20 A Bases,118884
POSITIONAL BASE CONTENT,Read2,ReadPos 21 A Bases,119068
POSITIONAL BASE CONTENT,Read2,ReadPos 22 A Bases,119791
POSITIONAL BASE CONTENT,Read2,ReadPos 23 A Bases,116841
POSITIONAL BASE CONTENT,Read2,ReadPos 24 A Bases,118639
POSITIONAL BASE CONTENT,Read2,ReadPos 25 A Bases,116251
POSITIONAL BASE CONTENT,Read2,ReadPos 26 A Bases,109012
POSITIONAL BASE CONTENT,Read2,ReadPos 1 C Bases,107158
POSITIONAL BASE CONTENT,Read2,ReadPos 2 C Bases,98326
POSITIONAL BASE CONTENT,Read2,ReadPos 3 C Bases,105053
POSITIONAL BASE CONTENT,Read2,ReadPos 4 C Bases,108222
POSITIONAL BASE CONTENT,Read2,ReadPos 5 C Bases,103327
POSITIONAL BASE CONTENT,Read2,ReadPos 6 C Bases,101965
POSITIONAL BASE CONTENT,Read2,ReadPos 7 C Bases,105418
POSITIONAL BASE CONTENT,Read2,ReadPos 8 C Bases,106720
POSITIONAL BASE CONTENT,Read2,ReadPos 9 C Bases,105402
POSITIONAL BASE CONTENT,Read2,ReadPos 10 C Bases,103889
POSITIONAL BASE CONTENT,Read2,ReadPos 11 C Bases,102355
POSITIONAL BASE CONTENT,Read2,ReadPos 12 C Bases,102028
POSITIONAL BASE CONTENT,Read2,ReadPos 13 C Bases,122684
POSITIONAL BASE CONTENT,Read2,ReadPos 14 C Bases,122409
POSITIONAL BASE CONTENT,Read2,ReadPos 15 C Bases,121640
POSITIONAL BASE CONTENT,Read2,ReadPos 16 C Bases,121465
POSITIONAL BASE CONTENT,Read2,ReadPos 17 C Bases,121770
POSITIONAL BASE CONTENT,Read2,ReadPos 18 C Bases,121284
POSITIONAL BASE CONTENT,Read2,ReadPos 19 C Bases,119794
POSITIONAL BASE CONTENT,Read2,ReadPos 20 C Bases,120162
POSITIONAL BASE CONTENT,Read2,ReadPos 21 C Bases,120762
POSITIONAL BASE CONTENT,Read2,ReadPos 22 C Bases,119451
POSITIONAL BASE CONTENT,Read2,ReadPos 23 C Bases,120535
POSITIONAL BASE CONTENT,Read2,ReadPos 24 C Bases,118603
POSITIONAL BASE CONTENT,Read2,ReadPos 25 C Bases,118199
POSITIONAL BASE CONTENT,Read2,ReadPos 26 C Bases,110638
POSITIONAL BASE CONTENT,Read2,ReadPos 1 G Bases,96417
POSITIONAL BASE CONTENT,Read2,ReadPos 2 G Bases,105540
POSITIONAL BASE CONTENT,Read2,ReadPos 3 G Bases,107068
POSITIONAL BASE CONTENT,Read2,ReadPos 4 G Bases,106240
POSITIONAL BASE CONTENT,Read2,ReadPos 5 G Bases,102235
POSITIONAL BASE CONTENT,Read2,ReadPos 6 G Bases,103788
POSITIONAL BASE CONTENT,Read2,ReadPos 7 G Bases,106663
POSITIONAL BASE CONTENT,Read2,ReadPos 8 G Bases,107365
POSITIONAL BASE CONTENT,Read2,ReadPos 9 G Bases,106723
POSITIONAL BASE CONTENT,Read2,ReadPos 10 G Bases,101942
POSITIONAL BASE CONTENT,Read2,ReadPos 11 G Bases,109448
POSITIONAL BASE CONTENT,Read2,ReadPos 12 G Bases,108638
POSITIONAL BASE CONTENT,Read2,ReadPos 13 G Bases,93555
POSITIONAL BASE CONTENT,Read2,ReadPos 14 G Bases,95059
POSITIONAL BASE CONTENT,Read2,ReadPos 15 G Bases,95567
POSITIONAL BASE CONTENT,Read2,ReadPos 16 G Bases,96056
POSITIONAL BASE CONTENT,Read2,ReadPos 17 G Bases,97127
POSITIONAL BASE CONTENT,Read2,ReadPos 18 G Bases,96588
POSITIONAL BASE CONTENT,Read2,ReadPos 19 G Bases,99082
POSITIONAL BASE CONTENT,Read2,ReadPos 20 G Bases,97941
POSITIONAL BASE CONTENT,Read2,ReadPos 21 G Bases,96431
POSITIONAL BASE CONTENT,Read2,ReadPos 22 G Bases,97771
POSITIONAL BASE CONTENT,Read2,ReadPos 23 G Bases,98680
POSITIONAL BASE CONTENT,Read2,ReadPos 24 G Bases,99671
POSITIONAL BASE CONTENT,Read2,ReadPos 25 G Bases,98632
POSITIONAL BASE CONTENT,Read2,ReadPos 26 G Bases,91808
POSITIONAL BASE CONTENT,Read2,ReadPos 1 T Bases,121523
POSITIONAL BASE CONTENT,Read2,ReadPos 2 T Bases,111108
POSITIONAL BASE CONTENT,Read2,ReadPos 3 T Bases,107567
POSITIONAL BASE CONTENT,Read2,ReadPos 4 T Bases,105415
POSITIONAL BASE CONTENT,Read2,ReadPos 5 T Bases,106945
POSITIONAL BASE CONTENT,Read2,ReadPos 6 T Bases,113642
POSITIONAL BASE CONTENT,Read2,ReadPos 7 T Bases,108528
POSITIONAL BASE CONTENT,Read2,ReadPos 8 T Bases,104748
POSITIONAL BASE CONTENT,Read2,ReadPos 9 T Bases,104205
POSITIONAL BASE CONTENT,Read2,ReadPos 10 T Bases,114592
POSITIONAL BASE CONTENT,Read2,ReadPos 11 T Bases,108279
POSITIONAL BASE CONTENT,Read2,ReadPos 12 T Bases,104014
POSITIONAL BASE CONTENT,Read2,ReadPos 13 T Bases,93689
POSITIONAL BASE CONTENT,Read2,ReadPos 14 T Bases,91771
POSITIONAL BASE CONTENT,Read2,ReadPos 15 T Bases,90854
POSITIONAL BASE CONTENT,Read2,ReadPos 16 T Bases,91070
POSITIONAL BASE CONTENT,Read2,ReadPos 17 T Bases,91025
POSITIONAL BASE CONTENT,Read2,ReadPos 18 T Bases,90363
POSITIONAL BASE CONTENT,Read2,ReadPos 19 T Bases,90205
POSITIONAL BASE CONTENT,Read2,ReadPos 20 T Bases,90258
POSITIONAL BASE CONTENT,Read2,ReadPos 21 T Bases,90490
POSITIONAL BASE CONTENT,Read2,ReadPos 22 T Bases,89585
POSITIONAL BASE CONTENT,Read2,ReadPos 23 T Bases,90313
POSITIONAL BASE CONTENT,Read2,ReadPos 24 T Bases,88626
POSITIONAL BASE CONTENT,Read2,ReadPos 25 T Bases,88600
POSITIONAL BASE CONTENT,Read2,ReadPos 26 T Bases,80624
POSITIONAL BASE CONTENT,Read2,ReadPos 1 N Bases,86
POSITIONAL BASE CONTENT,Read2,ReadPos 2 N Bases,1
POSITIONAL BASE CONTENT,Read2,ReadPos 3 N Bases,3
POSITIONAL BASE CONTENT,Read2,ReadPos 4 N Bases,24
POSITIONAL BASE CONTENT,Read2,ReadPos 5 N Bases,132
POSITIONAL BASE CONTENT,Read2,ReadPos 6 N Bases,29
POSITIONAL BASE CONTENT,Read2,ReadPos 7 N Bases,11
POSITIONAL BASE CONTENT,Read2,ReadPos 8 N Bases,6
POSITIONAL BASE CONTENT,Read2,ReadPos 9 N Bases,16
POSITIONAL BASE CONTENT,Read2,ReadPos 10 N Bases,17
POSITIONAL BASE CONTENT,Read2,ReadPos 11 N Bases,15
POSITIONAL BASE CONTENT,Read2,ReadPos 12 N Bases,18
POSITIONAL BASE CONTENT,Read2,ReadPos 13 N Bases,26
POSITIONAL BASE CONTENT,Read2,ReadPos 14 N Bases,9
POSITIONAL BASE CONTENT,Read2,ReadPos 15 N Bases,9
POSITIONAL BASE CONTENT,Read2,ReadPos 16 N Bases,15
POSITIONAL BASE CONTENT,Read2,ReadPos 17 N Bases,21
POSITIONAL BASE CONTENT,Read2,ReadPos 18 N Bases,15
POSITIONAL BASE CONTENT,Read2,ReadPos 19 N Bases,18
POSITIONAL BASE CONTENT,Read2,ReadPos 20 N Bases,14
POSITIONAL BASE CONTENT,Read2,ReadPos 21 N Bases,17
POSITIONAL BASE CONTENT,Read2,ReadPos 22 N Bases,9
POSITIONAL BASE CONTENT,Read2,ReadPos 23 N Bases,7
POSITIONAL BASE CONTENT,Read2,ReadPos 24 N Bases,7
POSITIONAL BASE CONTENT,Read2,ReadPos 25 N Bases,8
POSITIONAL BASE CONTENT,Read2,ReadPos 26 N Bases,14
READ LENGTHS,Read2,1bp Length Reads,22
READ LENGTHS,Read2,2bp Length Reads,18
READ LENGTHS,Read2,3bp Length Reads,15
READ LENGTHS,Read2,4bp Length Reads,24
READ LENGTHS,Read2,5bp Length Reads,79
READ LENGTHS,Read2,6bp Length Reads,31
READ LENGTHS,Read2,7bp Length Reads,38
READ LENGTHS,Read2,8bp Length Reads,43
READ LENGTHS,Read2,9bp Length Reads,35
READ LENGTHS,Read2,10bp Length Reads,50
READ LENGTHS,Read2,11bp Length Reads,45
READ LENGTHS,Read2,12bp Length Reads,52
READ LENGTHS,Read2,13bp Length Reads,64
READ LENGTHS,Read2,14bp Length Reads,62
READ LENGTHS,Read2,15bp Length Reads,77
READ LENGTHS,Read2,16bp Length Reads,53
READ LENGTHS,Read2,17bp Length Reads,102
READ LENGTHS,Read2,18bp Length Reads,117
READ LENGTHS,Read2,19bp Length Reads,475
READ LENGTHS,Read2,20bp Length Reads,491
READ LENGTHS,Read2,21bp Length Reads,161
READ LENGTHS,Read2,22bp Length Reads,231
READ LENGTHS,Read2,23bp Length Reads,830
READ LENGTHS,Read2,24bp Length Reads,3857
READ LENGTHS,Read2,25bp Length Reads,29597
READ LENGTHS,Read2,26bp Length Reads,392127
READ GC CONTENT,Read2,0% GC Reads,173026
READ GC CONTENT,Read2,1% GC Reads,173026
READ GC CONTENT,Read2,2% GC Reads,164506
READ GC CONTENT,Read2,3% GC Reads,155986
READ GC CONTENT,Read2,4% GC Reads,155986
READ GC CONTENT,Read2,5% GC Reads,152709
READ GC CONTENT,Read2,6% GC Reads,228733
READ GC CONTENT,Read2,7% GC Reads,312622
READ GC CONTENT,Read2,8% GC Reads,317210
READ GC CONTENT,Read2,9% GC Reads,317210
READ GC CONTENT,Read2,10% GC Reads,575103
READ GC CONTENT,Read2,11% GC Reads,832996
READ GC CONTENT,Read2,12% GC Reads,832996
READ GC CONTENT,Read2,13% GC Reads,1440538
READ GC CONTENT,Read2,14% GC Reads,2102802
READ GC CONTENT,Read2,15% GC Reads,2159819
READ GC CONTENT,Read2,16% GC Reads,2159492
READ GC CONTENT,Read2,17% GC Reads,4549680
READ GC CONTENT,Read2,18% GC Reads,7210204
READ GC CONTENT,Read2,19% GC Reads,7563112
READ GC CONTENT,Read2,20% GC Reads,7653221
READ GC CONTENT,Read2,21% GC Reads,15511611
READ GC CONTENT,Read2,22% GC Reads,24132512
READ GC CONTENT,Read2,23% GC Reads,25311488
READ GC CONTENT,Read2,24% GC Reads,25849527
READ GC CONTENT,Read2,25% GC Reads,44488003
READ GC CONTENT,Read2,26% GC Reads,65037829
READ GC CONTENT,Read2,27% GC Reads,67282754
READ GC CONTENT,Read2,28% GC Reads,67560294
READ GC CONTENT,Read2,29% GC Reads,113208488
READ GC CONTENT,Read2,30% GC Reads,163732878
READ GC CONTENT,Read2,31% GC Reads,169534739
READ GC CONTENT,Read2,32% GC Reads,170385361
READ GC CONTENT,Read2,33% GC Reads,252671530
READ GC CONTENT,Read2,34% GC Reads,341705597
READ GC CONTENT,Read2,35% GC Reads,349885760
READ GC CONTENT,Read2,36% GC Reads,351008351
READ GC CONTENT,Read2,37% GC Reads,454112803
READ GC CONTENT,Read2,38% GC Reads,566625925
READ GC CONTENT,Read2,39% GC Reads,576174851
READ GC CONTENT,Read2,40% GC Reads,708192538
READ GC CONTENT,Read2,41% GC Reads,840644085
READ GC CONTENT,Read2,42% GC Reads,849761140
READ GC CONTENT,Read2,43% GC Reads,858593104
READ GC CONTENT,Read2,44% GC Reads,944859641
READ GC CONTENT,Read2,45% GC Reads,1031103892
READ GC CONTENT,Read2,46% GC Reads,1037083396
READ GC CONTENT,Read2,47% GC Reads,1043078305
READ GC CONTENT,Read2,48% GC Reads,1086933963
READ GC CONTENT,Read2,49% GC Reads,1130227296
READ GC CONTENT,Read2,50% GC Reads,1129756424
READ GC CONTENT,Read2,51% GC Reads,1129285552
READ GC CONTENT,Read2,52% GC Reads,1096905045
READ GC CONTENT,Read2,53% GC Reads,1067872302
READ GC CONTENT,Read2,54% GC Reads,1061559860
READ GC CONTENT,Read2,55% GC Reads,1057222713
READ GC CONTENT,Read2,56% GC Reads,954224791
READ GC CONTENT,Read2,57% GC Reads,849034983
READ GC CONTENT,Read2,58% GC Reads,836149092
READ GC CONTENT,Read2,59% GC Reads,826198091
READ GC CONTENT,Read2,60% GC Reads,708499573
READ GC CONTENT,Read2,61% GC Reads,588956528
READ GC CONTENT,Read2,62% GC Reads,580297875
READ GC CONTENT,Read2,63% GC Reads,462834172
READ GC CONTENT,Read2,64% GC Reads,352063701
READ GC CONTENT,Read2,65% GC Reads,350442403
READ GC CONTENT,Read2,66% GC Reads,340023872
READ GC CONTENT,Read2,67% GC Reads,251762247
READ GC CONTENT,Read2,68% GC Reads,172393524
READ GC CONTENT,Read2,69% GC Reads,171546175
READ GC CONTENT,Read2,70% GC Reads,166541897
READ GC CONTENT,Read2,71% GC Reads,116077458
READ GC CONTENT,Read2,72% GC Reads,69786993
READ GC CONTENT,Read2,73% GC Reads,69445564
READ GC CONTENT,Read2,74% GC Reads,67057773
READ GC CONTENT,Read2,75% GC Reads,43951278
READ GC CONTENT,Read2,76% GC Reads,22932105
READ GC CONTENT,Read2,77% GC Reads,22794488
READ GC CONTENT,Read2,78% GC Reads,21697100
READ GC CONTENT,Read2,79% GC Reads,12924486
READ GC CONTENT,Read2,80% GC Reads,5055937
READ GC CONTENT,Read2,81% GC Reads,4883904
READ GC CONTENT,Read2,82% GC Reads,4707944
READ GC CONTENT,Read2,83% GC Reads,2818473
READ GC CONTENT,Read2,84% GC Reads,1123320
READ GC CONTENT,Read2,85% GC Reads,1102348
READ GC CONTENT,Read2,86% GC Reads,1044020
READ GC CONTENT,Read2,87% GC Reads,648824
READ GC CONTENT,Read2,88% GC Reads,318840
READ GC CONTENT,Read2,89% GC Reads,313924
READ GC CONTENT,Read2,90% GC Reads,331936
READ GC CONTENT,Read2,91% GC Reads,359124
READ GC CONTENT,Read2,92% GC Reads,380422
READ GC CONTENT,Read2,93% GC Reads,443012
READ GC CONTENT,Read2,94% GC Reads,553432
READ GC CONTENT,Read2,95% GC Reads,770338
READ GC CONTENT,Read2,96% GC Reads,1192068
READ GC CONTENT,Read2,97% GC Reads,1862512
READ GC CONTENT,Read2,98% GC Reads,3700515
READ GC CONTENT,Read2,99% GC Reads,5037162
READ GC CONTENT,Read2,100% GC Reads,5037162
READ GC CONTENT QUALITY,Read2,0% GC Reads Average Quality,29.20
READ GC CONTENT QUALITY,Read2,1% GC Reads Average Quality,29.20
READ GC CONTENT QUALITY,Read2,2% GC Reads Average Quality,27.34
READ GC CONTENT QUALITY,Read2,3% GC Reads Average Quality,25.29
READ GC CONTENT QUALITY,Read2,4% GC Reads Average Quality,25.29
READ GC CONTENT QUALITY,Read2,5% GC Reads Average Quality,25.27
READ GC CONTENT QUALITY,Read2,6% GC Reads Average Quality,26.26
READ GC CONTENT QUALITY,Read2,7% GC Reads Average Quality,26.67
READ GC CONTENT QUALITY,Read2,8% GC Reads Average Quality,26.59
READ GC CONTENT QUALITY,Read2,9% GC Reads Average Quality,26.59
READ GC CONTENT QUALITY,Read2,10% GC Reads Average Quality,26.67
READ GC CONTENT QUALITY,Read2,11% GC Reads Average Quality,26.71
READ GC CONTENT QUALITY,Read2,12% GC Reads Average Quality,26.71
READ GC CONTENT QUALITY,Read2,13% GC Reads Average Quality,29.52
READ GC CONTENT QUALITY,Read2,14% GC Reads Average Quality,30.77
READ GC CONTENT QUALITY,Read2,15% GC Reads Average Quality,30.88
READ GC CONTENT QUALITY,Read2,16% GC Reads Average Quality,30.88
READ GC CONTENT QUALITY,Read2,17% GC Reads Average Quality,32.83
READ GC CONTENT QUALITY,Read2,18% GC Reads Average Quality,33.48
READ GC CONTENT QUALITY,Read2,19% GC Reads Average Quality,33.53
READ GC CONTENT QUALITY,Read2,20% GC Reads Average Quality,33.53
READ GC CONTENT QUALITY,Read2,21% GC Reads Average Quality,34.21
READ GC CONTENT QUALITY,Read2,22% GC Reads Average Quality,34.48
READ GC CONTENT QUALITY,Read2,23% GC Reads Average Quality,34.56
READ GC CONTENT QUALITY,Read2,24% GC Reads Average Quality,34.60
READ GC CONTENT QUALITY,Read2,25% GC Reads Average Quality,34.97
READ GC CONTENT QUALITY,Read2,26% GC Reads Average Quality,35.14
READ GC CONTENT QUALITY,Read2,27% GC Reads Average Quality,35.15
READ GC CONTENT QUALITY,Read2,28% GC Reads Average Quality,35.16
READ GC CONTENT QUALITY,Read2,29% GC Reads Average Quality,35.38
READ GC CONTENT QUALITY,Read2,30% GC Reads Average Quality,35.49
READ GC CONTENT QUALITY,Read2,31% GC Reads Average Quality,35.50
READ GC CONTENT QUALITY,Read2,32% GC Reads Average Quality,35.50
READ GC CONTENT QUALITY,Read2,33% GC Reads Average Quality,35.64
READ GC CONTENT QUALITY,Read2,34% GC Reads Average Quality,35.72
READ GC CONTENT QUALITY,Read2,35% GC Reads Average Quality,35.73
READ GC CONTENT QUALITY,Read2,36% GC Reads Average Quality,35.73
READ GC CONTENT QUALITY,Read2,37% GC Reads Average Quality,35.78
READ GC CONTENT QUALITY,Read2,38% GC Reads Average Quality,35.81
READ GC CONTENT QUALITY,Read2,39% GC Reads Average Quality,35.80
READ GC CONTENT QUALITY,Read2,40% GC Reads Average Quality,35.85
READ GC CONTENT QUALITY,Read2,41% GC Reads Average Quality,35.88
READ GC CONTENT QUALITY,Read2,42% GC Reads Average Quality,35.88
READ GC CONTENT QUALITY,Read2,43% GC Reads Average Quality,35.88
READ GC CONTENT QUALITY,Read2,44% GC Reads Average Quality,35.92
READ GC CONTENT QUALITY,Read2,45% GC Reads Average Quality,35.95
READ GC CONTENT QUALITY,Read2,46% GC Reads Average Quality,35.95
READ GC CONTENT QUALITY,Read2,47% GC Reads Average Quality,35.95
READ GC CONTENT QUALITY,Read2,48% GC Reads Average Quality,35.97
READ GC CONTENT QUALITY,Read2,49% GC Reads Average Quality,35.98
READ GC CONTENT QUALITY,Read2,50% GC Reads Average Quality,35.98
READ GC CONTENT QUALITY,Read2,51% GC Reads Average Quality,35.98
READ GC CONTENT QUALITY,Read2,52% GC Reads Average Quality,36.00
READ GC CONTENT QUALITY,Read2,53% GC Reads Average Quality,36.01
READ GC CONTENT QUALITY,Read2,54% GC Reads Average Quality,36.01
READ GC CONTENT QUALITY,Read2,55% GC Reads Average Quality,36.01
READ GC CONTENT QUALITY,Read2,56% GC Reads Average Quality,36.01
READ GC CONTENT QUALITY,Read2,57% GC Reads Average Quality,36.02
READ GC CONTENT QUALITY,Read2,58% GC Reads Average Quality,36.02
READ GC CONTENT QUALITY,Read2,59% GC Reads Average Quality,36.02
READ GC CONTENT QUALITY,Read2,60% GC Reads Average Quality,36.03
READ GC CONTENT QUALITY,Read2,61% GC Reads Average Quality,36.05
READ GC CONTENT QUALITY,Read2,62% GC Reads Average Quality,36.05
READ GC CONTENT QUALITY,Read2,63% GC Reads Average Quality,36.05
READ GC CONTENT QUALITY,Read2,64% GC Reads Average Quality,36.06
READ GC CONTENT QUALITY,Read2,65% GC Reads Average Quality,36.06
READ GC CONTENT QUALITY,Read2,66% GC Reads Average Quality,36.06
READ GC CONTENT QUALITY,Read2,67% GC Reads Average Quality,36.07
READ GC CONTENT QUALITY,Read2,68% GC Reads Average Quality,36.07
READ GC CONTENT QUALITY,Read2,69% GC Reads Average Quality,36.07
READ GC CONTENT QUALITY,Read2,70% GC Reads Average Quality,36.06
READ GC CONTENT QUALITY,Read2,71% GC Reads Average Quality,36.05
READ GC CONTENT QUALITY,Read2,72% GC Reads Average Quality,36.02
READ GC CONTENT QUALITY,Read2,73% GC Reads Average Quality,36.03
READ GC CONTENT QUALITY,Read2,74% GC Reads Average Quality,36.03
READ GC CONTENT QUALITY,Read2,75% GC Reads Average Quality,35.99
READ GC CONTENT QUALITY,Read2,76% GC Reads Average Quality,35.87
READ GC CONTENT QUALITY,Read2,77% GC Reads Average Quality,35.88
READ GC CONTENT QUALITY,Read2,78% GC Reads Average Quality,35.88
READ GC CONTENT QUALITY,Read2,79% GC Reads Average Quality,35.83
READ GC CONTENT QUALITY,Read2,80% GC Reads Average Quality,35.64
READ GC CONTENT QUALITY,Read2,81% GC Reads Average Quality,35.60
READ GC CONTENT QUALITY,Read2,82% GC Reads Average Quality,35.55
READ GC CONTENT QUALITY,Read2,83% GC Reads Average Quality,35.25
READ GC CONTENT QUALITY,Read2,84% GC Reads Average Quality,34.25
READ GC CONTENT QUALITY,Read2,85% GC Reads Average Quality,34.27
READ GC CONTENT QUALITY,Read2,86% GC Reads Average Quality,34.17
READ GC CONTENT QUALITY,Read2,87% GC Reads Average Quality,32.92
READ GC CONTENT QUALITY,Read2,88% GC Reads Average Quality,28.73
READ GC CONTENT QUALITY,Read2,89% GC Reads Average Quality,28.57
READ GC CONTENT QUALITY,Read2,90% GC Reads Average Quality,28.31
READ GC CONTENT QUALITY,Read2,91% GC Reads Average Quality,28.16
READ GC CONTENT QUALITY,Read2,92% GC Reads Average Quality,28.29
READ GC CONTENT QUALITY,Read2,93% GC Reads Average Quality,28.68
READ GC CONTENT QUALITY,Read2,94% GC Reads Average Quality,30.28
READ GC CONTENT QUALITY,Read2,95% GC Reads Average Quality,31.39
READ GC CONTENT QUALITY,Read2,96% GC Reads Average Quality,31.52
READ GC CONTENT QUALITY,Read2,97% GC Reads Average Quality,31.69
READ GC CONTENT QUALITY,Read2,98% GC Reads Average Quality,32.67
READ GC CONTENT QUALITY,Read2,99% GC Reads Average Quality,33.09
READ GC CONTENT QUALITY,Read2,100% GC Reads Average Quality,33.09
SEQUENCE POSITIONS,Read2,'AGATCGGAAGAG' Total Sequence Starts,0,0.00
SEQUENCE POSITIONS,Read2,'TGGAATTCTCGG' Total Sequence Starts,0,0.00
SEQUENCE POSITIONS,Read2,'GATCGTCGGACT' Total Sequence Starts,0,0.00
SEQUENCE POSITIONS,Read2,'CTGTCTCTTATA' 7bp Starts,2
SEQUENCE POSITIONS,Read2,'CTGTCTCTTATA' Total Sequence Starts,2,0.00
POSITIONAL QUALITY,Read2,ReadPos 1 1% Quantile QV,11
POSITIONAL QUALITY,Read2,ReadPos 1 2% Quantile QV,11
POSITIONAL QUALITY,Read2,ReadPos 1 5% Quantile QV,25
POSITIONAL QUALITY,Read2,ReadPos 1 10% Quantile QV,37
POSITIONAL QUALITY,Read2,ReadPos 1 25% Quantile QV,37
POSITIONAL QUALITY,Read2,ReadPos 1 50% Quantile QV,37
POSITIONAL QUALITY,Read2,ReadPos 1 75% Quantile QV,37
POSITIONAL QUALITY,Read2,ReadPos 1 90% Quantile QV,37
POSITIONAL QUALITY,Read2,ReadPos 1 95% Quantile QV,37
POSITIONAL QUALITY,Read2,ReadPos 1 98% Quantile QV,37
POSITIONAL QUALITY,Read2,ReadPos 1 99% Quantile QV,37
POSITIONAL QUALITY,Read2,ReadPos 2 1% Quantile QV,11
POSITIONAL QUALITY,Read2,ReadPos 2 2% Quantile QV,11
POSITIONAL QUALITY,Read2,ReadPos 2 5% Quantile QV,25
POSITIONAL QUALITY,Read2,ReadPos 2 10% Quantile QV,37
POSITIONAL QUALITY,Read2,ReadPos 2 25% Quantile QV,37
POSITIONAL QUALITY,Read2,ReadPos 2 50% Quantile QV,37
POSITIONAL QUALITY,Read2,ReadPos 2 75% Quantile QV,37
POSITIONAL QUALITY,Read2,ReadPos 2 90% Quantile QV,37
POSITIONAL QUALITY,Read2,ReadPos 2 95% Quantile QV,37
POSITIONAL QUALITY,Read2,ReadPos 2 98% Quantile QV,37
POSITIONAL QUALITY,Read2,ReadPos 2 99% Quantile QV,37
POSITIONAL QUALITY,Read2,ReadPos 3 1% Quantile QV,11
POSITIONAL QUALITY,Read2,ReadPos 3 2% Quantile QV,11
POSITIONAL QUALITY,Read2,ReadPos 3 5% Quantile QV,25
POSITIONAL QUALITY,Read2,ReadPos 3 10% Quantile QV,37
POSITIONAL QUALITY,Read2,ReadPos 3 25% Quantile QV,37
POSITIONAL QUALITY,Read2,ReadPos 3 50% Quantile QV,37
POSITIONAL QUALITY,Read2,ReadPos 3 75% Quantile QV,37
POSITIONAL QUALITY,Read2,ReadPos 3 90% Quantile QV,37
POSITIONAL QUALITY,Read2,ReadPos 3 95% Quantile QV,37
POSITIONAL QUALITY,Read2,ReadPos 3 98% Quantile QV,37
POSITIONAL QUALITY,Read2,ReadPos 3 99% Quantile QV,37
POSITIONAL QUALITY,Read2,ReadPos 4 1% Quantile QV,11
POSITIONAL QUALITY,Read2,ReadPos 4 2% Quantile QV,11
POSITIONAL QUALITY,Read2,ReadPos 4 5% Quantile QV,25
POSITIONAL QUALITY,Read2,ReadPos 4 10% Quantile QV,37
POSITIONAL QUALITY,Read2,ReadPos 4 25% Quantile QV,37
POSITIONAL QUALITY,Read2,ReadPos 4 50% Quantile QV,37
POSITIONAL QUALITY,Read2,ReadPos 4 75% Quantile QV,37
POSITIONAL QUALITY,Read2,ReadPos 4 90% Quantile QV,37
POSITIONAL QUALITY,Read2,ReadPos 4 95% Quantile QV,37
POSITIONAL QUALITY,Read2,ReadPos 4 98% Quantile QV,37
POSITIONAL QUALITY,Read2,ReadPos 4 99% Quantile QV,37
POSITIONAL QUALITY,Read2,ReadPos 5 1% Quantile QV,11
POSITIONAL QUALITY,Read2,ReadPos 5 2% Quantile QV,11
POSITIONAL QUALITY,Read2,ReadPos 5 5% Quantile QV,25
POSITIONAL QUALITY,Read2,ReadPos 5 10% Quantile QV,37
POSITIONAL QUALITY,Read2,ReadPos 5 25% Quantile QV,37
POSITIONAL QUALITY,Read2,ReadPos 5 50% Quantile QV,37
POSITIONAL QUALITY,Read2,ReadPos 5 75% Quantile QV,37
POSITIONAL QUALITY,Read2,ReadPos 5 90% Quantile QV,37
POSITIONAL QUALITY,Read2,ReadPos 5 95% Quantile QV,37
POSITIONAL QUALITY,Read2,ReadPos 5 98% Quantile QV,37
POSITIONAL QUALITY,Read2,ReadPos 5 99% Quantile QV,37
POSITIONAL QUALITY,Read2,ReadPos 6 1% Quantile QV,11
POSITIONAL QUALITY,Read2,ReadPos 6 2% Quantile QV,11
POSITIONAL QUALITY,Read2,ReadPos 6 5% Quantile QV,25
POSITIONAL QUALITY,Read2,ReadPos 6 10% Quantile QV,37
POSITIONAL QUALITY,Read2,ReadPos 6 25% Quantile QV,37
POSITIONAL QUALITY,Read2,ReadPos 6 50% Quantile QV,37
POSITIONAL QUALITY,Read2,ReadPos 6 75% Quantile QV,37
POSITIONAL QUALITY,Read2,ReadPos 6 90% Quantile QV,37
POSITIONAL QUALITY,Read2,ReadPos 6 95% Quantile QV,37
POSITIONAL QUALITY,Read2,ReadPos 6 98% Quantile QV,37
POSITIONAL QUALITY,Read2,ReadPos 6 99% Quantile QV,37
POSITIONAL QUALITY,Read2,ReadPos 7 1% Quantile QV,11
POSITIONAL QUALITY,Read2,ReadPos 7 2% Quantile QV,11
POSITIONAL QUALITY,Read2,ReadPos 7 5% Quantile QV,25
POSITIONAL QUALITY,Read2,ReadPos 7 10% Quantile QV,37
POSITIONAL QUALITY,Read2,ReadPos 7 25% Quantile QV,37
POSITIONAL QUALITY,Read2,ReadPos 7 50% Quantile QV,37
POSITIONAL QUALITY,Read2,ReadPos 7 75% Quantile QV,37
POSITIONAL QUALITY,Read2,ReadPos 7 90% Quantile QV,37
POSITIONAL QUALITY,Read2,ReadPos 7 95% Quantile QV,37
POSITIONAL QUALITY,Read2,ReadPos 7 98% Quantile QV,37
POSITIONAL QUALITY,Read2,ReadPos 7 99% Quantile QV,37
POSITIONAL QUALITY,Read2,ReadPos 8 1% Quantile QV,11
POSITIONAL QUALITY,Read2,ReadPos 8 2% Quantile QV,11
POSITIONAL QUALITY,Read2,ReadPos 8 5% Quantile QV,25
POSITIONAL QUALITY,Read2,ReadPos 8 10% Quantile QV,37
POSITIONAL QUALITY,Read2,ReadPos 8 25% Quantile QV,37
POSITIONAL QUALITY,Read2,ReadPos 8 50% Quantile QV,37
POSITIONAL QUALITY,Read2,ReadPos 8 75% Quantile QV,37
POSITIONAL QUALITY,Read2,ReadPos 8 90% Quantile QV,37
POSITIONAL QUALITY,Read2,ReadPos 8 95% Quantile QV,37
POSITIONAL QUALITY,Read2,ReadPos 8 98% Quantile QV,37
POSITIONAL QUALITY,Read2,ReadPos 8 99% Quantile QV,37
POSITIONAL QUALITY,Read2,ReadPos 9 1% Quantile QV,11
POSITIONAL QUALITY,Read2,ReadPos 9 2% Quantile QV,11
POSITIONAL QUALITY,Read2,ReadPos 9 5% Quantile QV,25
POSITIONAL QUALITY,Read2,ReadPos 9 10% Quantile QV,37
POSITIONAL QUALITY,Read2,ReadPos 9 25% Quantile QV,37
POSITIONAL QUALITY,Read2,ReadPos 9 50% Quantile QV,37
POSITIONAL QUALITY,Read2,ReadPos 9 75% Quantile QV,37
POSITIONAL QUALITY,Read2,ReadPos 9 90% Quantile QV,37
POSITIONAL QUALITY,Read2,ReadPos 9 95% Quantile QV,37
POSITIONAL QUALITY,Read2,ReadPos 9 98% Quantile QV,37
POSITIONAL QUALITY,Read2,ReadPos 9 99% Quantile QV,37
POSITIONAL QUALITY,Read2,ReadPos 10 1% Quantile QV,11
POSITIONAL QUALITY,Read2,ReadPos 10 2% Quantile QV,11
POSITIONAL QUALITY,Read2,ReadPos 10 5% Quantile QV,25
POSITIONAL QUALITY,Read2,ReadPos 10 10% Quantile QV,37
POSITIONAL QUALITY,Read2,ReadPos 10 25% Quantile QV,37
POSITIONAL QUALITY,Read2,ReadPos 10 50% Quantile QV,37
POSITIONAL QUALITY,Read2,ReadPos 10 75% Quantile QV,37
POSITIONAL QUALITY,Read2,ReadPos 10 90% Quantile QV,37
POSITIONAL QUALITY,Read2,ReadPos 10 95% Quantile QV,37
POSITIONAL QUALITY,Read2,ReadPos 10 98% Quantile QV,37
POSITIONAL QUALITY,Read2,ReadPos 10 99% Quantile QV,37
POSITIONAL QUALITY,Read2,ReadPos 11 1% Quantile QV,11
POSITIONAL QUALITY,Read2,ReadPos 11 2% Quantile QV,11
POSITIONAL QUALITY,Read2,ReadPos 11 5% Quantile QV,25
POSITIONAL QUALITY,Read2,ReadPos 11 10% Quantile QV,37
POSITIONAL QUALITY,Read2,ReadPos 11 25% Quantile QV,37
POSITIONAL QUALITY,Read2,ReadPos 11 50% Quantile QV,37
POSITIONAL QUALITY,Read2,ReadPos 11 75% Quantile QV,37
POSITIONAL QUALITY,Read2,ReadPos 11 90% Quantile QV,37
POSITIONAL QUALITY,Read2,ReadPos 11 95% Quantile QV,37
POSITIONAL QUALITY,Read2,ReadPos 11 98% Quantile QV,37
POSITIONAL QUALITY,Read2,ReadPos 11 99% Quantile QV,37
POSITIONAL QUALITY,Read2,ReadPos 12 1% Quantile QV,11
POSITIONAL QUALITY,Read2,ReadPos 12 2% Quantile QV,11
POSITIONAL QUALITY,Read2,ReadPos 12 5% Quantile QV,25
POSITIONAL QUALITY,Read2,ReadPos 12 10% Quantile QV,37
POSITIONAL QUALITY,Read2,ReadPos 12 25% Quantile QV,37
POSITIONAL QUALITY,Read2,ReadPos 12 50% Quantile QV,37
POSITIONAL QUALITY,Read2,ReadPos 12 75% Quantile QV,37
POSITIONAL QUALITY,Read2,ReadPos 12 90% Quantile QV,37
POSITIONAL QUALITY,Read2,ReadPos 12 95% Quantile QV,37
POSITIONAL QUALITY,Read2,ReadPos 12 98% Quantile QV,37
POSITIONAL QUALITY,Read2,ReadPos 12 99% Quantile QV,37
POSITIONAL QUALITY,Read2,ReadPos 13 1% Quantile QV,11
POSITIONAL QUALITY,Read2,ReadPos 13 2% Quantile QV,11
POSITIONAL QUALITY,Read2,ReadPos 13 5% Quantile QV,25
POSITIONAL QUALITY,Read2,ReadPos 13 10% Quantile QV,37
POSITIONAL QUALITY,Read2,ReadPos 13 25% Quantile QV,37
POSITIONAL QUALITY,Read2,ReadPos 13 50% Quantile QV,37
POSITIONAL QUALITY,Read2,ReadPos 13 75% Quantile QV,37
POSITIONAL QUALITY,Read2,ReadPos 13 90% Quantile QV,37
POSITIONAL QUALITY,Read2,ReadPos 13 95% Quantile QV,37
POSITIONAL QUALITY,Read2,ReadPos 13 98% Quantile QV,37
POSITIONAL QUALITY,Read2,ReadPos 13 99% Quantile QV,37
POSITIONAL QUALITY,Read2,ReadPos 14 1% Quantile QV,11
POSITIONAL QUALITY,Read2,ReadPos 14 2% Quantile QV,11
POSITIONAL QUALITY,Read2,ReadPos 14 5% Quantile QV,25
POSITIONAL QUALITY,Read2,ReadPos 14 10% Quantile QV,37
POSITIONAL QUALITY,Read2,ReadPos 14 25% Quantile QV,37
POSITIONAL QUALITY,Read2,ReadPos 14 50% Quantile QV,37
POSITIONAL QUALITY,Read2,ReadPos 14 75% Quantile QV,37
POSITIONAL QUALITY,Read2,ReadPos 14 90% Quantile QV,37
POSITIONAL QUALITY,Read2,ReadPos 14 95% Quantile QV,37
POSITIONAL QUALITY,Read2,ReadPos 14 98% Quantile QV,37
POSITIONAL QUALITY,Read2,ReadPos 14 99% Quantile QV,37
POSITIONAL QUALITY,Read2,ReadPos 15 1% Quantile QV,11
POSITIONAL QUALITY,Read2,ReadPos 15 2% Quantile QV,11
POSITIONAL QUALITY,Read2,ReadPos 15 5% Quantile QV,25
POSITIONAL QUALITY,Read2,ReadPos 15 10% Quantile QV,37
POSITIONAL QUALITY,Read2,ReadPos 15 25% Quantile QV,37
POSITIONAL QUALITY,Read2,ReadPos 15 50% Quantile QV,37
POSITIONAL QUALITY,Read2,ReadPos 15 75% Quantile QV,37
POSITIONAL QUALITY,Read2,ReadPos 15 90% Quantile QV,37
POSITIONAL QUALITY,Read2,ReadPos 15 95% Quantile QV,37
POSITIONAL QUALITY,Read2,ReadPos 15 98% Quantile QV,37
POSITIONAL QUALITY,Read2,ReadPos 15 99% Quantile QV,37
POSITIONAL QUALITY,Read2,ReadPos 16 1% Quantile QV,11
POSITIONAL QUALITY,Read2,ReadPos 16 2% Quantile QV,11
POSITIONAL QUALITY,Read2,ReadPos 16 5% Quantile QV,25
POSITIONAL QUALITY,Read2,ReadPos 16 10% Quantile QV,37
POSITIONAL QUALITY,Read2,ReadPos 16 25% Quantile QV,37
POSITIONAL QUALITY,Read2,ReadPos 16 50% Quantile QV,37
POSITIONAL QUALITY,Read2,ReadPos 16 75% Quantile QV,37
POSITIONAL QUALITY,Read2,ReadPos 16 90% Quantile QV,37
POSITIONAL QUALITY,Read2,ReadPos 16 95% Quantile QV,37
POSITIONAL QUALITY,Read2,ReadPos 16 98% Quantile QV,37
POSITIONAL QUALITY,Read2,ReadPos 16 99% Quantile QV,37
POSITIONAL QUALITY,Read2,ReadPos 17 1% Quantile QV,11
POSITIONAL QUALITY,Read2,ReadPos 17 2% Quantile QV,11
POSITIONAL QUALITY,Read2,ReadPos 17 5% Quantile QV,25
POSITIONAL QUALITY,Read2,ReadPos 17 10% Quantile QV,37
POSITIONAL QUALITY,Read2,ReadPos 17 25% Quantile QV,37
POSITIONAL QUALITY,Read2,ReadPos 17 50% Quantile QV,37
POSITIONAL QUALITY,Read2,ReadPos 17 75% Quantile QV,37
POSITIONAL QUALITY,Read2,ReadPos 17 90% Quantile QV,37
POSITIONAL QUALITY,Read2,ReadPos 17 95% Quantile QV,37
POSITIONAL QUALITY,Read2,ReadPos 17 98% Quantile QV,37
POSITIONAL QUALITY,Read2,ReadPos 17 99% Quantile QV,37
POSITIONAL QUALITY,Read2,ReadPos 18 1% Quantile QV,11
POSITIONAL QUALITY,Read2,ReadPos 18 2% Quantile QV,11
POSITIONAL QUALITY,Read2,ReadPos 18 5% Quantile QV,25
POSITIONAL QUALITY,Read2,ReadPos 18 10% Quantile QV,37
POSITIONAL QUALITY,Read2,ReadPos 18 25% Quantile QV,37
POSITIONAL QUALITY,Read2,ReadPos 18 50% Quantile QV,37
POSITIONAL QUALITY,Read2,ReadPos 18 75% Quantile QV,37
POSITIONAL QUALITY,Read2,ReadPos 18 90% Quantile QV,37
POSITIONAL QUALITY,Read2,ReadPos 18 95% Quantile QV,37
POSITIONAL QUALITY,Read2,ReadPos 18 98% Quantile QV,37
POSITIONAL QUALITY,Read2,ReadPos 18 99% Quantile QV,37
POSITIONAL QUALITY,Read2,ReadPos 19 1% Quantile QV,11
POSITIONAL QUALITY,Read2,ReadPos 19 2% Quantile QV,11
POSITIONAL QUALITY,Read2,ReadPos 19 5% Quantile QV,25
POSITIONAL QUALITY,Read2,ReadPos 19 10% Quantile QV,37
POSITIONAL QUALITY,Read2,ReadPos 19 25% Quantile QV,37
POSITIONAL QUALITY,Read2,ReadPos 19 50% Quantile QV,37
POSITIONAL QUALITY,Read2,ReadPos 19 75% Quantile QV,37
POSITIONAL QUALITY,Read2,ReadPos 19 90% Quantile QV,37
POSITIONAL QUALITY,Read2,ReadPos 19 95% Quantile QV,37
POSITIONAL QUALITY,Read2,ReadPos 19 98% Quantile QV,37
POSITIONAL QUALITY,Read2,ReadPos 19 99% Quantile QV,37
POSITIONAL QUALITY,Read2,ReadPos 20 1% Quantile QV,11
POSITIONAL QUALITY,Read2,ReadPos 20 2% Quantile QV,11
POSITIONAL QUALITY,Read2,ReadPos 20 5% Quantile QV,25
POSITIONAL QUALITY,Read2,ReadPos 20 10% Quantile QV,37
POSITIONAL QUALITY,Read2,ReadPos 20 25% Quantile QV,37
POSITIONAL QUALITY,Read2,ReadPos 20 50% Quantile QV,37
POSITIONAL QUALITY,Read2,ReadPos 20 75% Quantile QV,37
POSITIONAL QUALITY,Read2,ReadPos 20 90% Quantile QV,37
POSITIONAL QUALITY,Read2,ReadPos 20 95% Quantile QV,37
POSITIONAL QUALITY,Read2,ReadPos 20 98% Quantile QV,37
POSITIONAL QUALITY,Read2,ReadPos 20 99% Quantile QV,37
POSITIONAL QUALITY,Read2,ReadPos 21 1% Quantile QV,11
POSITIONAL QUALITY,Read2,ReadPos 21 2% Quantile QV,11
POSITIONAL QUALITY,Read2,ReadPos 21 5% Quantile QV,25
POSITIONAL QUALITY,Read2,ReadPos 21 10% Quantile QV,37
POSITIONAL QUALITY,Read2,ReadPos 21 25% Quantile QV,37
POSITIONAL QUALITY,Read2,ReadPos 21 50% Quantile QV,37
POSITIONAL QUALITY,Read2,ReadPos 21 75% Quantile QV,37
POSITIONAL QUALITY,Read2,ReadPos 21 90% Quantile QV,37
POSITIONAL QUALITY,Read2,ReadPos 21 95% Quantile QV,37
POSITIONAL QUALITY,Read2,ReadPos 21 98% Quantile QV,37
POSITIONAL QUALITY,Read2,ReadPos 21 99% Quantile QV,37
POSITIONAL QUALITY,Read2,ReadPos 22 1% Quantile QV,11
POSITIONAL QUALITY,Read2,ReadPos 22 2% Quantile QV,11
POSITIONAL QUALITY,Read2,ReadPos 22 5% Quantile QV,25
POSITIONAL QUALITY,Read2,ReadPos 22 10% Quantile QV,37
POSITIONAL QUALITY,Read2,ReadPos 22 25% Quantile QV,37
POSITIONAL QUALITY,Read2,ReadPos 22 50% Quantile QV,37
POSITIONAL QUALITY,Read2,ReadPos 22 75% Quantile QV,37
POSITIONAL QUALITY,Read2,ReadPos 22 90% Quantile QV,37
POSITIONAL QUALITY,Read2,ReadPos 22 95% Quantile QV,37
POSITIONAL QUALITY,Read2,ReadPos 22 98% Quantile QV,37
POSITIONAL QUALITY,Read2,ReadPos 22 99% Quantile QV,37
POSITIONAL QUALITY,Read2,ReadPos 23 1% Quantile QV,11
POSITIONAL QUALITY,Read2,ReadPos 23 2% Quantile QV,11
POSITIONAL QUALITY,Read2,ReadPos 23 5% Quantile QV,25
POSITIONAL QUALITY,Read2,ReadPos 23 10% Quantile QV,37
POSITIONAL QUALITY,Read2,ReadPos 23 25% Quantile QV,37
POSITIONAL QUALITY,Read2,ReadPos 23 50% Quantile QV,37
POSITIONAL QUALITY,Read2,ReadPos 23 75% Quantile QV,37
POSITIONAL QUALITY,Read2,ReadPos 23 90% Quantile QV,37
POSITIONAL QUALITY,Read2,ReadPos 23 95% Quantile QV,37
POSITIONAL QUALITY,Read2,ReadPos 23 98% Quantile QV,37
POSITIONAL QUALITY,Read2,ReadPos 23 99% Quantile QV,37
POSITIONAL QUALITY,Read2,ReadPos 24 1% Quantile QV,11
POSITIONAL QUALITY,Read2,ReadPos 24 2% Quantile QV,11
POSITIONAL QUALITY,Read2,ReadPos 24 5% Quantile QV,25
POSITIONAL QUALITY,Read2,ReadPos 24 10% Quantile QV,37
POSITIONAL QUALITY,Read2,ReadPos 24 25% Quantile QV,37
POSITIONAL QUALITY,Read2,ReadPos 24 50% Quantile QV,37
POSITIONAL QUALITY,Read2,ReadPos 24 75% Quantile QV,37
POSITIONAL QUALITY,Read2,ReadPos 24 90% Quantile QV,37
POSITIONAL QUALITY,Read2,ReadPos 24 95% Quantile QV,37
POSITIONAL QUALITY,Read2,ReadPos 24 98% Quantile QV,37
POSITIONAL QUALITY,Read2,ReadPos 24 99% Quantile QV,37
POSITIONAL QUALITY,Read2,ReadPos 25 1% Quantile QV,11
POSITIONAL QUALITY,Read2,ReadPos 25 2% Quantile QV,11
POSITIONAL QUALITY,Read2,ReadPos 25 5% Quantile QV,25
POSITIONAL QUALITY,Read2,ReadPos 25 10% Quantile QV,37
POSITIONAL QUALITY,Read2,ReadPos 25 25% Quantile QV,37
POSITIONAL QUALITY,Read2,ReadPos 25 50% Quantile QV,37
POSITIONAL QUALITY,Read2,ReadPos 25 75% Quantile QV,37
POSITIONAL QUALITY,Read2,ReadPos 25 90% Quantile QV,37
POSITIONAL QUALITY,Read2,ReadPos 25 95% Quantile QV,37
POSITIONAL QUALITY,Read2,ReadPos 25 98% Quantile QV,37
POSITIONAL QUALITY,Read2,ReadPos 25 99% Quantile QV,37
POSITIONAL QUALITY,Read2,ReadPos 26 1% Quantile QV,11
POSITIONAL QUALITY,Read2,ReadPos 26 2% Quantile QV,11
POSITIONAL QUALITY,Read2,ReadPos 26 5% Quantile QV,25
POSITIONAL QUALITY,Read2,ReadPos 26 10% Quantile QV,37
POSITIONAL QUALITY,Read2,ReadPos 26 25% Quantile QV,37
POSITIONAL QUALITY,Read2,ReadPos 26 50% Quantile QV,37
POSITIONAL QUALITY,Read2,ReadPos 26 75% Quantile QV,37
POSITIONAL QUALITY,Read2,ReadPos 26 90% Quantile QV,37
POSITIONAL QUALITY,Read2,ReadPos 26 95% Quantile QV,37
POSITIONAL QUALITY,Read2,ReadPos 26 98% Quantile QV,37
POSITIONAL QUALITY,Read2,ReadPos 26 99% Quantile QV,37
