READ MEAN QUALITY,Read1,Q11 Reads,1
READ MEAN QUALITY,Read1,Q15 Reads,1
READ MEAN QUALITY,Read1,Q17 Reads,2
READ MEAN QUALITY,Read1,Q18 Reads,9
READ MEAN QUALITY,Read1,Q19 Reads,26
READ MEAN QUALITY,Read1,Q20 Reads,67
READ MEAN QUALITY,Read1,Q21 Reads,236
READ MEAN QUALITY,Read1,Q22 Reads,565
READ MEAN QUALITY,Read1,Q23 Reads,1239
READ MEAN QUALITY,Read1,Q24 Reads,2434
READ MEAN QUALITY,Read1,Q25 Reads,4486
READ MEAN QUALITY,Read1,Q26 Reads,7564
READ MEAN QUALITY,Read1,Q27 Reads,13111
READ MEAN QUALITY,Read1,Q28 Reads,21117
READ MEAN QUALITY,Read1,Q29 Reads,34254
READ MEAN QUALITY,Read1,Q30 Reads,52171
READ MEAN QUALITY,Read1,Q31 Reads,77778
READ MEAN QUALITY,Read1,Q32 Reads,110583
READ MEAN QUALITY,Read1,Q33 Reads,156797
READ MEAN QUALITY,Read1,Q34 Reads,218048
READ MEAN QUALITY,Read1,Q35 Reads,354519
READ MEAN QUALITY,Read1,Q36 Reads,757406
READ MEAN QUALITY,Read1,Q37 Reads,2818643
POSITIONAL BASE MEAN QUALITY,Read1,ReadPos 1 A Average Quality,36.08
POSITIONAL BASE MEAN QUALITY,Read1,ReadPos 2 A Average Quality,35.90
POSITIONAL BASE MEAN QUALITY,Read1,ReadPos 3 A Average Quality,36.03
POSITIONAL BASE MEAN QUALITY,Read1,ReadPos 4 A Average Quality,35.97
POSITIONAL BASE MEAN QUALITY,Read1,ReadPos 5 A Average Quality,35.93
POSITIONAL BASE MEAN QUALITY,Read1,ReadPos 6 A Average Quality,35.93
POSITIONAL BASE MEAN QUALITY,Read1,ReadPos 7 A Average Quality,35.95
POSITIONAL BASE MEAN QUALITY,Read1,ReadPos 8 A Average Quality,35.99
POSITIONAL BASE MEAN QUALITY,Read1,ReadPos 9 A Average Quality,35.93
POSITIONAL BASE MEAN QUALITY,Read1,ReadPos 10 A Average Quality,35.91
POSITIONAL BASE MEAN QUALITY,Read1,ReadPos 11 A Average Quality,35.90
POSITIONAL BASE MEAN QUALITY,Read1,ReadPos 12 A Average Quality,35.95
POSITIONAL BASE MEAN QUALITY,Read1,ReadPos 13 A Average Quality,35.95
POSITIONAL BASE MEAN QUALITY,Read1,ReadPos 14 A Average Quality,35.94
POSITIONAL BASE MEAN QUALITY,Read1,ReadPos 15 A Average Quality,35.92
POSITIONAL BASE MEAN QUALITY,Read1,ReadPos 16 A Average Quality,36.05
POSITIONAL BASE MEAN QUALITY,Read1,ReadPos 17 A Average Quality,35.99
POSITIONAL BASE MEAN QUALITY,Read1,ReadPos 18 A Average Quality,35.96
POSITIONAL BASE MEAN QUALITY,Read1,ReadPos 19 A Average Quality,36.00
POSITIONAL BASE MEAN QUALITY,Read1,ReadPos 20 A Average Quality,35.89
POSITIONAL BASE MEAN QUALITY,Read1,ReadPos 21 A Average Quality,35.93
POSITIONAL BASE MEAN QUALITY,Read1,ReadPos 22 A Average Quality,35.94
POSITIONAL BASE MEAN QUALITY,Read1,ReadPos 23 A Average Quality,35.89
POSITIONAL BASE MEAN QUALITY,Read1,ReadPos 24 A Average Quality,35.94
POSITIONAL BASE MEAN QUALITY,Read1,ReadPos 25 A Average Quality,36.01
POSITIONAL BASE MEAN QUALITY,Read1,ReadPos 26 A Average Quality,35.82
POSITIONAL BASE MEAN QUALITY,Read1,ReadPos 1 C Average Quality,35.93
POSITIONAL BASE MEAN QUALITY,Read1,ReadPos 2 C Average Quality,35.98
POSITIONAL BASE MEAN QUALITY,Read1,ReadPos 3 C Average Quality,36.12
POSITIONAL BASE MEAN QUALITY,Read1,ReadPos 4 C Average Quality,36.13
POSITIONAL BASE MEAN QUALITY,Read1,ReadPos 5 C Average Quality,36.13
POSITIONAL BASE MEAN QUALITY,Read1,ReadPos 6 C Average Quality,36.12
POSITIONAL BASE MEAN QUALITY,Read1,ReadPos 7 C Average Quality,36.13
POSITIONAL BASE MEAN QUALITY,Read1,ReadPos 8 C Average Quality,36.16
POSITIONAL BASE MEAN QUALITY,Read1,ReadPos 9 C Average Quality,36.15
POSITIONAL BASE MEAN QUALITY,Read1,ReadPos 10 C Average Quality,36.12
POSITIONAL BASE MEAN QUALITY,Read1,ReadPos 11 C Average Quality,36.12
POSITIONAL BASE MEAN QUALITY,Read1,ReadPos 12 C Average Quality,36.16
POSITIONAL BASE MEAN QUALITY,Read1,ReadPos 13 C Average Quality,36.12
POSITIONAL BASE MEAN QUALITY,Read1,ReadPos 14 C Average Quality,36.16
POSITIONAL BASE MEAN QUALITY,Read1,ReadPos 15 C Average Quality,36.11
POSITIONAL BASE MEAN QUALITY,Read1,ReadPos 16 C Average Quality,36.12
POSITIONAL BASE MEAN QUALITY,Read1,ReadPos 17 C Average Quality,36.08
POSITIONAL BASE MEAN QUALITY,Read1,ReadPos 18 C Average Quality,36.05
POSITIONAL BASE MEAN QUALITY,Read1,ReadPos 19 C Average Quality,36.10
POSITIONAL BASE MEAN QUALITY,Read1,ReadPos 20 C Average Quality,36.02
POSITIONAL BASE MEAN QUALITY,Read1,ReadPos 21 C Average Quality,36.01
POSITIONAL BASE MEAN QUALITY,Read1,ReadPos 22 C Average Quality,35.99
POSITIONAL BASE MEAN QUALITY,Read1,ReadPos 23 C Average Quality,35.98
POSITIONAL BASE MEAN QUALITY,Read1,ReadPos 24 C Average Quality,36.00
POSITIONAL BASE MEAN QUALITY,Read1,ReadPos 25 C Average Quality,35.96
POSITIONAL BASE MEAN QUALITY,Read1,ReadPos 26 C Average Quality,35.97
POSITIONAL BASE MEAN QUALITY,Read1,ReadPos 1 G Average Quality,35.50
POSITIONAL BASE MEAN QUALITY,Read1,ReadPos 2 G Average Quality,35.37
POSITIONAL BASE MEAN QUALITY,Read1,ReadPos 3 G Average Quality,35.46
POSITIONAL BASE MEAN QUALITY,Read1,ReadPos 4 G Average Quality,35.65
POSITIONAL BASE MEAN QUALITY,Read1,ReadPos 5 G Average Quality,35.59
POSITIONAL BASE MEAN QUALITY,Read1,ReadPos 6 G Average Quality,35.65
POSITIONAL BASE MEAN QUALITY,Read1,ReadPos 7 G Average Quality,35.63
POSITIONAL BASE MEAN QUALITY,Read1,ReadPos 8 G Average Quality,35.69
POSITIONAL BASE MEAN QUALITY,Read1,ReadPos 9 G Average Quality,35.66
POSITIONAL BASE MEAN QUALITY,Read1,ReadPos 10 G Average Quality,35.67
POSITIONAL BASE MEAN QUALITY,Read1,ReadPos 11 G Average Quality,35.70
POSITIONAL BASE MEAN QUALITY,Read1,ReadPos 12 G Average Quality,35.77
POSITIONAL BASE MEAN QUALITY,Read1,ReadPos 13 G Average Quality,35.75
POSITIONAL BASE MEAN QUALITY,Read1,ReadPos 14 G Average Quality,35.74
POSITIONAL BASE MEAN QUALITY,Read1,ReadPos 15 G Average Quality,35.66
POSITIONAL BASE MEAN QUALITY,Read1,ReadPos 16 G Average Quality,35.70
POSITIONAL BASE MEAN QUALITY,Read1,ReadPos 17 G Average Quality,35.64
POSITIONAL BASE MEAN QUALITY,Read1,ReadPos 18 G Average Quality,35.25
POSITIONAL BASE MEAN QUALITY,Read1,ReadPos 19 G Average Quality,35.55
POSITIONAL BASE MEAN QUALITY,Read1,ReadPos 20 G Average Quality,35.55
POSITIONAL BASE MEAN QUALITY,Read1,ReadPos 21 G Average Quality,35.47
POSITIONAL BASE MEAN QUALITY,Read1,ReadPos 22 G Average Quality,35.69
POSITIONAL BASE MEAN QUALITY,Read1,ReadPos 23 G Average Quality,35.66
POSITIONAL BASE MEAN QUALITY,Read1,ReadPos 24 G Average Quality,35.59
POSITIONAL BASE MEAN QUALITY,Read1,ReadPos 25 G Average Quality,35.45
POSITIONAL BASE MEAN QUALITY,Read1,ReadPos 26 G Average Quality,35.59
POSITIONAL BASE MEAN QUALITY,Read1,ReadPos 1 T Average Quality,35.84
POSITIONAL BASE MEAN QUALITY,Read1,ReadPos 2 T Average Quality,35.75
POSITIONAL BASE MEAN QUALITY,Read1,ReadPos 3 T Average Quality,35.70
POSITIONAL BASE MEAN QUALITY,Read1,ReadPos 4 T Average Quality,35.74
POSITIONAL BASE MEAN QUALITY,Read1,ReadPos 5 T Average Quality,35.72
POSITIONAL BASE MEAN QUALITY,Read1,ReadPos 6 T Average Quality,35.70
POSITIONAL BASE MEAN QUALITY,Read1,ReadPos 7 T Average Quality,35.70
POSITIONAL BASE MEAN QUALITY,Read1,ReadPos 8 T Average Quality,35.72
POSITIONAL BASE MEAN QUALITY,Read1,ReadPos 9 T Average Quality,35.68
POSITIONAL BASE MEAN QUALITY,Read1,ReadPos 10 T Average Quality,35.67
POSITIONAL BASE MEAN QUALITY,Read1,ReadPos 11 T Average Quality,35.65
POSITIONAL BASE MEAN QUALITY,Read1,ReadPos 12 T Average Quality,35.73
POSITIONAL BASE MEAN QUALITY,Read1,ReadPos 13 T Average Quality,35.71
POSITIONAL BASE MEAN QUALITY,Read1,ReadPos 14 T Average Quality,35.72
POSITIONAL BASE MEAN QUALITY,Read1,ReadPos 15 T Average Quality,35.57
POSITIONAL BASE MEAN QUALITY,Read1,ReadPos 16 T Average Quality,35.65
POSITIONAL BASE MEAN QUALITY,Read1,ReadPos 17 T Average Quality,35.64
POSITIONAL BASE MEAN QUALITY,Read1,ReadPos 18 T Average Quality,35.62
POSITIONAL BASE MEAN QUALITY,Read1,ReadPos 19 T Average Quality,35.60
POSITIONAL BASE MEAN QUALITY,Read1,ReadPos 20 T Average Quality,35.63
POSITIONAL BASE MEAN QUALITY,Read1,ReadPos 21 T Average Quality,35.55
POSITIONAL BASE MEAN QUALITY,Read1,ReadPos 22 T Average Quality,35.58
POSITIONAL BASE MEAN QUALITY,Read1,ReadPos 23 T Average Quality,35.67
POSITIONAL BASE MEAN QUALITY,Read1,ReadPos 24 T Average Quality,35.69
POSITIONAL BASE MEAN QUALITY,Read1,ReadPos 25 T Average Quality,35.73
POSITIONAL BASE MEAN QUALITY,Read1,ReadPos 26 T Average Quality,35.77
POSITIONAL BASE CONTENT,Read1,ReadPos 1 A Bases,947901
POSITIONAL BASE CONTENT,Read1,ReadPos 2 A Bases,968864
POSITIONAL BASE CONTENT,Read1,ReadPos 3 A Bases,971078
POSITIONAL BASE CONTENT,Read1,ReadPos 4 A Bases,980442
POSITIONAL BASE CONTENT,Read1,ReadPos 5 A Bases,980878
POSITIONAL BASE CONTENT,Read1,ReadPos 6 A Bases,979062
POSITIONAL BASE CONTENT,Read1,ReadPos 7 A Bases,984964
POSITIONAL BASE CONTENT,Read1,ReadPos 8 A Bases,984425
POSITIONAL BASE CONTENT,Read1,ReadPos 9 A Bases,979077
POSITIONAL BASE CONTENT,Read1,ReadPos 10 A Bases,984587
POSITIONAL BASE CONTENT,Read1,ReadPos 11 A Bases,986387
POSITIONAL BASE CONTENT,Read1,ReadPos 12 A Bases,989618
POSITIONAL BASE CONTENT,Read1,ReadPos 13 A Bases,997810
POSITIONAL BASE CONTENT,Read1,ReadPos 14 A Bases,1019406
POSITIONAL BASE CONTENT,Read1,ReadPos 15 A Bases,1081392
POSITIONAL BASE CONTENT,Read1,ReadPos 16 A Bases,1416320
POSITIONAL BASE CONTENT,Read1,ReadPos 17 A Bases,1385261
POSITIONAL BASE CONTENT,Read1,ReadPos 18 A Bases,1085563
POSITIONAL BASE CONTENT,Read1,ReadPos 19 A Bases,1042131
POSITIONAL BASE CONTENT,Read1,ReadPos 20 A Bases,1119869
POSITIONAL BASE CONTENT,Read1,ReadPos 21 A Bases,1497661
POSITIONAL BASE CONTENT,Read1,ReadPos 22 A Bases,1069153
POSITIONAL BASE CONTENT,Read1,ReadPos 23 A Bases,1082755
POSITIONAL BASE CONTENT,Read1,ReadPos 24 A Bases,1115036
POSITIONAL BASE CONTENT,Read1,ReadPos 25 A Bases,1147837
POSITIONAL BASE CONTENT,Read1,ReadPos 26 A Bases,1339413
POSITIONAL BASE CONTENT,Read1,ReadPos 1 C Bases,1100000
POSITIONAL BASE CONTENT,Read1,ReadPos 2 C Bases,1097233
POSITIONAL BASE CONTENT,Read1,ReadPos 3 C Bases,1091448
POSITIONAL BASE CONTENT,Read1,ReadPos 4 C Bases,1081474
POSITIONAL BASE CONTENT,Read1,ReadPos 5 C Bases,1075722
POSITIONAL BASE CONTENT,Read1,ReadPos 6 C Bases,1069961
POSITIONAL BASE CONTENT,Read1,ReadPos 7 C Bases,1073439
POSITIONAL BASE CONTENT,Read1,ReadPos 8 C Bases,1068121
POSITIONAL BASE CONTENT,Read1,ReadPos 9 C Bases,1070271
POSITIONAL BASE CONTENT,Read1,ReadPos 10 C Bases,1060779
POSITIONAL BASE CONTENT,Read1,ReadPos 11 C Bases,1052737
POSITIONAL BASE CONTENT,Read1,ReadPos 12 C Bases,1043859
POSITIONAL BASE CONTENT,Read1,ReadPos 13 C Bases,1028593
POSITIONAL BASE CONTENT,Read1,ReadPos 14 C Bases,1023783
POSITIONAL BASE CONTENT,Read1,ReadPos 15 C Bases,1190846
POSITIONAL BASE CONTENT,Read1,ReadPos 16 C Bases,1091165
POSITIONAL BASE CONTENT,Read1,ReadPos 17 C Bases,1026815
POSITIONAL BASE CONTENT,Read1,ReadPos 18 C Bases,1063476
POSITIONAL BASE CONTENT,Read1,ReadPos 19 C Bases,1329592
POSITIONAL BASE CONTENT,Read1,ReadPos 20 C Bases,1397613
POSITIONAL BASE CONTENT,Read1,ReadPos 21 C Bases,1039260
POSITIONAL BASE CONTENT,Read1,ReadPos 22 C Bases,1050491
POSITIONAL BASE CONTENT,Read1,ReadPos 23 C Bases,1102261
POSITIONAL BASE CONTENT,Read1,ReadPos 24 C Bases,1135267
POSITIONAL BASE CONTENT,Read1,ReadPos 25 C Bases,1084309
POSITIONAL BASE CONTENT,Read1,ReadPos 26 C Bases,944575
POSITIONAL BASE CONTENT,Read1,ReadPos 1 G Bases,1303155
POSITIONAL BASE CONTENT,Read1,ReadPos 2 G Bases,1288718
POSITIONAL BASE CONTENT,Read1,ReadPos 3 G Bases,1297687
POSITIONAL BASE CONTENT,Read1,ReadPos 4 G Bases,1296405
POSITIONAL BASE CONTENT,Read1,ReadPos 5 G Bases,1295374
POSITIONAL BASE CONTENT,Read1,ReadPos 6 G Bases,1300831
POSITIONAL BASE CONTENT,Read1,ReadPos 7 G Bases,1297100
POSITIONAL BASE CONTENT,Read1,ReadPos 8 G Bases,1300289
POSITIONAL BASE CONTENT,Read1,ReadPos 9 G Bases,1302996
POSITIONAL BASE CONTENT,Read1,ReadPos 10 G Bases,1302802
POSITIONAL BASE CONTENT,Read1,ReadPos 11 G Bases,1307797
POSITIONAL BASE CONTENT,Read1,ReadPos 12 G Bases,1314561
POSITIONAL BASE CONTENT,Read1,ReadPos 13 G Bases,1325010
POSITIONAL BASE CONTENT,Read1,ReadPos 14 G Bases,1315717
POSITIONAL BASE CONTENT,Read1,ReadPos 15 G Bases,983401
POSITIONAL BASE CONTENT,Read1,ReadPos 16 G Bases,1036961
POSITIONAL BASE CONTENT,Read1,ReadPos 17 G Bases,1125125
POSITIONAL BASE CONTENT,Read1,ReadPos 18 G Bases,1284896
POSITIONAL BASE CONTENT,Read1,ReadPos 19 G Bases,1160755
POSITIONAL BASE CONTENT,Read1,ReadPos 20 G Bases,1041841
POSITIONAL BASE CONTENT,Read1,ReadPos 21 G Bases,1007141
POSITIONAL BASE CONTENT,Read1,ReadPos 22 G Bases,1356415
POSITIONAL BASE CONTENT,Read1,ReadPos 23 G Bases,1309160
POSITIONAL BASE CONTENT,Read1,ReadPos 24 G Bases,1032397
POSITIONAL BASE CONTENT,Read1,ReadPos 25 G Bases,958441
POSITIONAL BASE CONTENT,Read1,ReadPos 26 G Bases,937759
POSITIONAL BASE CONTENT,Read1,ReadPos 1 T Bases,1279992
POSITIONAL BASE CONTENT,Read1,ReadPos 2 T Bases,1276197
POSITIONAL BASE CONTENT,Read1,ReadPos 3 T Bases,1269234
POSITIONAL BASE CONTENT,Read1,ReadPos 4 T Bases,1272627
POSITIONAL BASE CONTENT,Read1,ReadPos 5 T Bases,1279060
POSITIONAL BASE CONTENT,Read1,ReadPos 6 T Bases,1281146
POSITIONAL BASE CONTENT,Read1,ReadPos 7 T Bases,1275471
POSITIONAL BASE CONTENT,Read1,ReadPos 8 T Bases,1278108
POSITIONAL BASE CONTENT,Read1,ReadPos 9 T Bases,1278572
POSITIONAL BASE CONTENT,Read1,ReadPos 10 T Bases,1282669
POSITIONAL BASE CONTENT,Read1,ReadPos 11 T Bases,1283884
POSITIONAL BASE CONTENT,Read1,ReadPos 12 T Bases,1282136
POSITIONAL BASE CONTENT,Read1,ReadPos 13 T Bases,1279175
POSITIONAL BASE CONTENT,Read1,ReadPos 14 T Bases,1271521
POSITIONAL BASE CONTENT,Read1,ReadPos 15 T Bases,1374695
POSITIONAL BASE CONTENT,Read1,ReadPos 16 T Bases,1085665
POSITIONAL BASE CONTENT,Read1,ReadPos 17 T Bases,1092757
POSITIONAL BASE CONTENT,Read1,ReadPos 18 T Bases,1195657
POSITIONAL BASE CONTENT,Read1,ReadPos 19 T Bases,1096848
POSITIONAL BASE CONTENT,Read1,ReadPos 20 T Bases,1069549
POSITIONAL BASE CONTENT,Read1,ReadPos 21 T Bases,1084171
POSITIONAL BASE CONTENT,Read1,ReadPos 22 T Bases,1151174
POSITIONAL BASE CONTENT,Read1,ReadPos 23 T Bases,1130708
POSITIONAL BASE CONTENT,Read1,ReadPos 24 T Bases,1334442
POSITIONAL BASE CONTENT,Read1,ReadPos 25 T Bases,1385831
POSITIONAL BASE CONTENT,Read1,ReadPos 26 T Bases,1044385
POSITIONAL BASE CONTENT,Read1,ReadPos 1 N Bases,9
POSITIONAL BASE CONTENT,Read1,ReadPos 2 N Bases,37
POSITIONAL BASE CONTENT,Read1,ReadPos 3 N Bases,1597
POSITIONAL BASE CONTENT,Read1,ReadPos 4 N Bases,91
POSITIONAL BASE CONTENT,Read1,ReadPos 5 N Bases,0
POSITIONAL BASE CONTENT,Read1,ReadPos 6 N Bases,0
POSITIONAL BASE CONTENT,Read1,ReadPos 7 N Bases,0
POSITIONAL BASE CONTENT,Read1,ReadPos 8 N Bases,0
POSITIONAL BASE CONTENT,Read1,ReadPos 9 N Bases,1
POSITIONAL BASE CONTENT,Read1,ReadPos 10 N Bases,36
POSITIONAL BASE CONTENT,Read1,ReadPos 11 N Bases,0
POSITIONAL BASE CONTENT,Read1,ReadPos 12 N Bases,538
POSITIONAL BASE CONTENT,Read1,ReadPos 13 N Bases,0
POSITIONAL BASE CONTENT,Read1,ReadPos 14 N Bases,41
POSITIONAL BASE CONTENT,Read1,ReadPos 15 N Bases,0
POSITIONAL BASE CONTENT,Read1,ReadPos 16 N Bases,0
POSITIONAL BASE CONTENT,Read1,ReadPos 17 N Bases,0
POSITIONAL BASE CONTENT,Read1,ReadPos 18 N Bases,0
POSITIONAL BASE CONTENT,Read1,ReadPos 19 N Bases,0
POSITIONAL BASE CONTENT,Read1,ReadPos 20 N Bases,0
POSITIONAL BASE CONTENT,Read1,ReadPos 21 N Bases,0
POSITIONAL BASE CONTENT,Read1,ReadPos 22 N Bases,0
POSITIONAL BASE CONTENT,Read1,ReadPos 23 N Bases,0
POSITIONAL BASE CONTENT,Read1,ReadPos 24 N Bases,0
POSITIONAL BASE CONTENT,Read1,ReadPos 25 N Bases,0
POSITIONAL BASE CONTENT,Read1,ReadPos 26 N Bases,0
READ LENGTHS,Read1,1bp Length Reads,8
READ LENGTHS,Read1,2bp Length Reads,5
READ LENGTHS,Read1,3bp Length Reads,5
READ LENGTHS,Read1,4bp Length Reads,5
READ LENGTHS,Read1,5bp Length Reads,34
READ LENGTHS,Read1,6bp Length Reads,26
READ LENGTHS,Read1,7bp Length Reads,31
READ LENGTHS,Read1,8bp Length Reads,26
READ LENGTHS,Read1,9bp Length Reads,44
READ LENGTHS,Read1,10bp Length Reads,68
READ LENGTHS,Read1,11bp Length Reads,93
READ LENGTHS,Read1,12bp Length Reads,124
READ LENGTHS,Read1,13bp Length Reads,120
READ LENGTHS,Read1,14bp Length Reads,134
READ LENGTHS,Read1,15bp Length Reads,223
READ LENGTHS,Read1,16bp Length Reads,153
READ LENGTHS,Read1,17bp Length Reads,366
READ LENGTHS,Read1,18bp Length Reads,266
READ LENGTHS,Read1,19bp Length Reads,454
READ LENGTHS,Read1,20bp Length Reads,639
READ LENGTHS,Read1,21bp Length Reads,1000
READ LENGTHS,Read1,22bp Length Reads,2349
READ LENGTHS,Read1,23bp Length Reads,7742
READ LENGTHS,Read1,24bp Length Reads,40724
READ LENGTHS,Read1,25bp Length Reads,310286
READ LENGTHS,Read1,26bp Length Reads,4266135
READ GC CONTENT,Read1,0% GC Reads,64230
READ GC CONTENT,Read1,1% GC Reads,64230
READ GC CONTENT,Read1,2% GC Reads,105847
READ GC CONTENT,Read1,3% GC Reads,147464
READ GC CONTENT,Read1,4% GC Reads,147464
READ GC CONTENT,Read1,5% GC Reads,147464
READ GC CONTENT,Read1,6% GC Reads,478430
READ GC CONTENT,Read1,7% GC Reads,804153
READ GC CONTENT,Read1,8% GC Reads,804808
READ GC CONTENT,Read1,9% GC Reads,810706
READ GC CONTENT,Read1,10% GC Reads,2567782
READ GC CONTENT,Read1,11% GC Reads,4336983
READ GC CONTENT,Read1,12% GC Reads,4410712
READ GC CONTENT,Read1,13% GC Reads,11552764
READ GC CONTENT,Read1,14% GC Reads,19292826
READ GC CONTENT,Read1,15% GC Reads,20311258
READ GC CONTENT,Read1,16% GC Reads,20565214
READ GC CONTENT,Read1,17% GC Reads,46006582
READ GC CONTENT,Read1,18% GC Reads,75504956
READ GC CONTENT,Read1,19% GC Reads,80090163
READ GC CONTENT,Read1,20% GC Reads,81062713
READ GC CONTENT,Read1,21% GC Reads,162553891
READ GC CONTENT,Read1,22% GC Reads,250821802
READ GC CONTENT,Read1,23% GC Reads,260218925
READ GC CONTENT,Read1,24% GC Reads,262737076
READ GC CONTENT,Read1,25% GC Reads,476259402
READ GC CONTENT,Read1,26% GC Reads,712432260
READ GC CONTENT,Read1,27% GC Reads,740427730
READ GC CONTENT,Read1,28% GC Reads,746777386
READ GC CONTENT,Read1,29% GC Reads,1205034766
READ GC CONTENT,Read1,30% GC Reads,1709860009
READ GC CONTENT,Read1,31% GC Reads,1765025282
READ GC CONTENT,Read1,32% GC Reads,1772733661
READ GC CONTENT,Read1,33% GC Reads,2607223133
READ GC CONTENT,Read1,34% GC Reads,3514756716
READ GC CONTENT,Read1,35% GC Reads,3600858078
READ GC CONTENT,Read1,36% GC Reads,3613628901
READ GC CONTENT,Read1,37% GC Reads,4821443749
READ GC CONTENT,Read1,38% GC Reads,6127095724
READ GC CONTENT,Read1,39% GC Reads,6224434087
READ GC CONTENT,Read1,40% GC Reads,7646800218
READ GC CONTENT,Read1,41% GC Reads,9072769027
READ GC CONTENT,Read1,42% GC Reads,9177962352
READ GC CONTENT,Read1,43% GC Reads,9279852499
READ GC CONTENT,Read1,44% GC Reads,10418196433
READ GC CONTENT,Read1,45% GC Reads,11556645525
READ GC CONTENT,Read1,46% GC Reads,11611629232
READ GC CONTENT,Read1,47% GC Reads,11665848166
READ GC CONTENT,Read1,48% GC Reads,12125159615
READ GC CONTENT,Read1,49% GC Reads,12585598330
READ GC CONTENT,Read1,50% GC Reads,12580673560
READ GC CONTENT,Read1,51% GC Reads,12575748790
READ GC CONTENT,Read1,52% GC Reads,12082600910
READ GC CONTENT,Read1,53% GC Reads,11589236759
READ GC CONTENT,Read1,54% GC Reads,11524892184
READ GC CONTENT,Read1,55% GC Reads,11460144248
READ GC CONTENT,Read1,56% GC Reads,10365663854
READ GC CONTENT,Read1,57% GC Reads,9271072692
READ GC CONTENT,Read1,58% GC Reads,9179514630
READ GC CONTENT,Read1,59% GC Reads,9084885054
READ GC CONTENT,Read1,60% GC Reads,7658538071
READ GC CONTENT,Read1,61% GC Reads,6235076477
READ GC CONTENT,Read1,62% GC Reads,6135541692
READ GC CONTENT,Read1,63% GC Reads,4810486450
READ GC CONTENT,Read1,64% GC Reads,3583710999
READ GC CONTENT,Read1,65% GC Reads,3572619150
READ GC CONTENT,Read1,66% GC Reads,3485102804
READ GC CONTENT,Read1,67% GC Reads,2559036070
READ GC CONTENT,Read1,68% GC Reads,1709275496
READ GC CONTENT,Read1,69% GC Reads,1701801094
READ GC CONTENT,Read1,70% GC Reads,1652189011
READ GC CONTENT,Read1,71% GC Reads,1144066646
READ GC CONTENT,Read1,72% GC Reads,677375121
READ GC CONTENT,Read1,73% GC Reads,672962698
READ GC CONTENT,Read1,74% GC Reads,647886151
READ GC CONTENT,Read1,75% GC Reads,412773306
READ GC CONTENT,Read1,76% GC Reads,198832840
READ GC CONTENT,Read1,77% GC Reads,197788875
READ GC CONTENT,Read1,78% GC Reads,188854382
READ GC CONTENT,Read1,79% GC Reads,114170007
READ GC CONTENT,Read1,80% GC Reads,47141858
READ GC CONTENT,Read1,81% GC Reads,46163082
READ GC CONTENT,Read1,82% GC Reads,43753674
READ GC CONTENT,Read1,83% GC Reads,25327607
READ GC CONTENT,Read1,84% GC Reads,8744083
READ GC CONTENT,Read1,85% GC Reads,8696571
READ GC CONTENT,Read1,86% GC Reads,8076602
READ GC CONTENT,Read1,87% GC Reads,4324874
READ GC CONTENT,Read1,88% GC Reads,1117422
READ GC CONTENT,Read1,89% GC Reads,1084652
READ GC CONTENT,Read1,90% GC Reads,690113
READ GC CONTENT,Read1,91% GC Reads,328344
READ GC CONTENT,Read1,92% GC Reads,320480
READ GC CONTENT,Read1,93% GC Reads,312616
READ GC CONTENT,Read1,94% GC Reads,279192
READ GC CONTENT,Read1,95% GC Reads,245768
READ GC CONTENT,Read1,96% GC Reads,250356
READ GC CONTENT,Read1,97% GC Reads,240199
READ GC CONTENT,Read1,98% GC Reads,147790
READ GC CONTENT,Read1,99% GC Reads,70126
READ GC CONTENT,Read1,100% GC Reads,70126
READ GC CONTENT QUALITY,Read1,0% GC Reads Average Quality,25.88
READ GC CONTENT QUALITY,Read1,1% GC Reads Average Quality,25.88
READ GC CONTENT QUALITY,Read1,2% GC Reads Average Quality,27.44
READ GC CONTENT QUALITY,Read1,3% GC Reads Average Quality,28.12
READ GC CONTENT QUALITY,Read1,4% GC Reads Average Quality,28.12
READ GC CONTENT QUALITY,Read1,5% GC Reads Average Quality,28.12
READ GC CONTENT QUALITY,Read1,6% GC Reads Average Quality,29.65
READ GC CONTENT QUALITY,Read1,7% GC Reads Average Quality,29.99
READ GC CONTENT QUALITY,Read1,8% GC Reads Average Quality,30.09
READ GC CONTENT QUALITY,Read1,9% GC Reads Average Quality,30.13
READ GC CONTENT QUALITY,Read1,10% GC Reads Average Quality,31.97
READ GC CONTENT QUALITY,Read1,11% GC Reads Average Quality,32.32
READ GC CONTENT QUALITY,Read1,12% GC Reads Average Quality,32.36
READ GC CONTENT QUALITY,Read1,13% GC Reads Average Quality,33.59
READ GC CONTENT QUALITY,Read1,14% GC Reads Average Quality,33.93
READ GC CONTENT QUALITY,Read1,15% GC Reads Average Quality,33.98
READ GC CONTENT QUALITY,Read1,16% GC Reads Average Quality,33.98
READ GC CONTENT QUALITY,Read1,17% GC Reads Average Quality,34.66
READ GC CONTENT QUALITY,Read1,18% GC Reads Average Quality,34.91
READ GC CONTENT QUALITY,Read1,19% GC Reads Average Quality,34.97
READ GC CONTENT QUALITY,Read1,20% GC Reads Average Quality,34.97
READ GC CONTENT QUALITY,Read1,21% GC Reads Average Quality,35.19
READ GC CONTENT QUALITY,Read1,22% GC Reads Average Quality,35.27
READ GC CONTENT QUALITY,Read1,23% GC Reads Average Quality,35.28
READ GC CONTENT QUALITY,Read1,24% GC Reads Average Quality,35.28
READ GC CONTENT QUALITY,Read1,25% GC Reads Average Quality,35.46
READ GC CONTENT QUALITY,Read1,26% GC Reads Average Quality,35.54
READ GC CONTENT QUALITY,Read1,27% GC Reads Average Quality,35.55
READ GC CONTENT QUALITY,Read1,28% GC Reads Average Quality,35.55
READ GC CONTENT QUALITY,Read1,29% GC Reads Average Quality,35.64
READ GC CONTENT QUALITY,Read1,30% GC Reads Average Quality,35.68
READ GC CONTENT QUALITY,Read1,31% GC Reads Average Quality,35.68
READ GC CONTENT QUALITY,Read1,32% GC Reads Average Quality,35.68
READ GC CONTENT QUALITY,Read1,33% GC Reads Average Quality,35.75
READ GC CONTENT QUALITY,Read1,34% GC Reads Average Quality,35.78
READ GC CONTENT QUALITY,Read1,35% GC Reads Average Quality,35.79
READ GC CONTENT QUALITY,Read1,36% GC Reads Average Quality,35.79
READ GC CONTENT QUALITY,Read1,37% GC Reads Average Quality,35.83
READ GC CONTENT QUALITY,Read1,38% GC Reads Average Quality,35.85
READ GC CONTENT QUALITY,Read1,39% GC Reads Average Quality,35.86
READ GC CONTENT QUALITY,Read1,40% GC Reads Average Quality,35.89
READ GC CONTENT QUALITY,Read1,41% GC Reads Average Quality,35.91
READ GC CONTENT QUALITY,Read1,42% GC Reads Average Quality,35.91
READ GC CONTENT QUALITY,Read1,43% GC Reads Average Quality,35.91
READ GC CONTENT QUALITY,Read1,44% GC Reads Average Quality,35.93
READ GC CONTENT QUALITY,Read1,45% GC Reads Average Quality,35.94
READ GC CONTENT QUALITY,Read1,46% GC Reads Average Quality,35.94
READ GC CONTENT QUALITY,Read1,47% GC Reads Average Quality,35.95
READ GC CONTENT QUALITY,Read1,48% GC Reads Average Quality,35.96
READ GC CONTENT QUALITY,Read1,49% GC Reads Average Quality,35.96
READ GC CONTENT QUALITY,Read1,50% GC Reads Average Quality,35.97
READ GC CONTENT QUALITY,Read1,51% GC Reads Average Quality,35.97
READ GC CONTENT QUALITY,Read1,52% GC Reads Average Quality,35.97
READ GC CONTENT QUALITY,Read1,53% GC Reads Average Quality,35.98
READ GC CONTENT QUALITY,Read1,54% GC Reads Average Quality,35.98
READ GC CONTENT QUALITY,Read1,55% GC Reads Average Quality,35.99
READ GC CONTENT QUALITY,Read1,56% GC Reads Average Quality,35.99
READ GC CONTENT QUALITY,Read1,57% GC Reads Average Quality,36.00
READ GC CONTENT QUALITY,Read1,58% GC Reads Average Quality,36.00
READ GC CONTENT QUALITY,Read1,59% GC Reads Average Quality,36.00
READ GC CONTENT QUALITY,Read1,60% GC Reads Average Quality,36.00
READ GC CONTENT QUALITY,Read1,61% GC Reads Average Quality,36.00
READ GC CONTENT QUALITY,Read1,62% GC Reads Average Quality,36.00
READ GC CONTENT QUALITY,Read1,63% GC Reads Average Quality,36.00
READ GC CONTENT QUALITY,Read1,64% GC Reads Average Quality,36.01
READ GC CONTENT QUALITY,Read1,65% GC Reads Average Quality,36.00
READ GC CONTENT QUALITY,Read1,66% GC Reads Average Quality,36.00
READ GC CONTENT QUALITY,Read1,67% GC Reads Average Quality,36.01
READ GC CONTENT QUALITY,Read1,68% GC Reads Average Quality,36.01
READ GC CONTENT QUALITY,Read1,69% GC Reads Average Quality,36.01
READ GC CONTENT QUALITY,Read1,70% GC Reads Average Quality,36.01
READ GC CONTENT QUALITY,Read1,71% GC Reads Average Quality,36.00
READ GC CONTENT QUALITY,Read1,72% GC Reads Average Quality,35.97
READ GC CONTENT QUALITY,Read1,73% GC Reads Average Quality,35.97
READ GC CONTENT QUALITY,Read1,74% GC Reads Average Quality,35.96
READ GC CONTENT QUALITY,Read1,75% GC Reads Average Quality,35.93
READ GC CONTENT QUALITY,Read1,76% GC Reads Average Quality,35.85
READ GC CONTENT QUALITY,Read1,77% GC Reads Average Quality,35.85
READ GC CONTENT QUALITY,Read1,78% GC Reads Average Quality,35.85
READ GC CONTENT QUALITY,Read1,79% GC Reads Average Quality,35.79
READ GC CONTENT QUALITY,Read1,80% GC Reads Average Quality,35.58
READ GC CONTENT QUALITY,Read1,81% GC Reads Average Quality,35.57
READ GC CONTENT QUALITY,Read1,82% GC Reads Average Quality,35.55
READ GC CONTENT QUALITY,Read1,83% GC Reads Average Quality,35.43
READ GC CONTENT QUALITY,Read1,84% GC Reads Average Quality,34.96
READ GC CONTENT QUALITY,Read1,85% GC Reads Average Quality,34.95
READ GC CONTENT QUALITY,Read1,86% GC Reads Average Quality,34.88
READ GC CONTENT QUALITY,Read1,87% GC Reads Average Quality,34.32
READ GC CONTENT QUALITY,Read1,88% GC Reads Average Quality,31.04
READ GC CONTENT QUALITY,Read1,89% GC Reads Average Quality,30.96
READ GC CONTENT QUALITY,Read1,90% GC Reads Average Quality,30.32
READ GC CONTENT QUALITY,Read1,91% GC Reads Average Quality,28.53
READ GC CONTENT QUALITY,Read1,92% GC Reads Average Quality,28.35
READ GC CONTENT QUALITY,Read1,93% GC Reads Average Quality,28.15
READ GC CONTENT QUALITY,Read1,94% GC Reads Average Quality,27.37
READ GC CONTENT QUALITY,Read1,95% GC Reads Average Quality,26.37
READ GC CONTENT QUALITY,Read1,96% GC Reads Average Quality,26.35
READ GC CONTENT QUALITY,Read1,97% GC Reads Average Quality,25.75
READ GC CONTENT QUALITY,Read1,98% GC Reads Average Quality,26.81
READ GC CONTENT QUALITY,Read1,99% GC Reads Average Quality,32.31
READ GC CONTENT QUALITY,Read1,100% GC Reads Average Quality,32.31
SEQUENCE POSITIONS,Read1,'AGATCGGAAGAG' 12bp Starts,1
SEQUENCE POSITIONS,Read1,'AGATCGGAAGAG' Total Sequence Starts,1,0.00
SEQUENCE POSITIONS,Read1,'TGGAATTCTCGG' 11bp Starts,15
SEQUENCE POSITIONS,Read1,'TGGAATTCTCGG' Total Sequence Starts,15,0.00
SEQUENCE POSITIONS,Read1,'GATCGTCGGACT' Total Sequence Starts,0,0.00
SEQUENCE POSITIONS,Read1,'CTGTCTCTTATA' 2bp Starts,2
SEQUENCE POSITIONS,Read1,'CTGTCTCTTATA' Total Sequence Starts,2,0.00
POSITIONAL QUALITY,Read1,ReadPos 1 1% Quantile QV,11
POSITIONAL QUALITY,Read1,ReadPos 1 2% Quantile QV,11
POSITIONAL QUALITY,Read1,ReadPos 1 5% Quantile QV,25
POSITIONAL QUALITY,Read1,ReadPos 1 10% Quantile QV,37
POSITIONAL QUALITY,Read1,ReadPos 1 25% Quantile QV,37
POSITIONAL QUALITY,Read1,ReadPos 1 50% Quantile QV,37
POSITIONAL QUALITY,Read1,ReadPos 1 75% Quantile QV,37
POSITIONAL QUALITY,Read1,ReadPos 1 90% Quantile QV,37
POSITIONAL QUALITY,Read1,ReadPos 1 95% Quantile QV,37
POSITIONAL QUALITY,Read1,ReadPos 1 98% Quantile QV,37
POSITIONAL QUALITY,Read1,ReadPos 1 99% Quantile QV,37
POSITIONAL QUALITY,Read1,ReadPos 2 1% Quantile QV,11
POSITIONAL QUALITY,Read1,ReadPos 2 2% Quantile QV,11
POSITIONAL QUALITY,Read1,ReadPos 2 5% Quantile QV,25
POSITIONAL QUALITY,Read1,ReadPos 2 10% Quantile QV,37
POSITIONAL QUALITY,Read1,ReadPos 2 25% Quantile QV,37
POSITIONAL QUALITY,Read1,ReadPos 2 50% Quantile QV,37
POSITIONAL QUALITY,Read1,ReadPos 2 75% Quantile QV,37
POSITIONAL QUALITY,Read1,ReadPos 2 90% Quantile QV,37
POSITIONAL QUALITY,Read1,ReadPos 2 95% Quantile QV,37
POSITIONAL QUALITY,Read1,ReadPos 2 98% Quantile QV,37
POSITIONAL QUALITY,Read1,ReadPos 2 99% Quantile QV,37
POSITIONAL QUALITY,Read1,ReadPos 3 1% Quantile QV,11
POSITIONAL QUALITY,Read1,ReadPos 3 2% Quantile QV,11
POSITIONAL QUALITY,Read1,ReadPos 3 5% Quantile QV,25
POSITIONAL QUALITY,Read1,ReadPos 3 10% Quantile QV,37
POSITIONAL QUALITY,Read1,ReadPos 3 25% Quantile QV,37
POSITIONAL QUALITY,Read1,ReadPos 3 50% Quantile QV,37
POSITIONAL QUALITY,Read1,ReadPos 3 75% Quantile QV,37
POSITIONAL QUALITY,Read1,ReadPos 3 90% Quantile QV,37
POSITIONAL QUALITY,Read1,ReadPos 3 95% Quantile QV,37
POSITIONAL QUALITY,Read1,ReadPos 3 98% Quantile QV,37
POSITIONAL QUALITY,Read1,ReadPos 3 99% Quantile QV,37
POSITIONAL QUALITY,Read1,ReadPos 4 1% Quantile QV,11
POSITIONAL QUALITY,Read1,ReadPos 4 2% Quantile QV,11
POSITIONAL QUALITY,Read1,ReadPos 4 5% Quantile QV,25
POSITIONAL QUALITY,Read1,ReadPos 4 10% Quantile QV,37
POSITIONAL QUALITY,Read1,ReadPos 4 25% Quantile QV,37
POSITIONAL QUALITY,Read1,ReadPos 4 50% Quantile QV,37
POSITIONAL QUALITY,Read1,ReadPos 4 75% Quantile QV,37
POSITIONAL QUALITY,Read1,ReadPos 4 90% Quantile QV,37
POSITIONAL QUALITY,Read1,ReadPos 4 95% Quantile QV,37
POSITIONAL QUALITY,Read1,ReadPos 4 98% Quantile QV,37
POSITIONAL QUALITY,Read1,ReadPos 4 99% Quantile QV,37
POSITIONAL QUALITY,Read1,ReadPos 5 1% Quantile QV,11
POSITIONAL QUALITY,Read1,ReadPos 5 2% Quantile QV,11
POSITIONAL QUALITY,Read1,ReadPos 5 5% Quantile QV,25
POSITIONAL QUALITY,Read1,ReadPos 5 10% Quantile QV,37
POSITIONAL QUALITY,Read1,ReadPos 5 25% Quantile QV,37
POSITIONAL QUALITY,Read1,ReadPos 5 50% Quantile QV,37
POSITIONAL QUALITY,Read1,ReadPos 5 75% Quantile QV,37
POSITIONAL QUALITY,Read1,ReadPos 5 90% Quantile QV,37
POSITIONAL QUALITY,Read1,ReadPos 5 95% Quantile QV,37
POSITIONAL QUALITY,Read1,ReadPos 5 98% Quantile QV,37
POSITIONAL QUALITY,Read1,ReadPos 5 99% Quantile QV,37
POSITIONAL QUALITY,Read1,ReadPos 6 1% Quantile QV,11
POSITIONAL QUALITY,Read1,ReadPos 6 2% Quantile QV,11
POSITIONAL QUALITY,Read1,ReadPos 6 5% Quantile QV,25
POSITIONAL QUALITY,Read1,ReadPos 6 10% Quantile QV,37
POSITIONAL QUALITY,Read1,ReadPos 6 25% Quantile QV,37
POSITIONAL QUALITY,Read1,ReadPos 6 50% Quantile QV,37
POSITIONAL QUALITY,Read1,ReadPos 6 75% Quantile QV,37
POSITIONAL QUALITY,Read1,ReadPos 6 90% Quantile QV,37
POSITIONAL QUALITY,Read1,ReadPos 6 95% Quantile QV,37
POSITIONAL QUALITY,Read1,ReadPos 6 98% Quantile QV,37
POSITIONAL QUALITY,Read1,ReadPos 6 99% Quantile QV,37
POSITIONAL QUALITY,Read1,ReadPos 7 1% Quantile QV,11
POSITIONAL QUALITY,Read1,ReadPos 7 2% Quantile QV,11
POSITIONAL QUALITY,Read1,ReadPos 7 5% Quantile QV,25
POSITIONAL QUALITY,Read1,ReadPos 7 10% Quantile QV,37
POSITIONAL QUALITY,Read1,ReadPos 7 25% Quantile QV,37
POSITIONAL QUALITY,Read1,ReadPos 7 50% Quantile QV,37
POSITIONAL QUALITY,Read1,ReadPos 7 75% Quantile QV,37
POSITIONAL QUALITY,Read1,ReadPos 7 90% Quantile QV,37
POSITIONAL QUALITY,Read1,ReadPos 7 95% Quantile QV,37
POSITIONAL QUALITY,Read1,ReadPos 7 98% Quantile QV,37
POSITIONAL QUALITY,Read1,ReadPos 7 99% Quantile QV,37
POSITIONAL QUALITY,Read1,ReadPos 8 1% Quantile QV,11
POSITIONAL QUALITY,Read1,ReadPos 8 2% Quantile QV,11
POSITIONAL QUALITY,Read1,ReadPos 8 5% Quantile QV,25
POSITIONAL QUALITY,Read1,ReadPos 8 10% Quantile QV,37
POSITIONAL QUALITY,Read1,ReadPos 8 25% Quantile QV,37
POSITIONAL QUALITY,Read1,ReadPos 8 50% Quantile QV,37
POSITIONAL QUALITY,Read1,ReadPos 8 75% Quantile QV,37
POSITIONAL QUALITY,Read1,ReadPos 8 90% Quantile QV,37
POSITIONAL QUALITY,Read1,ReadPos 8 95% Quantile QV,37
POSITIONAL QUALITY,Read1,ReadPos 8 98% Quantile QV,37
POSITIONAL QUALITY,Read1,ReadPos 8 99% Quantile QV,37
POSITIONAL QUALITY,Read1,ReadPos 9 1% Quantile QV,11
POSITIONAL QUALITY,Read1,ReadPos 9 2% Quantile QV,11
POSITIONAL QUALITY,Read1,ReadPos 9 5% Quantile QV,25
POSITIONAL QUALITY,Read1,ReadPos 9 10% Quantile QV,37
POSITIONAL QUALITY,Read1,ReadPos 9 25% Quantile QV,37
POSITIONAL QUALITY,Read1,ReadPos 9 50% Quantile QV,37
POSITIONAL QUALITY,Read1,ReadPos 9 75% Quantile QV,37
POSITIONAL QUALITY,Read1,ReadPos 9 90% Quantile QV,37
POSITIONAL QUALITY,Read1,ReadPos 9 95% Quantile QV,37
POSITIONAL QUALITY,Read1,ReadPos 9 98% Quantile QV,37
POSITIONAL QUALITY,Read1,ReadPos 9 99% Quantile QV,37
POSITIONAL QUALITY,Read1,ReadPos 10 1% Quantile QV,11
POSITIONAL QUALITY,Read1,ReadPos 10 2% Quantile QV,11
POSITIONAL QUALITY,Read1,ReadPos 10 5% Quantile QV,25
POSITIONAL QUALITY,Read1,ReadPos 10 10% Quantile QV,37
POSITIONAL QUALITY,Read1,ReadPos 10 25% Quantile QV,37
POSITIONAL QUALITY,Read1,ReadPos 10 50% Quantile QV,37
POSITIONAL QUALITY,Read1,ReadPos 10 75% Quantile QV,37
POSITIONAL QUALITY,Read1,ReadPos 10 90% Quantile QV,37
POSITIONAL QUALITY,Read1,ReadPos 10 95% Quantile QV,37
POSITIONAL QUALITY,Read1,ReadPos 10 98% Quantile QV,37
POSITIONAL QUALITY,Read1,ReadPos 10 99% Quantile QV,37
POSITIONAL QUALITY,Read1,ReadPos 11 1% Quantile QV,11
POSITIONAL QUALITY,Read1,ReadPos 11 2% Quantile QV,11
POSITIONAL QUALITY,Read1,ReadPos 11 5% Quantile QV,25
POSITIONAL QUALITY,Read1,ReadPos 11 10% Quantile QV,37
POSITIONAL QUALITY,Read1,ReadPos 11 25% Quantile QV,37
POSITIONAL QUALITY,Read1,ReadPos 11 50% Quantile QV,37
POSITIONAL QUALITY,Read1,ReadPos 11 75% Quantile QV,37
POSITIONAL QUALITY,Read1,ReadPos 11 90% Quantile QV,37
POSITIONAL QUALITY,Read1,ReadPos 11 95% Quantile QV,37
POSITIONAL QUALITY,Read1,ReadPos 11 98% Quantile QV,37
POSITIONAL QUALITY,Read1,ReadPos 11 99% Quantile QV,37
POSITIONAL QUALITY,Read1,ReadPos 12 1% Quantile QV,11
POSITIONAL QUALITY,Read1,ReadPos 12 2% Quantile QV,11
POSITIONAL QUALITY,Read1,ReadPos 12 5% Quantile QV,25
POSITIONAL QUALITY,Read1,ReadPos 12 10% Quantile QV,37
POSITIONAL QUALITY,Read1,ReadPos 12 25% Quantile QV,37
POSITIONAL QUALITY,Read1,ReadPos 12 50% Quantile QV,37
POSITIONAL QUALITY,Read1,ReadPos 12 75% Quantile QV,37
POSITIONAL QUALITY,Read1,ReadPos 12 90% Quantile QV,37
POSITIONAL QUALITY,Read1,ReadPos 12 95% Quantile QV,37
POSITIONAL QUALITY,Read1,ReadPos 12 98% Quantile QV,37
POSITIONAL QUALITY,Read1,ReadPos 12 99% Quantile QV,37
POSITIONAL QUALITY,Read1,ReadPos 13 1% Quantile QV,11
POSITIONAL QUALITY,Read1,ReadPos 13 2% Quantile QV,11
POSITIONAL QUALITY,Read1,ReadPos 13 5% Quantile QV,25
POSITIONAL QUALITY,Read1,ReadPos 13 10% Quantile QV,37
POSITIONAL QUALITY,Read1,ReadPos 13 25% Quantile QV,37
POSITIONAL QUALITY,Read1,ReadPos 13 50% Quantile QV,37
POSITIONAL QUALITY,Read1,ReadPos 13 75% Quantile QV,37
POSITIONAL QUALITY,Read1,ReadPos 13 90% Quantile QV,37
POSITIONAL QUALITY,Read1,ReadPos 13 95% Quantile QV,37
POSITIONAL QUALITY,Read1,ReadPos 13 98% Quantile QV,37
POSITIONAL QUALITY,Read1,ReadPos 13 99% Quantile QV,37
POSITIONAL QUALITY,Read1,ReadPos 14 1% Quantile QV,11
POSITIONAL QUALITY,Read1,ReadPos 14 2% Quantile QV,11
POSITIONAL QUALITY,Read1,ReadPos 14 5% Quantile QV,25
POSITIONAL QUALITY,Read1,ReadPos 14 10% Quantile QV,37
POSITIONAL QUALITY,Read1,ReadPos 14 25% Quantile QV,37
POSITIONAL QUALITY,Read1,ReadPos 14 50% Quantile QV,37
POSITIONAL QUALITY,Read1,ReadPos 14 75% Quantile QV,37
POSITIONAL QUALITY,Read1,ReadPos 14 90% Quantile QV,37
POSITIONAL QUALITY,Read1,ReadPos 14 95% Quantile QV,37
POSITIONAL QUALITY,Read1,ReadPos 14 98% Quantile QV,37
POSITIONAL QUALITY,Read1,ReadPos 14 99% Quantile QV,37
POSITIONAL QUALITY,Read1,ReadPos 15 1% Quantile QV,11
POSITIONAL QUALITY,Read1,ReadPos 15 2% Quantile QV,11
POSITIONAL QUALITY,Read1,ReadPos 15 5% Quantile QV,25
POSITIONAL QUALITY,Read1,ReadPos 15 10% Quantile QV,37
POSITIONAL QUALITY,Read1,ReadPos 15 25% Quantile QV,37
POSITIONAL QUALITY,Read1,ReadPos 15 50% Quantile QV,37
POSITIONAL QUALITY,Read1,ReadPos 15 75% Quantile QV,37
POSITIONAL QUALITY,Read1,ReadPos 15 90% Quantile QV,37
POSITIONAL QUALITY,Read1,ReadPos 15 95% Quantile QV,37
POSITIONAL QUALITY,Read1,ReadPos 15 98% Quantile QV,37
POSITIONAL QUALITY,Read1,ReadPos 15 99% Quantile QV,37
POSITIONAL QUALITY,Read1,ReadPos 16 1% Quantile QV,11
POSITIONAL QUALITY,Read1,ReadPos 16 2% Quantile QV,11
POSITIONAL QUALITY,Read1,ReadPos 16 5% Quantile QV,25
POSITIONAL QUALITY,Read1,ReadPos 16 10% Quantile QV,37
POSITIONAL QUALITY,Read1,ReadPos 16 25% Quantile QV,37
POSITIONAL QUALITY,Read1,ReadPos 16 50% Quantile QV,37
POSITIONAL QUALITY,Read1,ReadPos 16 75% Quantile QV,37
POSITIONAL QUALITY,Read1,ReadPos 16 90% Quantile QV,37
POSITIONAL QUALITY,Read1,ReadPos 16 95% Quantile QV,37
POSITIONAL QUALITY,Read1,ReadPos 16 98% Quantile QV,37
POSITIONAL QUALITY,Read1,ReadPos 16 99% Quantile QV,37
POSITIONAL QUALITY,Read1,ReadPos 17 1% Quantile QV,11
POSITIONAL QUALITY,Read1,ReadPos 17 2% Quantile QV,11
POSITIONAL QUALITY,Read1,ReadPos 17 5% Quantile QV,25
POSITIONAL QUALITY,Read1,ReadPos 17 10% Quantile QV,37
POSITIONAL QUALITY,Read1,ReadPos 17 25% Quantile QV,37
POSITIONAL QUALITY,Read1,ReadPos 17 50% Quantile QV,37
POSITIONAL QUALITY,Read1,ReadPos 17 75% Quantile QV,37
POSITIONAL QUALITY,Read1,ReadPos 17 90% Quantile QV,37
POSITIONAL QUALITY,Read1,ReadPos 17 95% Quantile QV,37
POSITIONAL QUALITY,Read1,ReadPos 17 98% Quantile QV,37
POSITIONAL QUALITY,Read1,ReadPos 17 99% Quantile QV,37
POSITIONAL QUALITY,Read1,ReadPos 18 1% Quantile QV,11
POSITIONAL QUALITY,Read1,ReadPos 18 2% Quantile QV,11
POSITIONAL QUALITY,Read1,ReadPos 18 5% Quantile QV,25
POSITIONAL QUALITY,Read1,ReadPos 18 10% Quantile QV,37
POSITIONAL QUALITY,Read1,ReadPos 18 25% Quantile QV,37
POSITIONAL QUALITY,Read1,ReadPos 18 50% Quantile QV,37
POSITIONAL QUALITY,Read1,ReadPos 18 75% Quantile QV,37
POSITIONAL QUALITY,Read1,ReadPos 18 90% Quantile QV,37
POSITIONAL QUALITY,Read1,ReadPos 18 95% Quantile QV,37
POSITIONAL QUALITY,Read1,ReadPos 18 98% Quantile QV,37
POSITIONAL QUALITY,Read1,ReadPos 18 99% Quantile QV,37
POSITIONAL QUALITY,Read1,ReadPos 19 1% Quantile QV,11
POSITIONAL QUALITY,Read1,ReadPos 19 2% Quantile QV,11
POSITIONAL QUALITY,Read1,ReadPos 19 5% Quantile QV,25
POSITIONAL QUALITY,Read1,ReadPos 19 10% Quantile QV,37
POSITIONAL QUALITY,Read1,ReadPos 19 25% Quantile QV,37
POSITIONAL QUALITY,Read1,ReadPos 19 50% Quantile QV,37
POSITIONAL QUALITY,Read1,ReadPos 19 75% Quantile QV,37
POSITIONAL QUALITY,Read1,ReadPos 19 90% Quantile QV,37
POSITIONAL QUALITY,Read1,ReadPos 19 95% Quantile QV,37
POSITIONAL QUALITY,Read1,ReadPos 19 98% Quantile QV,37
POSITIONAL QUALITY,Read1,ReadPos 19 99% Quantile QV,37
POSITIONAL QUALITY,Read1,ReadPos 20 1% Quantile QV,11
POSITIONAL QUALITY,Read1,ReadPos 20 2% Quantile QV,11
POSITIONAL QUALITY,Read1,ReadPos 20 5% Quantile QV,25
POSITIONAL QUALITY,Read1,ReadPos 20 10% Quantile QV,37
POSITIONAL QUALITY,Read1,ReadPos 20 25% Quantile QV,37
POSITIONAL QUALITY,Read1,ReadPos 20 50% Quantile QV,37
POSITIONAL QUALITY,Read1,ReadPos 20 75% Quantile QV,37
POSITIONAL QUALITY,Read1,ReadPos 20 90% Quantile QV,37
POSITIONAL QUALITY,Read1,ReadPos 20 95% Quantile QV,37
POSITIONAL QUALITY,Read1,ReadPos 20 98% Quantile QV,37
POSITIONAL QUALITY,Read1,ReadPos 20 99% Quantile QV,37
POSITIONAL QUALITY,Read1,ReadPos 21 1% Quantile QV,11
POSITIONAL QUALITY,Read1,ReadPos 21 2% Quantile QV,11
POSITIONAL QUALITY,Read1,ReadPos 21 5% Quantile QV,25
POSITIONAL QUALITY,Read1,ReadPos 21 10% Quantile QV,37
POSITIONAL QUALITY,Read1,ReadPos 21 25% Quantile QV,37
POSITIONAL QUALITY,Read1,ReadPos 21 50% Quantile QV,37
POSITIONAL QUALITY,Read1,ReadPos 21 75% Quantile QV,37
POSITIONAL QUALITY,Read1,ReadPos 21 90% Quantile QV,37
POSITIONAL QUALITY,Read1,ReadPos 21 95% Quantile QV,37
POSITIONAL QUALITY,Read1,ReadPos 21 98% Quantile QV,37
POSITIONAL QUALITY,Read1,ReadPos 21 99% Quantile QV,37
POSITIONAL QUALITY,Read1,ReadPos 22 1% Quantile QV,11
POSITIONAL QUALITY,Read1,ReadPos 22 2% Quantile QV,11
POSITIONAL QUALITY,Read1,ReadPos 22 5% Quantile QV,25
POSITIONAL QUALITY,Read1,ReadPos 22 10% Quantile QV,37
POSITIONAL QUALITY,Read1,ReadPos 22 25% Quantile QV,37
POSITIONAL QUALITY,Read1,ReadPos 22 50% Quantile QV,37
POSITIONAL QUALITY,Read1,ReadPos 22 75% Quantile QV,37
POSITIONAL QUALITY,Read1,ReadPos 22 90% Quantile QV,37
POSITIONAL QUALITY,Read1,ReadPos 22 95% Quantile QV,37
POSITIONAL QUALITY,Read1,ReadPos 22 98% Quantile QV,37
POSITIONAL QUALITY,Read1,ReadPos 22 99% Quantile QV,37
POSITIONAL QUALITY,Read1,ReadPos 23 1% Quantile QV,11
POSITIONAL QUALITY,Read1,ReadPos 23 2% Quantile QV,11
POSITIONAL QUALITY,Read1,ReadPos 23 5% Quantile QV,25
POSITIONAL QUALITY,Read1,ReadPos 23 10% Quantile QV,37
POSITIONAL QUALITY,Read1,ReadPos 23 25% Quantile QV,37
POSITIONAL QUALITY,Read1,ReadPos 23 50% Quantile QV,37
POSITIONAL QUALITY,Read1,ReadPos 23 75% Quantile QV,37
POSITIONAL QUALITY,Read1,ReadPos 23 90% Quantile QV,37
POSITIONAL QUALITY,Read1,ReadPos 23 95% Quantile QV,37
POSITIONAL QUALITY,Read1,ReadPos 23 98% Quantile QV,37
POSITIONAL QUALITY,Read1,ReadPos 23 99% Quantile QV,37
POSITIONAL QUALITY,Read1,ReadPos 24 1% Quantile QV,11
POSITIONAL QUALITY,Read1,ReadPos 24 2% Quantile QV,11
POSITIONAL QUALITY,Read1,ReadPos 24 5% Quantile QV,25
POSITIONAL QUALITY,Read1,ReadPos 24 10% Quantile QV,37
POSITIONAL QUALITY,Read1,ReadPos 24 25% Quantile QV,37
POSITIONAL QUALITY,Read1,ReadPos 24 50% Quantile QV,37
POSITIONAL QUALITY,Read1,ReadPos 24 75% Quantile QV,37
POSITIONAL QUALITY,Read1,ReadPos 24 90% Quantile QV,37
POSITIONAL QUALITY,Read1,ReadPos 24 95% Quantile QV,37
POSITIONAL QUALITY,Read1,ReadPos 24 98% Quantile QV,37
POSITIONAL QUALITY,Read1,ReadPos 24 99% Quantile QV,37
POSITIONAL QUALITY,Read1,ReadPos 25 1% Quantile QV,11
POSITIONAL QUALITY,Read1,ReadPos 25 2% Quantile QV,11
POSITIONAL QUALITY,Read1,ReadPos 25 5% Quantile QV,25
POSITIONAL QUALITY,Read1,ReadPos 25 10% Quantile QV,37
POSITIONAL QUALITY,Read1,ReadPos 25 25% Quantile QV,37
POSITIONAL QUALITY,Read1,ReadPos 25 50% Quantile QV,37
POSITIONAL QUALITY,Read1,ReadPos 25 75% Quantile QV,37
POSITIONAL QUALITY,Read1,ReadPos 25 90% Quantile QV,37
POSITIONAL QUALITY,Read1,ReadPos 25 95% Quantile QV,37
POSITIONAL QUALITY,Read1,ReadPos 25 98% Quantile QV,37
POSITIONAL QUALITY,Read1,ReadPos 25 99% Quantile QV,37
POSITIONAL QUALITY,Read1,ReadPos 26 1% Quantile QV,11
POSITIONAL QUALITY,Read1,ReadPos 26 2% Quantile QV,11
POSITIONAL QUALITY,Read1,ReadPos 26 5% Quantile QV,25
POSITIONAL QUALITY,Read1,ReadPos 26 10% Quantile QV,37
POSITIONAL QUALITY,Read1,ReadPos 26 25% Quantile QV,37
POSITIONAL QUALITY,Read1,ReadPos 26 50% Quantile QV,37
POSITIONAL QUALITY,Read1,ReadPos 26 75% Quantile QV,37
POSITIONAL QUALITY,Read1,ReadPos 26 90% Quantile QV,37
POSITIONAL QUALITY,Read1,ReadPos 26 95% Quantile QV,37
POSITIONAL QUALITY,Read1,ReadPos 26 98% Quantile QV,37
POSITIONAL QUALITY,Read1,ReadPos 26 99% Quantile QV,37
READ MEAN QUALITY,Read2,Q6 Reads,1
READ MEAN QUALITY,Read2,Q8 Reads,3
READ MEAN QUALITY,Read2,Q9 Reads,8
READ MEAN QUALITY,Read2,Q10 Reads,10
READ MEAN QUALITY,Read2,Q11 Reads,7
READ MEAN QUALITY,Read2,Q12 Reads,12
READ MEAN QUALITY,Read2,Q13 Reads,30
READ MEAN QUALITY,Read2,Q14 Reads,52
READ MEAN QUALITY,Read2,Q15 Reads,95
READ MEAN QUALITY,Read2,Q16 Reads,134
READ MEAN QUALITY,Read2,Q17 Reads,244
READ MEAN QUALITY,Read2,Q18 Reads,360
READ MEAN QUALITY,Read2,Q19 Reads,662
READ MEAN QUALITY,Read2,Q20 Reads,1263
READ MEAN QUALITY,Read2,Q21 Reads,2223
READ MEAN QUALITY,Read2,Q22 Reads,3625
READ MEAN QUALITY,Read2,Q23 Reads,6000
READ MEAN QUALITY,Read2,Q24 Reads,9434
READ MEAN QUALITY,Read2,Q25 Reads,14782
READ MEAN QUALITY,Read2,Q26 Reads,22146
READ MEAN QUALITY,Read2,Q27 Reads,32218
READ MEAN QUALITY,Read2,Q28 Reads,44509
READ MEAN QUALITY,Read2,Q29 Reads,59715
READ MEAN QUALITY,Read2,Q30 Reads,76895
READ MEAN QUALITY,Read2,Q31 Reads,98338
READ MEAN QUALITY,Read2,Q32 Reads,121708
READ MEAN QUALITY,Read2,Q33 Reads,159231
READ MEAN QUALITY,Read2,Q34 Reads,221060
READ MEAN QUALITY,Read2,Q35 Reads,382490
READ MEAN QUALITY,Read2,Q36 Reads,864484
READ MEAN QUALITY,Read2,Q37 Reads,2508949
POSITIONAL BASE MEAN QUALITY,Read2,ReadPos 1 A Average Quality,35.70
POSITIONAL BASE MEAN QUALITY,Read2,ReadPos 2 A Average Quality,35.74
POSITIONAL BASE MEAN QUALITY,Read2,ReadPos 3 A Average Quality,35.75
POSITIONAL BASE MEAN QUALITY,Read2,ReadPos 4 A Average Quality,35.61
POSITIONAL BASE MEAN QUALITY,Read2,ReadPos 5 A Average Quality,35.45
POSITIONAL BASE MEAN QUALITY,Read2,ReadPos 6 A Average Quality,35.53
POSITIONAL BASE MEAN QUALITY,Read2,ReadPos 7 A Average Quality,35.58
POSITIONAL BASE MEAN QUALITY,Read2,ReadPos 8 A Average Quality,35.66
POSITIONAL BASE MEAN QUALITY,Read2,ReadPos 9 A Average Quality,35.52
POSITIONAL BASE MEAN QUALITY,Read2,ReadPos 10 A Average Quality,35.62
POSITIONAL BASE MEAN QUALITY,Read2,ReadPos 11 A Average Quality,35.60
POSITIONAL BASE MEAN QUALITY,Read2,ReadPos 12 A Average Quality,35.74
POSITIONAL BASE MEAN QUALITY,Read2,ReadPos 13 A Average Quality,35.53
POSITIONAL BASE MEAN QUALITY,Read2,ReadPos 14 A Average Quality,35.56
POSITIONAL BASE MEAN QUALITY,Read2,ReadPos 15 A Average Quality,35.43
POSITIONAL BASE MEAN QUALITY,Read2,ReadPos 16 A Average Quality,35.47
POSITIONAL BASE MEAN QUALITY,Read2,ReadPos 17 A Average Quality,35.53
POSITIONAL BASE MEAN QUALITY,Read2,ReadPos 18 A Average Quality,35.37
POSITIONAL BASE MEAN QUALITY,Read2,ReadPos 19 A Average Quality,35.39
POSITIONAL BASE MEAN QUALITY,Read2,ReadPos 20 A Average Quality,35.37
POSITIONAL BASE MEAN QUALITY,Read2,ReadPos 21 A Average Quality,35.40
POSITIONAL BASE MEAN QUALITY,Read2,ReadPos 22 A Average Quality,35.44
POSITIONAL BASE MEAN QUALITY,Read2,ReadPos 23 A Average Quality,35.41
POSITIONAL BASE MEAN QUALITY,Read2,ReadPos 24 A Average Quality,35.47
POSITIONAL BASE MEAN QUALITY,Read2,ReadPos 25 A Average Quality,35.55
POSITIONAL BASE MEAN QUALITY,Read2,ReadPos 26 A Average Quality,35.43
POSITIONAL BASE MEAN QUALITY,Read2,ReadPos 1 C Average Quality,35.49
POSITIONAL BASE MEAN QUALITY,Read2,ReadPos 2 C Average Quality,35.57
POSITIONAL BASE MEAN QUALITY,Read2,ReadPos 3 C Average Quality,35.82
POSITIONAL BASE MEAN QUALITY,Read2,ReadPos 4 C Average Quality,35.77
POSITIONAL BASE MEAN QUALITY,Read2,ReadPos 5 C Average Quality,35.81
POSITIONAL BASE MEAN QUALITY,Read2,ReadPos 6 C Average Quality,35.78
POSITIONAL BASE MEAN QUALITY,Read2,ReadPos 7 C Average Quality,35.83
POSITIONAL BASE MEAN QUALITY,Read2,ReadPos 8 C Average Quality,35.87
POSITIONAL BASE MEAN QUALITY,Read2,ReadPos 9 C Average Quality,35.78
POSITIONAL BASE MEAN QUALITY,Read2,ReadPos 10 C Average Quality,35.84
POSITIONAL BASE MEAN QUALITY,Read2,ReadPos 11 C Average Quality,35.86
POSITIONAL BASE MEAN QUALITY,Read2,ReadPos 12 C Average Quality,35.83
POSITIONAL BASE MEAN QUALITY,Read2,ReadPos 13 C Average Quality,35.81
POSITIONAL BASE MEAN QUALITY,Read2,ReadPos 14 C Average Quality,35.81
POSITIONAL BASE MEAN QUALITY,Read2,ReadPos 15 C Average Quality,35.66
POSITIONAL BASE MEAN QUALITY,Read2,ReadPos 16 C Average Quality,35.69
POSITIONAL BASE MEAN QUALITY,Read2,ReadPos 17 C Average Quality,35.79
POSITIONAL BASE MEAN QUALITY,Read2,ReadPos 18 C Average Quality,35.66
POSITIONAL BASE MEAN QUALITY,Read2,ReadPos 19 C Average Quality,35.65
POSITIONAL BASE MEAN QUALITY,Read2,ReadPos 20 C Average Quality,35.68
POSITIONAL BASE MEAN QUALITY,Read2,ReadPos 21 C Average Quality,35.70
POSITIONAL BASE MEAN QUALITY,Read2,ReadPos 22 C Average Quality,35.70
POSITIONAL BASE MEAN QUALITY,Read2,ReadPos 23 C Average Quality,35.77
POSITIONAL BASE MEAN QUALITY,Read2,ReadPos 24 C Average Quality,35.76
POSITIONAL BASE MEAN QUALITY,Read2,ReadPos 25 C Average Quality,35.75
POSITIONAL BASE MEAN QUALITY,Read2,ReadPos 26 C Average Quality,35.81
POSITIONAL BASE MEAN QUALITY,Read2,ReadPos 1 G Average Quality,34.18
POSITIONAL BASE MEAN QUALITY,Read2,ReadPos 2 G Average Quality,35.04
POSITIONAL BASE MEAN QUALITY,Read2,ReadPos 3 G Average Quality,35.16
POSITIONAL BASE MEAN QUALITY,Read2,ReadPos 4 G Average Quality,35.33
POSITIONAL BASE MEAN QUALITY,Read2,ReadPos 5 G Average Quality,35.18
POSITIONAL BASE MEAN QUALITY,Read2,ReadPos 6 G Average Quality,35.32
POSITIONAL BASE MEAN QUALITY,Read2,ReadPos 7 G Average Quality,35.41
POSITIONAL BASE MEAN QUALITY,Read2,ReadPos 8 G Average Quality,35.50
POSITIONAL BASE MEAN QUALITY,Read2,ReadPos 9 G Average Quality,35.25
POSITIONAL BASE MEAN QUALITY,Read2,ReadPos 10 G Average Quality,35.40
POSITIONAL BASE MEAN QUALITY,Read2,ReadPos 11 G Average Quality,35.37
POSITIONAL BASE MEAN QUALITY,Read2,ReadPos 12 G Average Quality,35.39
POSITIONAL BASE MEAN QUALITY,Read2,ReadPos 13 G Average Quality,35.30
POSITIONAL BASE MEAN QUALITY,Read2,ReadPos 14 G Average Quality,35.35
POSITIONAL BASE MEAN QUALITY,Read2,ReadPos 15 G Average Quality,35.25
POSITIONAL BASE MEAN QUALITY,Read2,ReadPos 16 G Average Quality,35.22
POSITIONAL BASE MEAN QUALITY,Read2,ReadPos 17 G Average Quality,35.33
POSITIONAL BASE MEAN QUALITY,Read2,ReadPos 18 G Average Quality,35.16
POSITIONAL BASE MEAN QUALITY,Read2,ReadPos 19 G Average Quality,35.21
POSITIONAL BASE MEAN QUALITY,Read2,ReadPos 20 G Average Quality,35.17
POSITIONAL BASE MEAN QUALITY,Read2,ReadPos 21 G Average Quality,35.19
POSITIONAL BASE MEAN QUALITY,Read2,ReadPos 22 G Average Quality,35.30
POSITIONAL BASE MEAN QUALITY,Read2,ReadPos 23 G Average Quality,35.37
POSITIONAL BASE MEAN QUALITY,Read2,ReadPos 24 G Average Quality,35.42
POSITIONAL BASE MEAN QUALITY,Read2,ReadPos 25 G Average Quality,35.46
POSITIONAL BASE MEAN QUALITY,Read2,ReadPos 26 G Average Quality,35.39
POSITIONAL BASE MEAN QUALITY,Read2,ReadPos 1 T Average Quality,35.28
POSITIONAL BASE MEAN QUALITY,Read2,ReadPos 2 T Average Quality,35.17
POSITIONAL BASE MEAN QUALITY,Read2,ReadPos 3 T Average Quality,35.15
POSITIONAL BASE MEAN QUALITY,Read2,ReadPos 4 T Average Quality,35.26
POSITIONAL BASE MEAN QUALITY,Read2,ReadPos 5 T Average Quality,35.21
POSITIONAL BASE MEAN QUALITY,Read2,ReadPos 6 T Average Quality,35.32
POSITIONAL BASE MEAN QUALITY,Read2,ReadPos 7 T Average Quality,35.15
POSITIONAL BASE MEAN QUALITY,Read2,ReadPos 8 T Average Quality,35.29
POSITIONAL BASE MEAN QUALITY,Read2,ReadPos 9 T Average Quality,35.16
POSITIONAL BASE MEAN QUALITY,Read2,ReadPos 10 T Average Quality,35.26
POSITIONAL BASE MEAN QUALITY,Read2,ReadPos 11 T Average Quality,35.29
POSITIONAL BASE MEAN QUALITY,Read2,ReadPos 12 T Average Quality,35.23
POSITIONAL BASE MEAN QUALITY,Read2,ReadPos 13 T Average Quality,35.10
POSITIONAL BASE MEAN QUALITY,Read2,ReadPos 14 T Average Quality,35.15
POSITIONAL BASE MEAN QUALITY,Read2,ReadPos 15 T Average Quality,35.02
POSITIONAL BASE MEAN QUALITY,Read2,ReadPos 16 T Average Quality,34.99
POSITIONAL BASE MEAN QUALITY,Read2,ReadPos 17 T Average Quality,35.09
POSITIONAL BASE MEAN QUALITY,Read2,ReadPos 18 T Average Quality,34.88
POSITIONAL BASE MEAN QUALITY,Read2,ReadPos 19 T Average Quality,34.92
POSITIONAL BASE MEAN QUALITY,Read2,ReadPos 20 T Average Quality,34.91
POSITIONAL BASE MEAN QUALITY,Read2,ReadPos 21 T Average Quality,34.92
POSITIONAL BASE MEAN QUALITY,Read2,ReadPos 22 T Average Quality,35.03
POSITIONAL BASE MEAN QUALITY,Read2,ReadPos 23 T Average Quality,35.14
POSITIONAL BASE MEAN QUALITY,Read2,ReadPos 24 T Average Quality,35.25
POSITIONAL BASE MEAN QUALITY,Read2,ReadPos 25 T Average Quality,35.24
POSITIONAL BASE MEAN QUALITY,Read2,ReadPos 26 T Average Quality,35.35
POSITIONAL BASE CONTENT,Read2,ReadPos 1 A Bases,1156122
POSITIONAL BASE CONTENT,Read2,ReadPos 2 A Bases,1421674
POSITIONAL BASE CONTENT,Read2,ReadPos 3 A Bases,1345097
POSITIONAL BASE CONTENT,Read2,ReadPos 4 A Bases,1141412
POSITIONAL BASE CONTENT,Read2,ReadPos 5 A Bases,1162725
POSITIONAL BASE CONTENT,Read2,ReadPos 6 A Bases,1093126
POSITIONAL BASE CONTENT,Read2,ReadPos 7 A Bases,1081309
POSITIONAL BASE CONTENT,Read2,ReadPos 8 A Bases,1111979
POSITIONAL BASE CONTENT,Read2,ReadPos 9 A Bases,1202632
POSITIONAL BASE CONTENT,Read2,ReadPos 10 A Bases,1104754
POSITIONAL BASE CONTENT,Read2,ReadPos 11 A Bases,1107593
POSITIONAL BASE CONTENT,Read2,ReadPos 12 A Bases,1386737
POSITIONAL BASE CONTENT,Read2,ReadPos 13 A Bases,1284371
POSITIONAL BASE CONTENT,Read2,ReadPos 14 A Bases,1290731
POSITIONAL BASE CONTENT,Read2,ReadPos 15 A Bases,1295777
POSITIONAL BASE CONTENT,Read2,ReadPos 16 A Bases,1295197
POSITIONAL BASE CONTENT,Read2,ReadPos 17 A Bases,1292755
POSITIONAL BASE CONTENT,Read2,ReadPos 18 A Bases,1290966
POSITIONAL BASE CONTENT,Read2,ReadPos 19 A Bases,1288877
POSITIONAL BASE CONTENT,Read2,ReadPos 20 A Bases,1285583
POSITIONAL BASE CONTENT,Read2,ReadPos 21 A Bases,1292765
POSITIONAL BASE CONTENT,Read2,ReadPos 22 A Bases,1289341
POSITIONAL BASE CONTENT,Read2,ReadPos 23 A Bases,1281238
POSITIONAL BASE CONTENT,Read2,ReadPos 24 A Bases,1278905
POSITIONAL BASE CONTENT,Read2,ReadPos 25 A Bases,1272247
POSITIONAL BASE CONTENT,Read2,ReadPos 26 A Bases,1192904
POSITIONAL BASE CONTENT,Read2,ReadPos 1 C Bases,1035356
POSITIONAL BASE CONTENT,Read2,ReadPos 2 C Bases,972282
POSITIONAL BASE CONTENT,Read2,ReadPos 3 C Bases,1048280
POSITIONAL BASE CONTENT,Read2,ReadPos 4 C Bases,1322824
POSITIONAL BASE CONTENT,Read2,ReadPos 5 C Bases,1351720
POSITIONAL BASE CONTENT,Read2,ReadPos 6 C Bases,1004339
POSITIONAL BASE CONTENT,Read2,ReadPos 7 C Bases,1052356
POSITIONAL BASE CONTENT,Read2,ReadPos 8 C Bases,1170205
POSITIONAL BASE CONTENT,Read2,ReadPos 9 C Bases,1285703
POSITIONAL BASE CONTENT,Read2,ReadPos 10 C Bases,1120124
POSITIONAL BASE CONTENT,Read2,ReadPos 11 C Bases,1037743
POSITIONAL BASE CONTENT,Read2,ReadPos 12 C Bases,1006429
POSITIONAL BASE CONTENT,Read2,ReadPos 13 C Bases,1320000
POSITIONAL BASE CONTENT,Read2,ReadPos 14 C Bases,1326447
POSITIONAL BASE CONTENT,Read2,ReadPos 15 C Bases,1316734
POSITIONAL BASE CONTENT,Read2,ReadPos 16 C Bases,1308587
POSITIONAL BASE CONTENT,Read2,ReadPos 17 C Bases,1305725
POSITIONAL BASE CONTENT,Read2,ReadPos 18 C Bases,1305233
POSITIONAL BASE CONTENT,Read2,ReadPos 19 C Bases,1303408
POSITIONAL BASE CONTENT,Read2,ReadPos 20 C Bases,1302104
POSITIONAL BASE CONTENT,Read2,ReadPos 21 C Bases,1302457
POSITIONAL BASE CONTENT,Read2,ReadPos 22 C Bases,1297532
POSITIONAL BASE CONTENT,Read2,ReadPos 23 C Bases,1298443
POSITIONAL BASE CONTENT,Read2,ReadPos 24 C Bases,1295870
POSITIONAL BASE CONTENT,Read2,ReadPos 25 C Bases,1274043
POSITIONAL BASE CONTENT,Read2,ReadPos 26 C Bases,1202069
POSITIONAL BASE CONTENT,Read2,ReadPos 1 G Bases,1001807
POSITIONAL BASE CONTENT,Read2,ReadPos 2 G Bases,1090374
POSITIONAL BASE CONTENT,Read2,ReadPos 3 G Bases,1127805
POSITIONAL BASE CONTENT,Read2,ReadPos 4 G Bases,1087914
POSITIONAL BASE CONTENT,Read2,ReadPos 5 G Bases,1037590
POSITIONAL BASE CONTENT,Read2,ReadPos 6 G Bases,1040139
POSITIONAL BASE CONTENT,Read2,ReadPos 7 G Bases,1392086
POSITIONAL BASE CONTENT,Read2,ReadPos 8 G Bases,1308990
POSITIONAL BASE CONTENT,Read2,ReadPos 9 G Bases,1047443
POSITIONAL BASE CONTENT,Read2,ReadPos 10 G Bases,1021074
POSITIONAL BASE CONTENT,Read2,ReadPos 11 G Bases,1087225
POSITIONAL BASE CONTENT,Read2,ReadPos 12 G Bases,1167642
POSITIONAL BASE CONTENT,Read2,ReadPos 13 G Bases,1011361
POSITIONAL BASE CONTENT,Read2,ReadPos 14 G Bases,1017734
POSITIONAL BASE CONTENT,Read2,ReadPos 15 G Bases,1032059
POSITIONAL BASE CONTENT,Read2,ReadPos 16 G Bases,1040745
POSITIONAL BASE CONTENT,Read2,ReadPos 17 G Bases,1051052
POSITIONAL BASE CONTENT,Read2,ReadPos 18 G Bases,1056446
POSITIONAL BASE CONTENT,Read2,ReadPos 19 G Bases,1052148
POSITIONAL BASE CONTENT,Read2,ReadPos 20 G Bases,1058697
POSITIONAL BASE CONTENT,Read2,ReadPos 21 G Bases,1058156
POSITIONAL BASE CONTENT,Read2,ReadPos 22 G Bases,1061646
POSITIONAL BASE CONTENT,Read2,ReadPos 23 G Bases,1066814
POSITIONAL BASE CONTENT,Read2,ReadPos 24 G Bases,1077342
POSITIONAL BASE CONTENT,Read2,ReadPos 25 G Bases,1074466
POSITIONAL BASE CONTENT,Read2,ReadPos 26 G Bases,1005015
POSITIONAL BASE CONTENT,Read2,ReadPos 1 T Bases,1436390
POSITIONAL BASE CONTENT,Read2,ReadPos 2 T Bases,1146076
POSITIONAL BASE CONTENT,Read2,ReadPos 3 T Bases,1109088
POSITIONAL BASE CONTENT,Read2,ReadPos 4 T Bases,1077793
POSITIONAL BASE CONTENT,Read2,ReadPos 5 T Bases,1076705
POSITIONAL BASE CONTENT,Read2,ReadPos 6 T Bases,1491784
POSITIONAL BASE CONTENT,Read2,ReadPos 7 T Bases,1103529
POSITIONAL BASE CONTENT,Read2,ReadPos 8 T Bases,1037881
POSITIONAL BASE CONTENT,Read2,ReadPos 9 T Bases,1093008
POSITIONAL BASE CONTENT,Read2,ReadPos 10 T Bases,1382586
POSITIONAL BASE CONTENT,Read2,ReadPos 11 T Bases,1395716
POSITIONAL BASE CONTENT,Read2,ReadPos 12 T Bases,1067162
POSITIONAL BASE CONTENT,Read2,ReadPos 13 T Bases,1011796
POSITIONAL BASE CONTENT,Read2,ReadPos 14 T Bases,992430
POSITIONAL BASE CONTENT,Read2,ReadPos 15 T Bases,982438
POSITIONAL BASE CONTENT,Read2,ReadPos 16 T Bases,982018
POSITIONAL BASE CONTENT,Read2,ReadPos 17 T Bases,976609
POSITIONAL BASE CONTENT,Read2,ReadPos 18 T Bases,973011
POSITIONAL BASE CONTENT,Read2,ReadPos 19 T Bases,980797
POSITIONAL BASE CONTENT,Read2,ReadPos 20 T Bases,978284
POSITIONAL BASE CONTENT,Read2,ReadPos 21 T Bases,970438
POSITIONAL BASE CONTENT,Read2,ReadPos 22 T Bases,974191
POSITIONAL BASE CONTENT,Read2,ReadPos 23 T Bases,973700
POSITIONAL BASE CONTENT,Read2,ReadPos 24 T Bases,960248
POSITIONAL BASE CONTENT,Read2,ReadPos 25 T Bases,951335
POSITIONAL BASE CONTENT,Read2,ReadPos 26 T Bases,865003
POSITIONAL BASE CONTENT,Read2,ReadPos 1 N Bases,1013
POSITIONAL BASE CONTENT,Read2,ReadPos 2 N Bases,16
POSITIONAL BASE CONTENT,Read2,ReadPos 3 N Bases,40
POSITIONAL BASE CONTENT,Read2,ReadPos 4 N Bases,209
POSITIONAL BASE CONTENT,Read2,ReadPos 5 N Bases,1194
POSITIONAL BASE CONTENT,Read2,ReadPos 6 N Bases,277
POSITIONAL BASE CONTENT,Read2,ReadPos 7 N Bases,87
POSITIONAL BASE CONTENT,Read2,ReadPos 8 N Bases,80
POSITIONAL BASE CONTENT,Read2,ReadPos 9 N Bases,145
POSITIONAL BASE CONTENT,Read2,ReadPos 10 N Bases,154
POSITIONAL BASE CONTENT,Read2,ReadPos 11 N Bases,149
POSITIONAL BASE CONTENT,Read2,ReadPos 12 N Bases,169
POSITIONAL BASE CONTENT,Read2,ReadPos 13 N Bases,281
POSITIONAL BASE CONTENT,Read2,ReadPos 14 N Bases,115
POSITIONAL BASE CONTENT,Read2,ReadPos 15 N Bases,107
POSITIONAL BASE CONTENT,Read2,ReadPos 16 N Bases,147
POSITIONAL BASE CONTENT,Read2,ReadPos 17 N Bases,211
POSITIONAL BASE CONTENT,Read2,ReadPos 18 N Bases,164
POSITIONAL BASE CONTENT,Read2,ReadPos 19 N Bases,150
POSITIONAL BASE CONTENT,Read2,ReadPos 20 N Bases,114
POSITIONAL BASE CONTENT,Read2,ReadPos 21 N Bases,173
POSITIONAL BASE CONTENT,Read2,ReadPos 22 N Bases,79
POSITIONAL BASE CONTENT,Read2,ReadPos 23 N Bases,90
POSITIONAL BASE CONTENT,Read2,ReadPos 24 N Bases,102
POSITIONAL BASE CONTENT,Read2,ReadPos 25 N Bases,100
POSITIONAL BASE CONTENT,Read2,ReadPos 26 N Bases,114
READ LENGTHS,Read2,1bp Length Reads,266
READ LENGTHS,Read2,2bp Length Reads,112
READ LENGTHS,Read2,3bp Length Reads,158
READ LENGTHS,Read2,4bp Length Reads,218
READ LENGTHS,Read2,5bp Length Reads,269
READ LENGTHS,Read2,6bp Length Reads,298
READ LENGTHS,Read2,7bp Length Reads,232
READ LENGTHS,Read2,8bp Length Reads,204
READ LENGTHS,Read2,9bp Length Reads,239
READ LENGTHS,Read2,10bp Length Reads,266
READ LENGTHS,Read2,11bp Length Reads,287
READ LENGTHS,Read2,12bp Length Reads,330
READ LENGTHS,Read2,13bp Length Reads,352
READ LENGTHS,Read2,14bp Length Reads,342
READ LENGTHS,Read2,15bp Length Reads,421
READ LENGTHS,Read2,16bp Length Reads,342
READ LENGTHS,Read2,17bp Length Reads,532
READ LENGTHS,Read2,18bp Length Reads,440
READ LENGTHS,Read2,19bp Length Reads,598
READ LENGTHS,Read2,20bp Length Reads,793
READ LENGTHS,Read2,21bp Length Reads,1200
READ LENGTHS,Read2,22bp Length Reads,2505
READ LENGTHS,Read2,23bp Length Reads,7818
READ LENGTHS,Read2,24bp Length Reads,40279
READ LENGTHS,Read2,25bp Length Reads,307109
READ LENGTHS,Read2,26bp Length Reads,4265450
READ GC CONTENT,Read2,0% GC Reads,1112894
READ GC CONTENT,Read2,1% GC Reads,1112894
READ GC CONTENT,Read2,2% GC Reads,1829230
READ GC CONTENT,Read2,3% GC Reads,2581612
READ GC CONTENT,Read2,4% GC Reads,2607826
READ GC CONTENT,Read2,5% GC Reads,2624210
READ GC CONTENT,Read2,6% GC Reads,4321325
READ GC CONTENT,Read2,7% GC Reads,6026960
READ GC CONTENT,Read2,8% GC Reads,6062676
READ GC CONTENT,Read2,9% GC Reads,6092494
READ GC CONTENT,Read2,10% GC Reads,10464871
READ GC CONTENT,Read2,11% GC Reads,14906064
READ GC CONTENT,Read2,12% GC Reads,15006337
READ GC CONTENT,Read2,13% GC Reads,27418016
READ GC CONTENT,Read2,14% GC Reads,40782248
READ GC CONTENT,Read2,15% GC Reads,42078551
READ GC CONTENT,Read2,16% GC Reads,42318744
READ GC CONTENT,Read2,17% GC Reads,75704024
READ GC CONTENT,Read2,18% GC Reads,113408456
READ GC CONTENT,Read2,19% GC Reads,118337723
READ GC CONTENT,Read2,20% GC Reads,119387275
READ GC CONTENT,Read2,21% GC Reads,210356299
READ GC CONTENT,Read2,22% GC Reads,308110248
READ GC CONTENT,Read2,23% GC Reads,317623037
READ GC CONTENT,Read2,24% GC Reads,320309285
READ GC CONTENT,Read2,25% GC Reads,547791958
READ GC CONTENT,Read2,26% GC Reads,798679151
READ GC CONTENT,Read2,27% GC Reads,827407970
READ GC CONTENT,Read2,28% GC Reads,833900178
READ GC CONTENT,Read2,29% GC Reads,1298338490
READ GC CONTENT,Read2,30% GC Reads,1808789234
READ GC CONTENT,Read2,31% GC Reads,1863483300
READ GC CONTENT,Read2,32% GC Reads,1871106157
READ GC CONTENT,Read2,33% GC Reads,2708351519
READ GC CONTENT,Read2,34% GC Reads,3619332401
READ GC CONTENT,Read2,35% GC Reads,3706330950
READ GC CONTENT,Read2,36% GC Reads,3719451400
READ GC CONTENT,Read2,37% GC Reads,4912817301
READ GC CONTENT,Read2,38% GC Reads,6200887398
READ GC CONTENT,Read2,39% GC Reads,6295059065
READ GC CONTENT,Read2,40% GC Reads,7695023223
READ GC CONTENT,Read2,41% GC Reads,9098857775
READ GC CONTENT,Read2,42% GC Reads,9202373054
READ GC CONTENT,Read2,43% GC Reads,9302386244
READ GC CONTENT,Read2,44% GC Reads,10408852920
READ GC CONTENT,Read2,45% GC Reads,11515421478
READ GC CONTENT,Read2,46% GC Reads,11568169090
READ GC CONTENT,Read2,47% GC Reads,11620153238
READ GC CONTENT,Read2,48% GC Reads,12047371862
READ GC CONTENT,Read2,49% GC Reads,12475509340
READ GC CONTENT,Read2,50% GC Reads,12470340805
READ GC CONTENT,Read2,51% GC Reads,12465172270
READ GC CONTENT,Read2,52% GC Reads,11963773695
READ GC CONTENT,Read2,53% GC Reads,11462351536
READ GC CONTENT,Read2,54% GC Reads,11397022589
READ GC CONTENT,Read2,55% GC Reads,11331104486
READ GC CONTENT,Read2,56% GC Reads,10238301242
READ GC CONTENT,Read2,57% GC Reads,9145652982
READ GC CONTENT,Read2,58% GC Reads,9056135372
READ GC CONTENT,Read2,59% GC Reads,8963812021
READ GC CONTENT,Read2,60% GC Reads,7552224320
READ GC CONTENT,Read2,61% GC Reads,6143527576
READ GC CONTENT,Read2,62% GC Reads,6044994839
READ GC CONTENT,Read2,63% GC Reads,4739043691
READ GC CONTENT,Read2,64% GC Reads,3530593777
READ GC CONTENT,Read2,65% GC Reads,3519630041
READ GC CONTENT,Read2,66% GC Reads,3433773385
READ GC CONTENT,Read2,67% GC Reads,2519260041
READ GC CONTENT,Read2,68% GC Reads,1679562892
READ GC CONTENT,Read2,69% GC Reads,1672423027
READ GC CONTENT,Read2,70% GC Reads,1624459162
READ GC CONTENT,Read2,71% GC Reads,1123750468
READ GC CONTENT,Read2,72% GC Reads,663227756
READ GC CONTENT,Read2,73% GC Reads,658720626
READ GC CONTENT,Read2,74% GC Reads,633825286
READ GC CONTENT,Read2,75% GC Reads,404013480
READ GC CONTENT,Read2,76% GC Reads,195149589
READ GC CONTENT,Read2,77% GC Reads,194015511
READ GC CONTENT,Read2,78% GC Reads,185462771
READ GC CONTENT,Read2,79% GC Reads,112313295
READ GC CONTENT,Read2,80% GC Reads,46530706
READ GC CONTENT,Read2,81% GC Reads,45579129
READ GC CONTENT,Read2,82% GC Reads,43164806
READ GC CONTENT,Read2,83% GC Reads,25665117
READ GC CONTENT,Read2,84% GC Reads,9934240
READ GC CONTENT,Read2,85% GC Reads,9814639
READ GC CONTENT,Read2,86% GC Reads,9116028
READ GC CONTENT,Read2,87% GC Reads,5302040
READ GC CONTENT,Read2,88% GC Reads,2398424
READ GC CONTENT,Read2,89% GC Reads,2409894
READ GC CONTENT,Read2,90% GC Reads,2311518
READ GC CONTENT,Read2,91% GC Reads,2247222
READ GC CONTENT,Read2,92% GC Reads,2622404
READ GC CONTENT,Read2,93% GC Reads,3440322
READ GC CONTENT,Read2,94% GC Reads,4903375
READ GC CONTENT,Read2,95% GC Reads,6898832
READ GC CONTENT,Read2,96% GC Reads,9714942
READ GC CONTENT,Read2,97% GC Reads,13947668
READ GC CONTENT,Read2,98% GC Reads,25471494
READ GC CONTENT,Read2,99% GC Reads,33758098
READ GC CONTENT,Read2,100% GC Reads,33758098
READ GC CONTENT QUALITY,Read2,0% GC Reads Average Quality,27.64
READ GC CONTENT QUALITY,Read2,1% GC Reads Average Quality,27.64
READ GC CONTENT QUALITY,Read2,2% GC Reads Average Quality,26.29
READ GC CONTENT QUALITY,Read2,3% GC Reads Average Quality,25.71
READ GC CONTENT QUALITY,Read2,4% GC Reads Average Quality,25.70
READ GC CONTENT QUALITY,Read2,5% GC Reads Average Quality,25.69
READ GC CONTENT QUALITY,Read2,6% GC Reads Average Quality,26.05
READ GC CONTENT QUALITY,Read2,7% GC Reads Average Quality,26.22
READ GC CONTENT QUALITY,Read2,8% GC Reads Average Quality,26.22
READ GC CONTENT QUALITY,Read2,9% GC Reads Average Quality,26.23
READ GC CONTENT QUALITY,Read2,10% GC Reads Average Quality,27.21
READ GC CONTENT QUALITY,Read2,11% GC Reads Average Quality,27.61
READ GC CONTENT QUALITY,Read2,12% GC Reads Average Quality,27.65
READ GC CONTENT QUALITY,Read2,13% GC Reads Average Quality,29.24
READ GC CONTENT QUALITY,Read2,14% GC Reads Average Quality,29.91
READ GC CONTENT QUALITY,Read2,15% GC Reads Average Quality,30.03
READ GC CONTENT QUALITY,Read2,16% GC Reads Average Quality,30.04
READ GC CONTENT QUALITY,Read2,17% GC Reads Average Quality,31.38
READ GC CONTENT QUALITY,Read2,18% GC Reads Average Quality,32.00
READ GC CONTENT QUALITY,Read2,19% GC Reads Average Quality,32.11
READ GC CONTENT QUALITY,Read2,20% GC Reads Average Quality,32.13
READ GC CONTENT QUALITY,Read2,21% GC Reads Average Quality,33.01
READ GC CONTENT QUALITY,Read2,22% GC Reads Average Quality,33.40
READ GC CONTENT QUALITY,Read2,23% GC Reads Average Quality,33.44
READ GC CONTENT QUALITY,Read2,24% GC Reads Average Quality,33.46
READ GC CONTENT QUALITY,Read2,25% GC Reads Average Quality,34.05
READ GC CONTENT QUALITY,Read2,26% GC Reads Average Quality,34.32
READ GC CONTENT QUALITY,Read2,27% GC Reads Average Quality,34.35
READ GC CONTENT QUALITY,Read2,28% GC Reads Average Quality,34.36
READ GC CONTENT QUALITY,Read2,29% GC Reads Average Quality,34.68
READ GC CONTENT QUALITY,Read2,30% GC Reads Average Quality,34.85
READ GC CONTENT QUALITY,Read2,31% GC Reads Average Quality,34.87
READ GC CONTENT QUALITY,Read2,32% GC Reads Average Quality,34.87
READ GC CONTENT QUALITY,Read2,33% GC Reads Average Quality,35.06
READ GC CONTENT QUALITY,Read2,34% GC Reads Average Quality,35.17
READ GC CONTENT QUALITY,Read2,35% GC Reads Average Quality,35.17
READ GC CONTENT QUALITY,Read2,36% GC Reads Average Quality,35.17
READ GC CONTENT QUALITY,Read2,37% GC Reads Average Quality,35.29
READ GC CONTENT QUALITY,Read2,38% GC Reads Average Quality,35.36
READ GC CONTENT QUALITY,Read2,39% GC Reads Average Quality,35.37
READ GC CONTENT QUALITY,Read2,40% GC Reads Average Quality,35.45
READ GC CONTENT QUALITY,Read2,41% GC Reads Average Quality,35.50
READ GC CONTENT QUALITY,Read2,42% GC Reads Average Quality,35.50
READ GC CONTENT QUALITY,Read2,43% GC Reads Average Quality,35.51
READ GC CONTENT QUALITY,Read2,44% GC Reads Average Quality,35.55
READ GC CONTENT QUALITY,Read2,45% GC Reads Average Quality,35.59
READ GC CONTENT QUALITY,Read2,46% GC Reads Average Quality,35.59
READ GC CONTENT QUALITY,Read2,47% GC Reads Average Quality,35.59
READ GC CONTENT QUALITY,Read2,48% GC Reads Average Quality,35.63
READ GC CONTENT QUALITY,Read2,49% GC Reads Average Quality,35.66
READ GC CONTENT QUALITY,Read2,50% GC Reads Average Quality,35.66
READ GC CONTENT QUALITY,Read2,51% GC Reads Average Quality,35.66
READ GC CONTENT QUALITY,Read2,52% GC Reads Average Quality,35.68
READ GC CONTENT QUALITY,Read2,53% GC Reads Average Quality,35.70
READ GC CONTENT QUALITY,Read2,54% GC Reads Average Quality,35.71
READ GC CONTENT QUALITY,Read2,55% GC Reads Average Quality,35.71
READ GC CONTENT QUALITY,Read2,56% GC Reads Average Quality,35.73
READ GC CONTENT QUALITY,Read2,57% GC Reads Average Quality,35.75
READ GC CONTENT QUALITY,Read2,58% GC Reads Average Quality,35.75
READ GC CONTENT QUALITY,Read2,59% GC Reads Average Quality,35.75
READ GC CONTENT QUALITY,Read2,60% GC Reads Average Quality,35.76
READ GC CONTENT QUALITY,Read2,61% GC Reads Average Quality,35.77
READ GC CONTENT QUALITY,Read2,62% GC Reads Average Quality,35.78
READ GC CONTENT QUALITY,Read2,63% GC Reads Average Quality,35.78
READ GC CONTENT QUALITY,Read2,64% GC Reads Average Quality,35.80
READ GC CONTENT QUALITY,Read2,65% GC Reads Average Quality,35.80
READ GC CONTENT QUALITY,Read2,66% GC Reads Average Quality,35.80
READ GC CONTENT QUALITY,Read2,67% GC Reads Average Quality,35.81
READ GC CONTENT QUALITY,Read2,68% GC Reads Average Quality,35.82
READ GC CONTENT QUALITY,Read2,69% GC Reads Average Quality,35.82
READ GC CONTENT QUALITY,Read2,70% GC Reads Average Quality,35.82
READ GC CONTENT QUALITY,Read2,71% GC Reads Average Quality,35.82
READ GC CONTENT QUALITY,Read2,72% GC Reads Average Quality,35.81
READ GC CONTENT QUALITY,Read2,73% GC Reads Average Quality,35.81
READ GC CONTENT QUALITY,Read2,74% GC Reads Average Quality,35.81
READ GC CONTENT QUALITY,Read2,75% GC Reads Average Quality,35.78
READ GC CONTENT QUALITY,Read2,76% GC Reads Average Quality,35.68
READ GC CONTENT QUALITY,Read2,77% GC Reads Average Quality,35.68
READ GC CONTENT QUALITY,Read2,78% GC Reads Average Quality,35.68
READ GC CONTENT QUALITY,Read2,79% GC Reads Average Quality,35.61
READ GC CONTENT QUALITY,Read2,80% GC Reads Average Quality,35.37
READ GC CONTENT QUALITY,Read2,81% GC Reads Average Quality,35.36
READ GC CONTENT QUALITY,Read2,82% GC Reads Average Quality,35.33
READ GC CONTENT QUALITY,Read2,83% GC Reads Average Quality,35.01
READ GC CONTENT QUALITY,Read2,84% GC Reads Average Quality,33.86
READ GC CONTENT QUALITY,Read2,85% GC Reads Average Quality,33.85
READ GC CONTENT QUALITY,Read2,86% GC Reads Average Quality,33.74
READ GC CONTENT QUALITY,Read2,87% GC Reads Average Quality,32.80
READ GC CONTENT QUALITY,Read2,88% GC Reads Average Quality,29.57
READ GC CONTENT QUALITY,Read2,89% GC Reads Average Quality,29.48
READ GC CONTENT QUALITY,Read2,90% GC Reads Average Quality,29.30
READ GC CONTENT QUALITY,Read2,91% GC Reads Average Quality,29.16
READ GC CONTENT QUALITY,Read2,92% GC Reads Average Quality,29.28
READ GC CONTENT QUALITY,Read2,93% GC Reads Average Quality,29.60
READ GC CONTENT QUALITY,Read2,94% GC Reads Average Quality,29.95
READ GC CONTENT QUALITY,Read2,95% GC Reads Average Quality,30.28
READ GC CONTENT QUALITY,Read2,96% GC Reads Average Quality,30.64
READ GC CONTENT QUALITY,Read2,97% GC Reads Average Quality,30.95
READ GC CONTENT QUALITY,Read2,98% GC Reads Average Quality,32.11
READ GC CONTENT QUALITY,Read2,99% GC Reads Average Quality,32.62
READ GC CONTENT QUALITY,Read2,100% GC Reads Average Quality,32.62
SEQUENCE POSITIONS,Read2,'AGATCGGAAGAG' 11bp Starts,1
SEQUENCE POSITIONS,Read2,'AGATCGGAAGAG' 13bp Starts,1
SEQUENCE POSITIONS,Read2,'AGATCGGAAGAG' Total Sequence Starts,2,0.00
SEQUENCE POSITIONS,Read2,'TGGAATTCTCGG' 12bp Starts,3
SEQUENCE POSITIONS,Read2,'TGGAATTCTCGG' Total Sequence Starts,3,0.00
SEQUENCE POSITIONS,Read2,'GATCGTCGGACT' 8bp Starts,1
SEQUENCE POSITIONS,Read2,'GATCGTCGGACT' Total Sequence Starts,1,0.00
SEQUENCE POSITIONS,Read2,'CTGTCTCTTATA' 11bp Starts,1
SEQUENCE POSITIONS,Read2,'CTGTCTCTTATA' Total Sequence Starts,1,0.00
POSITIONAL QUALITY,Read2,ReadPos 1 1% Quantile QV,11
POSITIONAL QUALITY,Read2,ReadPos 1 2% Quantile QV,11
POSITIONAL QUALITY,Read2,ReadPos 1 5% Quantile QV,25
POSITIONAL QUALITY,Read2,ReadPos 1 10% Quantile QV,37
POSITIONAL QUALITY,Read2,ReadPos 1 25% Quantile QV,37
POSITIONAL QUALITY,Read2,ReadPos 1 50% Quantile QV,37
POSITIONAL QUALITY,Read2,ReadPos 1 75% Quantile QV,37
POSITIONAL QUALITY,Read2,ReadPos 1 90% Quantile QV,37
POSITIONAL QUALITY,Read2,ReadPos 1 95% Quantile QV,37
POSITIONAL QUALITY,Read2,ReadPos 1 98% Quantile QV,37
POSITIONAL QUALITY,Read2,ReadPos 1 99% Quantile QV,37
POSITIONAL QUALITY,Read2,ReadPos 2 1% Quantile QV,11
POSITIONAL QUALITY,Read2,ReadPos 2 2% Quantile QV,11
POSITIONAL QUALITY,Read2,ReadPos 2 5% Quantile QV,25
POSITIONAL QUALITY,Read2,ReadPos 2 10% Quantile QV,37
POSITIONAL QUALITY,Read2,ReadPos 2 25% Quantile QV,37
POSITIONAL QUALITY,Read2,ReadPos 2 50% Quantile QV,37
POSITIONAL QUALITY,Read2,ReadPos 2 75% Quantile QV,37
POSITIONAL QUALITY,Read2,ReadPos 2 90% Quantile QV,37
POSITIONAL QUALITY,Read2,ReadPos 2 95% Quantile QV,37
POSITIONAL QUALITY,Read2,ReadPos 2 98% Quantile QV,37
POSITIONAL QUALITY,Read2,ReadPos 2 99% Quantile QV,37
POSITIONAL QUALITY,Read2,ReadPos 3 1% Quantile QV,11
POSITIONAL QUALITY,Read2,ReadPos 3 2% Quantile QV,11
POSITIONAL QUALITY,Read2,ReadPos 3 5% Quantile QV,25
POSITIONAL QUALITY,Read2,ReadPos 3 10% Quantile QV,37
POSITIONAL QUALITY,Read2,ReadPos 3 25% Quantile QV,37
POSITIONAL QUALITY,Read2,ReadPos 3 50% Quantile QV,37
POSITIONAL QUALITY,Read2,ReadPos 3 75% Quantile QV,37
POSITIONAL QUALITY,Read2,ReadPos 3 90% Quantile QV,37
POSITIONAL QUALITY,Read2,ReadPos 3 95% Quantile QV,37
POSITIONAL QUALITY,Read2,ReadPos 3 98% Quantile QV,37
POSITIONAL QUALITY,Read2,ReadPos 3 99% Quantile QV,37
POSITIONAL QUALITY,Read2,ReadPos 4 1% Quantile QV,11
POSITIONAL QUALITY,Read2,ReadPos 4 2% Quantile QV,11
POSITIONAL QUALITY,Read2,ReadPos 4 5% Quantile QV,25
POSITIONAL QUALITY,Read2,ReadPos 4 10% Quantile QV,37
POSITIONAL QUALITY,Read2,ReadPos 4 25% Quantile QV,37
POSITIONAL QUALITY,Read2,ReadPos 4 50% Quantile QV,37
POSITIONAL QUALITY,Read2,ReadPos 4 75% Quantile QV,37
POSITIONAL QUALITY,Read2,ReadPos 4 90% Quantile QV,37
POSITIONAL QUALITY,Read2,ReadPos 4 95% Quantile QV,37
POSITIONAL QUALITY,Read2,ReadPos 4 98% Quantile QV,37
POSITIONAL QUALITY,Read2,ReadPos 4 99% Quantile QV,37
POSITIONAL QUALITY,Read2,ReadPos 5 1% Quantile QV,11
POSITIONAL QUALITY,Read2,ReadPos 5 2% Quantile QV,11
POSITIONAL QUALITY,Read2,ReadPos 5 5% Quantile QV,25
POSITIONAL QUALITY,Read2,ReadPos 5 10% Quantile QV,37
POSITIONAL QUALITY,Read2,ReadPos 5 25% Quantile QV,37
POSITIONAL QUALITY,Read2,ReadPos 5 50% Quantile QV,37
POSITIONAL QUALITY,Read2,ReadPos 5 75% Quantile QV,37
POSITIONAL QUALITY,Read2,ReadPos 5 90% Quantile QV,37
POSITIONAL QUALITY,Read2,ReadPos 5 95% Quantile QV,37
POSITIONAL QUALITY,Read2,ReadPos 5 98% Quantile QV,37
POSITIONAL QUALITY,Read2,ReadPos 5 99% Quantile QV,37
POSITIONAL QUALITY,Read2,ReadPos 6 1% Quantile QV,11
POSITIONAL QUALITY,Read2,ReadPos 6 2% Quantile QV,11
POSITIONAL QUALITY,Read2,ReadPos 6 5% Quantile QV,25
POSITIONAL QUALITY,Read2,ReadPos 6 10% Quantile QV,37
POSITIONAL QUALITY,Read2,ReadPos 6 25% Quantile QV,37
POSITIONAL QUALITY,Read2,ReadPos 6 50% Quantile QV,37
POSITIONAL QUALITY,Read2,ReadPos 6 75% Quantile QV,37
POSITIONAL QUALITY,Read2,ReadPos 6 90% Quantile QV,37
POSITIONAL QUALITY,Read2,ReadPos 6 95% Quantile QV,37
POSITIONAL QUALITY,Read2,ReadPos 6 98% Quantile QV,37
POSITIONAL QUALITY,Read2,ReadPos 6 99% Quantile QV,37
POSITIONAL QUALITY,Read2,ReadPos 7 1% Quantile QV,11
POSITIONAL QUALITY,Read2,ReadPos 7 2% Quantile QV,11
POSITIONAL QUALITY,Read2,ReadPos 7 5% Quantile QV,25
POSITIONAL QUALITY,Read2,ReadPos 7 10% Quantile QV,37
POSITIONAL QUALITY,Read2,ReadPos 7 25% Quantile QV,37
POSITIONAL QUALITY,Read2,ReadPos 7 50% Quantile QV,37
POSITIONAL QUALITY,Read2,ReadPos 7 75% Quantile QV,37
POSITIONAL QUALITY,Read2,ReadPos 7 90% Quantile QV,37
POSITIONAL QUALITY,Read2,ReadPos 7 95% Quantile QV,37
POSITIONAL QUALITY,Read2,ReadPos 7 98% Quantile QV,37
POSITIONAL QUALITY,Read2,ReadPos 7 99% Quantile QV,37
POSITIONAL QUALITY,Read2,ReadPos 8 1% Quantile QV,11
POSITIONAL QUALITY,Read2,ReadPos 8 2% Quantile QV,11
POSITIONAL QUALITY,Read2,ReadPos 8 5% Quantile QV,25
POSITIONAL QUALITY,Read2,ReadPos 8 10% Quantile QV,37
POSITIONAL QUALITY,Read2,ReadPos 8 25% Quantile QV,37
POSITIONAL QUALITY,Read2,ReadPos 8 50% Quantile QV,37
POSITIONAL QUALITY,Read2,ReadPos 8 75% Quantile QV,37
POSITIONAL QUALITY,Read2,ReadPos 8 90% Quantile QV,37
POSITIONAL QUALITY,Read2,ReadPos 8 95% Quantile QV,37
POSITIONAL QUALITY,Read2,ReadPos 8 98% Quantile QV,37
POSITIONAL QUALITY,Read2,ReadPos 8 99% Quantile QV,37
POSITIONAL QUALITY,Read2,ReadPos 9 1% Quantile QV,11
POSITIONAL QUALITY,Read2,ReadPos 9 2% Quantile QV,11
POSITIONAL QUALITY,Read2,ReadPos 9 5% Quantile QV,25
POSITIONAL QUALITY,Read2,ReadPos 9 10% Quantile QV,37
POSITIONAL QUALITY,Read2,ReadPos 9 25% Quantile QV,37
POSITIONAL QUALITY,Read2,ReadPos 9 50% Quantile QV,37
POSITIONAL QUALITY,Read2,ReadPos 9 75% Quantile QV,37
POSITIONAL QUALITY,Read2,ReadPos 9 90% Quantile QV,37
POSITIONAL QUALITY,Read2,ReadPos 9 95% Quantile QV,37
POSITIONAL QUALITY,Read2,ReadPos 9 98% Quantile QV,37
POSITIONAL QUALITY,Read2,ReadPos 9 99% Quantile QV,37
POSITIONAL QUALITY,Read2,ReadPos 10 1% Quantile QV,11
POSITIONAL QUALITY,Read2,ReadPos 10 2% Quantile QV,11
POSITIONAL QUALITY,Read2,ReadPos 10 5% Quantile QV,25
POSITIONAL QUALITY,Read2,ReadPos 10 10% Quantile QV,37
POSITIONAL QUALITY,Read2,ReadPos 10 25% Quantile QV,37
POSITIONAL QUALITY,Read2,ReadPos 10 50% Quantile QV,37
POSITIONAL QUALITY,Read2,ReadPos 10 75% Quantile QV,37
POSITIONAL QUALITY,Read2,ReadPos 10 90% Quantile QV,37
POSITIONAL QUALITY,Read2,ReadPos 10 95% Quantile QV,37
POSITIONAL QUALITY,Read2,ReadPos 10 98% Quantile QV,37
POSITIONAL QUALITY,Read2,ReadPos 10 99% Quantile QV,37
POSITIONAL QUALITY,Read2,ReadPos 11 1% Quantile QV,11
POSITIONAL QUALITY,Read2,ReadPos 11 2% Quantile QV,11
POSITIONAL QUALITY,Read2,ReadPos 11 5% Quantile QV,25
POSITIONAL QUALITY,Read2,ReadPos 11 10% Quantile QV,37
POSITIONAL QUALITY,Read2,ReadPos 11 25% Quantile QV,37
POSITIONAL QUALITY,Read2,ReadPos 11 50% Quantile QV,37
POSITIONAL QUALITY,Read2,ReadPos 11 75% Quantile QV,37
POSITIONAL QUALITY,Read2,ReadPos 11 90% Quantile QV,37
POSITIONAL QUALITY,Read2,ReadPos 11 95% Quantile QV,37
POSITIONAL QUALITY,Read2,ReadPos 11 98% Quantile QV,37
POSITIONAL QUALITY,Read2,ReadPos 11 99% Quantile QV,37
POSITIONAL QUALITY,Read2,ReadPos 12 1% Quantile QV,11
POSITIONAL QUALITY,Read2,ReadPos 12 2% Quantile QV,11
POSITIONAL QUALITY,Read2,ReadPos 12 5% Quantile QV,25
POSITIONAL QUALITY,Read2,ReadPos 12 10% Quantile QV,37
POSITIONAL QUALITY,Read2,ReadPos 12 25% Quantile QV,37
POSITIONAL QUALITY,Read2,ReadPos 12 50% Quantile QV,37
POSITIONAL QUALITY,Read2,ReadPos 12 75% Quantile QV,37
POSITIONAL QUALITY,Read2,ReadPos 12 90% Quantile QV,37
POSITIONAL QUALITY,Read2,ReadPos 12 95% Quantile QV,37
POSITIONAL QUALITY,Read2,ReadPos 12 98% Quantile QV,37
POSITIONAL QUALITY,Read2,ReadPos 12 99% Quantile QV,37
POSITIONAL QUALITY,Read2,ReadPos 13 1% Quantile QV,11
POSITIONAL QUALITY,Read2,ReadPos 13 2% Quantile QV,11
POSITIONAL QUALITY,Read2,ReadPos 13 5% Quantile QV,25
POSITIONAL QUALITY,Read2,ReadPos 13 10% Quantile QV,37
POSITIONAL QUALITY,Read2,ReadPos 13 25% Quantile QV,37
POSITIONAL QUALITY,Read2,ReadPos 13 50% Quantile QV,37
POSITIONAL QUALITY,Read2,ReadPos 13 75% Quantile QV,37
POSITIONAL QUALITY,Read2,ReadPos 13 90% Quantile QV,37
POSITIONAL QUALITY,Read2,ReadPos 13 95% Quantile QV,37
POSITIONAL QUALITY,Read2,ReadPos 13 98% Quantile QV,37
POSITIONAL QUALITY,Read2,ReadPos 13 99% Quantile QV,37
POSITIONAL QUALITY,Read2,ReadPos 14 1% Quantile QV,11
POSITIONAL QUALITY,Read2,ReadPos 14 2% Quantile QV,11
POSITIONAL QUALITY,Read2,ReadPos 14 5% Quantile QV,25
POSITIONAL QUALITY,Read2,ReadPos 14 10% Quantile QV,37
POSITIONAL QUALITY,Read2,ReadPos 14 25% Quantile QV,37
POSITIONAL QUALITY,Read2,ReadPos 14 50% Quantile QV,37
POSITIONAL QUALITY,Read2,ReadPos 14 75% Quantile QV,37
POSITIONAL QUALITY,Read2,ReadPos 14 90% Quantile QV,37
POSITIONAL QUALITY,Read2,ReadPos 14 95% Quantile QV,37
POSITIONAL QUALITY,Read2,ReadPos 14 98% Quantile QV,37
POSITIONAL QUALITY,Read2,ReadPos 14 99% Quantile QV,37
POSITIONAL QUALITY,Read2,ReadPos 15 1% Quantile QV,11
POSITIONAL QUALITY,Read2,ReadPos 15 2% Quantile QV,11
POSITIONAL QUALITY,Read2,ReadPos 15 5% Quantile QV,25
POSITIONAL QUALITY,Read2,ReadPos 15 10% Quantile QV,37
POSITIONAL QUALITY,Read2,ReadPos 15 25% Quantile QV,37
POSITIONAL QUALITY,Read2,ReadPos 15 50% Quantile QV,37
POSITIONAL QUALITY,Read2,ReadPos 15 75% Quantile QV,37
POSITIONAL QUALITY,Read2,ReadPos 15 90% Quantile QV,37
POSITIONAL QUALITY,Read2,ReadPos 15 95% Quantile QV,37
POSITIONAL QUALITY,Read2,ReadPos 15 98% Quantile QV,37
POSITIONAL QUALITY,Read2,ReadPos 15 99% Quantile QV,37
POSITIONAL QUALITY,Read2,ReadPos 16 1% Quantile QV,11
POSITIONAL QUALITY,Read2,ReadPos 16 2% Quantile QV,11
POSITIONAL QUALITY,Read2,ReadPos 16 5% Quantile QV,25
POSITIONAL QUALITY,Read2,ReadPos 16 10% Quantile QV,37
POSITIONAL QUALITY,Read2,ReadPos 16 25% Quantile QV,37
POSITIONAL QUALITY,Read2,ReadPos 16 50% Quantile QV,37
POSITIONAL QUALITY,Read2,ReadPos 16 75% Quantile QV,37
POSITIONAL QUALITY,Read2,ReadPos 16 90% Quantile QV,37
POSITIONAL QUALITY,Read2,ReadPos 16 95% Quantile QV,37
POSITIONAL QUALITY,Read2,ReadPos 16 98% Quantile QV,37
POSITIONAL QUALITY,Read2,ReadPos 16 99% Quantile QV,37
POSITIONAL QUALITY,Read2,ReadPos 17 1% Quantile QV,11
POSITIONAL QUALITY,Read2,ReadPos 17 2% Quantile QV,11
POSITIONAL QUALITY,Read2,ReadPos 17 5% Quantile QV,25
POSITIONAL QUALITY,Read2,ReadPos 17 10% Quantile QV,37
POSITIONAL QUALITY,Read2,ReadPos 17 25% Quantile QV,37
POSITIONAL QUALITY,Read2,ReadPos 17 50% Quantile QV,37
POSITIONAL QUALITY,Read2,ReadPos 17 75% Quantile QV,37
POSITIONAL QUALITY,Read2,ReadPos 17 90% Quantile QV,37
POSITIONAL QUALITY,Read2,ReadPos 17 95% Quantile QV,37
POSITIONAL QUALITY,Read2,ReadPos 17 98% Quantile QV,37
POSITIONAL QUALITY,Read2,ReadPos 17 99% Quantile QV,37
POSITIONAL QUALITY,Read2,ReadPos 18 1% Quantile QV,11
POSITIONAL QUALITY,Read2,ReadPos 18 2% Quantile QV,11
POSITIONAL QUALITY,Read2,ReadPos 18 5% Quantile QV,25
POSITIONAL QUALITY,Read2,ReadPos 18 10% Quantile QV,37
POSITIONAL QUALITY,Read2,ReadPos 18 25% Quantile QV,37
POSITIONAL QUALITY,Read2,ReadPos 18 50% Quantile QV,37
POSITIONAL QUALITY,Read2,ReadPos 18 75% Quantile QV,37
POSITIONAL QUALITY,Read2,ReadPos 18 90% Quantile QV,37
POSITIONAL QUALITY,Read2,ReadPos 18 95% Quantile QV,37
POSITIONAL QUALITY,Read2,ReadPos 18 98% Quantile QV,37
POSITIONAL QUALITY,Read2,ReadPos 18 99% Quantile QV,37
POSITIONAL QUALITY,Read2,ReadPos 19 1% Quantile QV,11
POSITIONAL QUALITY,Read2,ReadPos 19 2% Quantile QV,11
POSITIONAL QUALITY,Read2,ReadPos 19 5% Quantile QV,25
POSITIONAL QUALITY,Read2,ReadPos 19 10% Quantile QV,37
POSITIONAL QUALITY,Read2,ReadPos 19 25% Quantile QV,37
POSITIONAL QUALITY,Read2,ReadPos 19 50% Quantile QV,37
POSITIONAL QUALITY,Read2,ReadPos 19 75% Quantile QV,37
POSITIONAL QUALITY,Read2,ReadPos 19 90% Quantile QV,37
POSITIONAL QUALITY,Read2,ReadPos 19 95% Quantile QV,37
POSITIONAL QUALITY,Read2,ReadPos 19 98% Quantile QV,37
POSITIONAL QUALITY,Read2,ReadPos 19 99% Quantile QV,37
POSITIONAL QUALITY,Read2,ReadPos 20 1% Quantile QV,11
POSITIONAL QUALITY,Read2,ReadPos 20 2% Quantile QV,11
POSITIONAL QUALITY,Read2,ReadPos 20 5% Quantile QV,25
POSITIONAL QUALITY,Read2,ReadPos 20 10% Quantile QV,37
POSITIONAL QUALITY,Read2,ReadPos 20 25% Quantile QV,37
POSITIONAL QUALITY,Read2,ReadPos 20 50% Quantile QV,37
POSITIONAL QUALITY,Read2,ReadPos 20 75% Quantile QV,37
POSITIONAL QUALITY,Read2,ReadPos 20 90% Quantile QV,37
POSITIONAL QUALITY,Read2,ReadPos 20 95% Quantile QV,37
POSITIONAL QUALITY,Read2,ReadPos 20 98% Quantile QV,37
POSITIONAL QUALITY,Read2,ReadPos 20 99% Quantile QV,37
POSITIONAL QUALITY,Read2,ReadPos 21 1% Quantile QV,11
POSITIONAL QUALITY,Read2,ReadPos 21 2% Quantile QV,11
POSITIONAL QUALITY,Read2,ReadPos 21 5% Quantile QV,25
POSITIONAL QUALITY,Read2,ReadPos 21 10% Quantile QV,37
POSITIONAL QUALITY,Read2,ReadPos 21 25% Quantile QV,37
POSITIONAL QUALITY,Read2,ReadPos 21 50% Quantile QV,37
POSITIONAL QUALITY,Read2,ReadPos 21 75% Quantile QV,37
POSITIONAL QUALITY,Read2,ReadPos 21 90% Quantile QV,37
POSITIONAL QUALITY,Read2,ReadPos 21 95% Quantile QV,37
POSITIONAL QUALITY,Read2,ReadPos 21 98% Quantile QV,37
POSITIONAL QUALITY,Read2,ReadPos 21 99% Quantile QV,37
POSITIONAL QUALITY,Read2,ReadPos 22 1% Quantile QV,11
POSITIONAL QUALITY,Read2,ReadPos 22 2% Quantile QV,11
POSITIONAL QUALITY,Read2,ReadPos 22 5% Quantile QV,25
POSITIONAL QUALITY,Read2,ReadPos 22 10% Quantile QV,37
POSITIONAL QUALITY,Read2,ReadPos 22 25% Quantile QV,37
POSITIONAL QUALITY,Read2,ReadPos 22 50% Quantile QV,37
POSITIONAL QUALITY,Read2,ReadPos 22 75% Quantile QV,37
POSITIONAL QUALITY,Read2,ReadPos 22 90% Quantile QV,37
POSITIONAL QUALITY,Read2,ReadPos 22 95% Quantile QV,37
POSITIONAL QUALITY,Read2,ReadPos 22 98% Quantile QV,37
POSITIONAL QUALITY,Read2,ReadPos 22 99% Quantile QV,37
POSITIONAL QUALITY,Read2,ReadPos 23 1% Quantile QV,11
POSITIONAL QUALITY,Read2,ReadPos 23 2% Quantile QV,11
POSITIONAL QUALITY,Read2,ReadPos 23 5% Quantile QV,25
POSITIONAL QUALITY,Read2,ReadPos 23 10% Quantile QV,37
POSITIONAL QUALITY,Read2,ReadPos 23 25% Quantile QV,37
POSITIONAL QUALITY,Read2,ReadPos 23 50% Quantile QV,37
POSITIONAL QUALITY,Read2,ReadPos 23 75% Quantile QV,37
POSITIONAL QUALITY,Read2,ReadPos 23 90% Quantile QV,37
POSITIONAL QUALITY,Read2,ReadPos 23 95% Quantile QV,37
POSITIONAL QUALITY,Read2,ReadPos 23 98% Quantile QV,37
POSITIONAL QUALITY,Read2,ReadPos 23 99% Quantile QV,37
POSITIONAL QUALITY,Read2,ReadPos 24 1% Quantile QV,11
POSITIONAL QUALITY,Read2,ReadPos 24 2% Quantile QV,11
POSITIONAL QUALITY,Read2,ReadPos 24 5% Quantile QV,25
POSITIONAL QUALITY,Read2,ReadPos 24 10% Quantile QV,37
POSITIONAL QUALITY,Read2,ReadPos 24 25% Quantile QV,37
POSITIONAL QUALITY,Read2,ReadPos 24 50% Quantile QV,37
POSITIONAL QUALITY,Read2,ReadPos 24 75% Quantile QV,37
POSITIONAL QUALITY,Read2,ReadPos 24 90% Quantile QV,37
POSITIONAL QUALITY,Read2,ReadPos 24 95% Quantile QV,37
POSITIONAL QUALITY,Read2,ReadPos 24 98% Quantile QV,37
POSITIONAL QUALITY,Read2,ReadPos 24 99% Quantile QV,37
POSITIONAL QUALITY,Read2,ReadPos 25 1% Quantile QV,11
POSITIONAL QUALITY,Read2,ReadPos 25 2% Quantile QV,11
POSITIONAL QUALITY,Read2,ReadPos 25 5% Quantile QV,25
POSITIONAL QUALITY,Read2,ReadPos 25 10% Quantile QV,37
POSITIONAL QUALITY,Read2,ReadPos 25 25% Quantile QV,37
POSITIONAL QUALITY,Read2,ReadPos 25 50% Quantile QV,37
POSITIONAL QUALITY,Read2,ReadPos 25 75% Quantile QV,37
POSITIONAL QUALITY,Read2,ReadPos 25 90% Quantile QV,37
POSITIONAL QUALITY,Read2,ReadPos 25 95% Quantile QV,37
POSITIONAL QUALITY,Read2,ReadPos 25 98% Quantile QV,37
POSITIONAL QUALITY,Read2,ReadPos 25 99% Quantile QV,37
POSITIONAL QUALITY,Read2,ReadPos 26 1% Quantile QV,11
POSITIONAL QUALITY,Read2,ReadPos 26 2% Quantile QV,11
POSITIONAL QUALITY,Read2,ReadPos 26 5% Quantile QV,25
POSITIONAL QUALITY,Read2,ReadPos 26 10% Quantile QV,37
POSITIONAL QUALITY,Read2,ReadPos 26 25% Quantile QV,37
POSITIONAL QUALITY,Read2,ReadPos 26 50% Quantile QV,37
POSITIONAL QUALITY,Read2,ReadPos 26 75% Quantile QV,37
POSITIONAL QUALITY,Read2,ReadPos 26 90% Quantile QV,37
POSITIONAL QUALITY,Read2,ReadPos 26 95% Quantile QV,37
POSITIONAL QUALITY,Read2,ReadPos 26 98% Quantile QV,37
POSITIONAL QUALITY,Read2,ReadPos 26 99% Quantile QV,37
