READ MEAN QUALITY,Read1,Q17 Reads,1
READ MEAN QUALITY,Read1,Q18 Reads,4
READ MEAN QUALITY,Read1,Q19 Reads,13
READ MEAN QUALITY,Read1,Q20 Reads,49
READ MEAN QUALITY,Read1,Q21 Reads,134
READ MEAN QUALITY,Read1,Q22 Reads,326
READ MEAN QUALITY,Read1,Q23 Reads,705
READ MEAN QUALITY,Read1,Q24 Reads,1373
READ MEAN QUALITY,Read1,Q25 Reads,2622
READ MEAN QUALITY,Read1,Q26 Reads,4480
READ MEAN QUALITY,Read1,Q27 Reads,7728
READ MEAN QUALITY,Read1,Q28 Reads,12671
READ MEAN QUALITY,Read1,Q29 Reads,21191
READ MEAN QUALITY,Read1,Q30 Reads,33041
READ MEAN QUALITY,Read1,Q31 Reads,50624
READ MEAN QUALITY,Read1,Q32 Reads,73196
READ MEAN QUALITY,Read1,Q33 Reads,105712
READ MEAN QUALITY,Read1,Q34 Reads,148972
READ MEAN QUALITY,Read1,Q35 Reads,248422
READ MEAN QUALITY,Read1,Q36 Reads,535299
READ MEAN QUALITY,Read1,Q37 Reads,1951410
POSITIONAL BASE MEAN QUALITY,Read1,ReadPos 1 A Average Quality,36.10
POSITIONAL BASE MEAN QUALITY,Read1,ReadPos 2 A Average Quality,35.91
POSITIONAL BASE MEAN QUALITY,Read1,ReadPos 3 A Average Quality,36.06
POSITIONAL BASE MEAN QUALITY,Read1,ReadPos 4 A Average Quality,36.00
POSITIONAL BASE MEAN QUALITY,Read1,ReadPos 5 A Average Quality,35.94
POSITIONAL BASE MEAN QUALITY,Read1,ReadPos 6 A Average Quality,35.94
POSITIONAL BASE MEAN QUALITY,Read1,ReadPos 7 A Average Quality,35.95
POSITIONAL BASE MEAN QUALITY,Read1,ReadPos 8 A Average Quality,35.98
POSITIONAL BASE MEAN QUALITY,Read1,ReadPos 9 A Average Quality,35.92
POSITIONAL BASE MEAN QUALITY,Read1,ReadPos 10 A Average Quality,35.92
POSITIONAL BASE MEAN QUALITY,Read1,ReadPos 11 A Average Quality,35.89
POSITIONAL BASE MEAN QUALITY,Read1,ReadPos 12 A Average Quality,35.96
POSITIONAL BASE MEAN QUALITY,Read1,ReadPos 13 A Average Quality,35.95
POSITIONAL BASE MEAN QUALITY,Read1,ReadPos 14 A Average Quality,35.97
POSITIONAL BASE MEAN QUALITY,Read1,ReadPos 15 A Average Quality,35.96
POSITIONAL BASE MEAN QUALITY,Read1,ReadPos 16 A Average Quality,35.99
POSITIONAL BASE MEAN QUALITY,Read1,ReadPos 17 A Average Quality,36.03
POSITIONAL BASE MEAN QUALITY,Read1,ReadPos 18 A Average Quality,36.01
POSITIONAL BASE MEAN QUALITY,Read1,ReadPos 19 A Average Quality,36.08
POSITIONAL BASE MEAN QUALITY,Read1,ReadPos 20 A Average Quality,35.97
POSITIONAL BASE MEAN QUALITY,Read1,ReadPos 21 A Average Quality,36.04
POSITIONAL BASE MEAN QUALITY,Read1,ReadPos 22 A Average Quality,36.02
POSITIONAL BASE MEAN QUALITY,Read1,ReadPos 23 A Average Quality,35.98
POSITIONAL BASE MEAN QUALITY,Read1,ReadPos 24 A Average Quality,35.97
POSITIONAL BASE MEAN QUALITY,Read1,ReadPos 25 A Average Quality,36.00
POSITIONAL BASE MEAN QUALITY,Read1,ReadPos 26 A Average Quality,35.91
POSITIONAL BASE MEAN QUALITY,Read1,ReadPos 1 C Average Quality,35.97
POSITIONAL BASE MEAN QUALITY,Read1,ReadPos 2 C Average Quality,36.01
POSITIONAL BASE MEAN QUALITY,Read1,ReadPos 3 C Average Quality,36.16
POSITIONAL BASE MEAN QUALITY,Read1,ReadPos 4 C Average Quality,36.18
POSITIONAL BASE MEAN QUALITY,Read1,ReadPos 5 C Average Quality,36.17
POSITIONAL BASE MEAN QUALITY,Read1,ReadPos 6 C Average Quality,36.17
POSITIONAL BASE MEAN QUALITY,Read1,ReadPos 7 C Average Quality,36.17
POSITIONAL BASE MEAN QUALITY,Read1,ReadPos 8 C Average Quality,36.20
POSITIONAL BASE MEAN QUALITY,Read1,ReadPos 9 C Average Quality,36.18
POSITIONAL BASE MEAN QUALITY,Read1,ReadPos 10 C Average Quality,36.16
POSITIONAL BASE MEAN QUALITY,Read1,ReadPos 11 C Average Quality,36.16
POSITIONAL BASE MEAN QUALITY,Read1,ReadPos 12 C Average Quality,36.21
POSITIONAL BASE MEAN QUALITY,Read1,ReadPos 13 C Average Quality,36.17
POSITIONAL BASE MEAN QUALITY,Read1,ReadPos 14 C Average Quality,36.20
POSITIONAL BASE MEAN QUALITY,Read1,ReadPos 15 C Average Quality,36.16
POSITIONAL BASE MEAN QUALITY,Read1,ReadPos 16 C Average Quality,36.18
POSITIONAL BASE MEAN QUALITY,Read1,ReadPos 17 C Average Quality,36.15
POSITIONAL BASE MEAN QUALITY,Read1,ReadPos 18 C Average Quality,36.12
POSITIONAL BASE MEAN QUALITY,Read1,ReadPos 19 C Average Quality,36.13
POSITIONAL BASE MEAN QUALITY,Read1,ReadPos 20 C Average Quality,36.06
POSITIONAL BASE MEAN QUALITY,Read1,ReadPos 21 C Average Quality,36.10
POSITIONAL BASE MEAN QUALITY,Read1,ReadPos 22 C Average Quality,36.08
POSITIONAL BASE MEAN QUALITY,Read1,ReadPos 23 C Average Quality,36.06
POSITIONAL BASE MEAN QUALITY,Read1,ReadPos 24 C Average Quality,36.06
POSITIONAL BASE MEAN QUALITY,Read1,ReadPos 25 C Average Quality,36.03
POSITIONAL BASE MEAN QUALITY,Read1,ReadPos 26 C Average Quality,36.06
POSITIONAL BASE MEAN QUALITY,Read1,ReadPos 1 G Average Quality,35.53
POSITIONAL BASE MEAN QUALITY,Read1,ReadPos 2 G Average Quality,35.40
POSITIONAL BASE MEAN QUALITY,Read1,ReadPos 3 G Average Quality,35.50
POSITIONAL BASE MEAN QUALITY,Read1,ReadPos 4 G Average Quality,35.69
POSITIONAL BASE MEAN QUALITY,Read1,ReadPos 5 G Average Quality,35.63
POSITIONAL BASE MEAN QUALITY,Read1,ReadPos 6 G Average Quality,35.67
POSITIONAL BASE MEAN QUALITY,Read1,ReadPos 7 G Average Quality,35.67
POSITIONAL BASE MEAN QUALITY,Read1,ReadPos 8 G Average Quality,35.75
POSITIONAL BASE MEAN QUALITY,Read1,ReadPos 9 G Average Quality,35.70
POSITIONAL BASE MEAN QUALITY,Read1,ReadPos 10 G Average Quality,35.72
POSITIONAL BASE MEAN QUALITY,Read1,ReadPos 11 G Average Quality,35.75
POSITIONAL BASE MEAN QUALITY,Read1,ReadPos 12 G Average Quality,35.81
POSITIONAL BASE MEAN QUALITY,Read1,ReadPos 13 G Average Quality,35.78
POSITIONAL BASE MEAN QUALITY,Read1,ReadPos 14 G Average Quality,35.77
POSITIONAL BASE MEAN QUALITY,Read1,ReadPos 15 G Average Quality,35.72
POSITIONAL BASE MEAN QUALITY,Read1,ReadPos 16 G Average Quality,35.74
POSITIONAL BASE MEAN QUALITY,Read1,ReadPos 17 G Average Quality,35.67
POSITIONAL BASE MEAN QUALITY,Read1,ReadPos 18 G Average Quality,35.66
POSITIONAL BASE MEAN QUALITY,Read1,ReadPos 19 G Average Quality,35.60
POSITIONAL BASE MEAN QUALITY,Read1,ReadPos 20 G Average Quality,35.59
POSITIONAL BASE MEAN QUALITY,Read1,ReadPos 21 G Average Quality,35.53
POSITIONAL BASE MEAN QUALITY,Read1,ReadPos 22 G Average Quality,35.65
POSITIONAL BASE MEAN QUALITY,Read1,ReadPos 23 G Average Quality,35.60
POSITIONAL BASE MEAN QUALITY,Read1,ReadPos 24 G Average Quality,35.65
POSITIONAL BASE MEAN QUALITY,Read1,ReadPos 25 G Average Quality,35.51
POSITIONAL BASE MEAN QUALITY,Read1,ReadPos 26 G Average Quality,35.69
POSITIONAL BASE MEAN QUALITY,Read1,ReadPos 1 T Average Quality,35.84
POSITIONAL BASE MEAN QUALITY,Read1,ReadPos 2 T Average Quality,35.77
POSITIONAL BASE MEAN QUALITY,Read1,ReadPos 3 T Average Quality,35.72
POSITIONAL BASE MEAN QUALITY,Read1,ReadPos 4 T Average Quality,35.76
POSITIONAL BASE MEAN QUALITY,Read1,ReadPos 5 T Average Quality,35.76
POSITIONAL BASE MEAN QUALITY,Read1,ReadPos 6 T Average Quality,35.72
POSITIONAL BASE MEAN QUALITY,Read1,ReadPos 7 T Average Quality,35.71
POSITIONAL BASE MEAN QUALITY,Read1,ReadPos 8 T Average Quality,35.74
POSITIONAL BASE MEAN QUALITY,Read1,ReadPos 9 T Average Quality,35.68
POSITIONAL BASE MEAN QUALITY,Read1,ReadPos 10 T Average Quality,35.67
POSITIONAL BASE MEAN QUALITY,Read1,ReadPos 11 T Average Quality,35.66
POSITIONAL BASE MEAN QUALITY,Read1,ReadPos 12 T Average Quality,35.73
POSITIONAL BASE MEAN QUALITY,Read1,ReadPos 13 T Average Quality,35.72
POSITIONAL BASE MEAN QUALITY,Read1,ReadPos 14 T Average Quality,35.72
POSITIONAL BASE MEAN QUALITY,Read1,ReadPos 15 T Average Quality,35.65
POSITIONAL BASE MEAN QUALITY,Read1,ReadPos 16 T Average Quality,35.70
POSITIONAL BASE MEAN QUALITY,Read1,ReadPos 17 T Average Quality,35.69
POSITIONAL BASE MEAN QUALITY,Read1,ReadPos 18 T Average Quality,35.65
POSITIONAL BASE MEAN QUALITY,Read1,ReadPos 19 T Average Quality,35.64
POSITIONAL BASE MEAN QUALITY,Read1,ReadPos 20 T Average Quality,35.69
POSITIONAL BASE MEAN QUALITY,Read1,ReadPos 21 T Average Quality,35.60
POSITIONAL BASE MEAN QUALITY,Read1,ReadPos 22 T Average Quality,35.66
POSITIONAL BASE MEAN QUALITY,Read1,ReadPos 23 T Average Quality,35.70
POSITIONAL BASE MEAN QUALITY,Read1,ReadPos 24 T Average Quality,35.64
POSITIONAL BASE MEAN QUALITY,Read1,ReadPos 25 T Average Quality,35.51
POSITIONAL BASE MEAN QUALITY,Read1,ReadPos 26 T Average Quality,35.88
POSITIONAL BASE CONTENT,Read1,ReadPos 1 A Bases,656513
POSITIONAL BASE CONTENT,Read1,ReadPos 2 A Bases,667806
POSITIONAL BASE CONTENT,Read1,ReadPos 3 A Bases,662800
POSITIONAL BASE CONTENT,Read1,ReadPos 4 A Bases,670195
POSITIONAL BASE CONTENT,Read1,ReadPos 5 A Bases,671222
POSITIONAL BASE CONTENT,Read1,ReadPos 6 A Bases,675884
POSITIONAL BASE CONTENT,Read1,ReadPos 7 A Bases,677715
POSITIONAL BASE CONTENT,Read1,ReadPos 8 A Bases,675800
POSITIONAL BASE CONTENT,Read1,ReadPos 9 A Bases,673498
POSITIONAL BASE CONTENT,Read1,ReadPos 10 A Bases,675685
POSITIONAL BASE CONTENT,Read1,ReadPos 11 A Bases,677752
POSITIONAL BASE CONTENT,Read1,ReadPos 12 A Bases,680453
POSITIONAL BASE CONTENT,Read1,ReadPos 13 A Bases,680252
POSITIONAL BASE CONTENT,Read1,ReadPos 14 A Bases,698391
POSITIONAL BASE CONTENT,Read1,ReadPos 15 A Bases,785277
POSITIONAL BASE CONTENT,Read1,ReadPos 16 A Bases,806082
POSITIONAL BASE CONTENT,Read1,ReadPos 17 A Bases,841460
POSITIONAL BASE CONTENT,Read1,ReadPos 18 A Bases,781902
POSITIONAL BASE CONTENT,Read1,ReadPos 19 A Bases,774517
POSITIONAL BASE CONTENT,Read1,ReadPos 20 A Bases,815937
POSITIONAL BASE CONTENT,Read1,ReadPos 21 A Bases,838634
POSITIONAL BASE CONTENT,Read1,ReadPos 22 A Bases,795900
POSITIONAL BASE CONTENT,Read1,ReadPos 23 A Bases,794633
POSITIONAL BASE CONTENT,Read1,ReadPos 24 A Bases,798791
POSITIONAL BASE CONTENT,Read1,ReadPos 25 A Bases,809885
POSITIONAL BASE CONTENT,Read1,ReadPos 26 A Bases,807477
POSITIONAL BASE CONTENT,Read1,ReadPos 1 C Bases,766347
POSITIONAL BASE CONTENT,Read1,ReadPos 2 C Bases,756277
POSITIONAL BASE CONTENT,Read1,ReadPos 3 C Bases,749403
POSITIONAL BASE CONTENT,Read1,ReadPos 4 C Bases,750658
POSITIONAL BASE CONTENT,Read1,ReadPos 5 C Bases,744461
POSITIONAL BASE CONTENT,Read1,ReadPos 6 C Bases,735048
POSITIONAL BASE CONTENT,Read1,ReadPos 7 C Bases,742275
POSITIONAL BASE CONTENT,Read1,ReadPos 8 C Bases,737520
POSITIONAL BASE CONTENT,Read1,ReadPos 9 C Bases,738721
POSITIONAL BASE CONTENT,Read1,ReadPos 10 C Bases,733970
POSITIONAL BASE CONTENT,Read1,ReadPos 11 C Bases,731087
POSITIONAL BASE CONTENT,Read1,ReadPos 12 C Bases,721584
POSITIONAL BASE CONTENT,Read1,ReadPos 13 C Bases,713094
POSITIONAL BASE CONTENT,Read1,ReadPos 14 C Bases,708048
POSITIONAL BASE CONTENT,Read1,ReadPos 15 C Bases,816583
POSITIONAL BASE CONTENT,Read1,ReadPos 16 C Bases,819105
POSITIONAL BASE CONTENT,Read1,ReadPos 17 C Bases,780451
POSITIONAL BASE CONTENT,Read1,ReadPos 18 C Bases,799622
POSITIONAL BASE CONTENT,Read1,ReadPos 19 C Bases,813572
POSITIONAL BASE CONTENT,Read1,ReadPos 20 C Bases,815055
POSITIONAL BASE CONTENT,Read1,ReadPos 21 C Bases,785938
POSITIONAL BASE CONTENT,Read1,ReadPos 22 C Bases,781924
POSITIONAL BASE CONTENT,Read1,ReadPos 23 C Bases,797646
POSITIONAL BASE CONTENT,Read1,ReadPos 24 C Bases,795631
POSITIONAL BASE CONTENT,Read1,ReadPos 25 C Bases,775559
POSITIONAL BASE CONTENT,Read1,ReadPos 26 C Bases,719509
POSITIONAL BASE CONTENT,Read1,ReadPos 1 G Bases,907519
POSITIONAL BASE CONTENT,Read1,ReadPos 2 G Bases,902943
POSITIONAL BASE CONTENT,Read1,ReadPos 3 G Bases,906596
POSITIONAL BASE CONTENT,Read1,ReadPos 4 G Bases,900675
POSITIONAL BASE CONTENT,Read1,ReadPos 5 G Bases,903960
POSITIONAL BASE CONTENT,Read1,ReadPos 6 G Bases,903174
POSITIONAL BASE CONTENT,Read1,ReadPos 7 G Bases,900918
POSITIONAL BASE CONTENT,Read1,ReadPos 8 G Bases,905478
POSITIONAL BASE CONTENT,Read1,ReadPos 9 G Bases,907971
POSITIONAL BASE CONTENT,Read1,ReadPos 10 G Bases,910559
POSITIONAL BASE CONTENT,Read1,ReadPos 11 G Bases,909939
POSITIONAL BASE CONTENT,Read1,ReadPos 12 G Bases,914096
POSITIONAL BASE CONTENT,Read1,ReadPos 13 G Bases,924775
POSITIONAL BASE CONTENT,Read1,ReadPos 14 G Bases,920753
POSITIONAL BASE CONTENT,Read1,ReadPos 15 G Bases,763269
POSITIONAL BASE CONTENT,Read1,ReadPos 16 G Bases,768203
POSITIONAL BASE CONTENT,Read1,ReadPos 17 G Bases,774075
POSITIONAL BASE CONTENT,Read1,ReadPos 18 G Bases,792082
POSITIONAL BASE CONTENT,Read1,ReadPos 19 G Bases,807509
POSITIONAL BASE CONTENT,Read1,ReadPos 20 G Bases,767400
POSITIONAL BASE CONTENT,Read1,ReadPos 21 G Bases,764762
POSITIONAL BASE CONTENT,Read1,ReadPos 22 G Bases,773736
POSITIONAL BASE CONTENT,Read1,ReadPos 23 G Bases,809578
POSITIONAL BASE CONTENT,Read1,ReadPos 24 G Bases,781893
POSITIONAL BASE CONTENT,Read1,ReadPos 25 G Bases,726486
POSITIONAL BASE CONTENT,Read1,ReadPos 26 G Bases,684358
POSITIONAL BASE CONTENT,Read1,ReadPos 1 T Bases,867585
POSITIONAL BASE CONTENT,Read1,ReadPos 2 T Bases,870913
POSITIONAL BASE CONTENT,Read1,ReadPos 3 T Bases,878000
POSITIONAL BASE CONTENT,Read1,ReadPos 4 T Bases,876380
POSITIONAL BASE CONTENT,Read1,ReadPos 5 T Bases,878314
POSITIONAL BASE CONTENT,Read1,ReadPos 6 T Bases,883829
POSITIONAL BASE CONTENT,Read1,ReadPos 7 T Bases,877006
POSITIONAL BASE CONTENT,Read1,ReadPos 8 T Bases,879079
POSITIONAL BASE CONTENT,Read1,ReadPos 9 T Bases,877671
POSITIONAL BASE CONTENT,Read1,ReadPos 10 T Bases,877602
POSITIONAL BASE CONTENT,Read1,ReadPos 11 T Bases,879024
POSITIONAL BASE CONTENT,Read1,ReadPos 12 T Bases,881210
POSITIONAL BASE CONTENT,Read1,ReadPos 13 T Bases,879582
POSITIONAL BASE CONTENT,Read1,ReadPos 14 T Bases,870404
POSITIONAL BASE CONTENT,Read1,ReadPos 15 T Bases,832413
POSITIONAL BASE CONTENT,Read1,ReadPos 16 T Bases,804028
POSITIONAL BASE CONTENT,Read1,ReadPos 17 T Bases,801332
POSITIONAL BASE CONTENT,Read1,ReadPos 18 T Bases,823523
POSITIONAL BASE CONTENT,Read1,ReadPos 19 T Bases,801296
POSITIONAL BASE CONTENT,Read1,ReadPos 20 T Bases,798024
POSITIONAL BASE CONTENT,Read1,ReadPos 21 T Bases,806624
POSITIONAL BASE CONTENT,Read1,ReadPos 22 T Bases,843731
POSITIONAL BASE CONTENT,Read1,ReadPos 23 T Bases,791895
POSITIONAL BASE CONTENT,Read1,ReadPos 24 T Bases,812026
POSITIONAL BASE CONTENT,Read1,ReadPos 25 T Bases,846023
POSITIONAL BASE CONTENT,Read1,ReadPos 26 T Bases,725113
POSITIONAL BASE CONTENT,Read1,ReadPos 1 N Bases,9
POSITIONAL BASE CONTENT,Read1,ReadPos 2 N Bases,33
POSITIONAL BASE CONTENT,Read1,ReadPos 3 N Bases,1171
POSITIONAL BASE CONTENT,Read1,ReadPos 4 N Bases,54
POSITIONAL BASE CONTENT,Read1,ReadPos 5 N Bases,0
POSITIONAL BASE CONTENT,Read1,ReadPos 6 N Bases,0
POSITIONAL BASE CONTENT,Read1,ReadPos 7 N Bases,0
POSITIONAL BASE CONTENT,Read1,ReadPos 8 N Bases,0
POSITIONAL BASE CONTENT,Read1,ReadPos 9 N Bases,0
POSITIONAL BASE CONTENT,Read1,ReadPos 10 N Bases,24
POSITIONAL BASE CONTENT,Read1,ReadPos 11 N Bases,0
POSITIONAL BASE CONTENT,Read1,ReadPos 12 N Bases,402
POSITIONAL BASE CONTENT,Read1,ReadPos 13 N Bases,0
POSITIONAL BASE CONTENT,Read1,ReadPos 14 N Bases,26
POSITIONAL BASE CONTENT,Read1,ReadPos 15 N Bases,0
POSITIONAL BASE CONTENT,Read1,ReadPos 16 N Bases,0
POSITIONAL BASE CONTENT,Read1,ReadPos 17 N Bases,0
POSITIONAL BASE CONTENT,Read1,ReadPos 18 N Bases,0
POSITIONAL BASE CONTENT,Read1,ReadPos 19 N Bases,0
POSITIONAL BASE CONTENT,Read1,ReadPos 20 N Bases,0
POSITIONAL BASE CONTENT,Read1,ReadPos 21 N Bases,0
POSITIONAL BASE CONTENT,Read1,ReadPos 22 N Bases,0
POSITIONAL BASE CONTENT,Read1,ReadPos 23 N Bases,0
POSITIONAL BASE CONTENT,Read1,ReadPos 24 N Bases,0
POSITIONAL BASE CONTENT,Read1,ReadPos 25 N Bases,0
POSITIONAL BASE CONTENT,Read1,ReadPos 26 N Bases,0
READ LENGTHS,Read1,1bp Length Reads,1
READ LENGTHS,Read1,2bp Length Reads,2
READ LENGTHS,Read1,3bp Length Reads,8
READ LENGTHS,Read1,4bp Length Reads,5
READ LENGTHS,Read1,5bp Length Reads,22
READ LENGTHS,Read1,6bp Length Reads,21
READ LENGTHS,Read1,7bp Length Reads,37
READ LENGTHS,Read1,8bp Length Reads,16
READ LENGTHS,Read1,9bp Length Reads,21
READ LENGTHS,Read1,10bp Length Reads,38
READ LENGTHS,Read1,11bp Length Reads,57
READ LENGTHS,Read1,12bp Length Reads,42
READ LENGTHS,Read1,13bp Length Reads,81
READ LENGTHS,Read1,14bp Length Reads,80
READ LENGTHS,Read1,15bp Length Reads,124
READ LENGTHS,Read1,16bp Length Reads,100
READ LENGTHS,Read1,17bp Length Reads,189
READ LENGTHS,Read1,18bp Length Reads,235
READ LENGTHS,Read1,19bp Length Reads,478
READ LENGTHS,Read1,20bp Length Reads,458
READ LENGTHS,Read1,21bp Length Reads,667
READ LENGTHS,Read1,22bp Length Reads,1539
READ LENGTHS,Read1,23bp Length Reads,5411
READ LENGTHS,Read1,24bp Length Reads,30388
READ LENGTHS,Read1,25bp Length Reads,221496
READ LENGTHS,Read1,26bp Length Reads,2936466
READ GC CONTENT,Read1,0% GC Reads,32770
READ GC CONTENT,Read1,1% GC Reads,32770
READ GC CONTENT,Read1,2% GC Reads,63572
READ GC CONTENT,Read1,3% GC Reads,94374
READ GC CONTENT,Read1,4% GC Reads,94374
READ GC CONTENT,Read1,5% GC Reads,94374
READ GC CONTENT,Read1,6% GC Reads,324414
READ GC CONTENT,Read1,7% GC Reads,538398
READ GC CONTENT,Read1,8% GC Reads,522342
READ GC CONTENT,Read1,9% GC Reads,522342
READ GC CONTENT,Read1,10% GC Reads,1382524
READ GC CONTENT,Read1,11% GC Reads,2242706
READ GC CONTENT,Read1,12% GC Reads,2259746
READ GC CONTENT,Read1,13% GC Reads,5660860
READ GC CONTENT,Read1,14% GC Reads,9307078
READ GC CONTENT,Read1,15% GC Reads,9711106
READ GC CONTENT,Read1,16% GC Reads,9912631
READ GC CONTENT,Read1,17% GC Reads,24357633
READ GC CONTENT,Read1,18% GC Reads,40691714
READ GC CONTENT,Read1,19% GC Reads,43426498
READ GC CONTENT,Read1,20% GC Reads,44256480
READ GC CONTENT,Read1,21% GC Reads,95230003
READ GC CONTENT,Read1,22% GC Reads,151654154
READ GC CONTENT,Read1,23% GC Reads,158701507
READ GC CONTENT,Read1,24% GC Reads,160529909
READ GC CONTENT,Read1,25% GC Reads,301856710
READ GC CONTENT,Read1,26% GC Reads,459439048
READ GC CONTENT,Read1,27% GC Reads,478024976
READ GC CONTENT,Read1,28% GC Reads,480813162
READ GC CONTENT,Read1,29% GC Reads,790191404
READ GC CONTENT,Read1,30% GC Reads,1130163786
READ GC CONTENT,Read1,31% GC Reads,1166537367
READ GC CONTENT,Read1,32% GC Reads,1171737114
READ GC CONTENT,Read1,33% GC Reads,1713349607
READ GC CONTENT,Read1,34% GC Reads,2305384173
READ GC CONTENT,Read1,35% GC Reads,2364277452
READ GC CONTENT,Read1,36% GC Reads,2372834140
READ GC CONTENT,Read1,37% GC Reads,3171868885
READ GC CONTENT,Read1,38% GC Reads,4038703950
READ GC CONTENT,Read1,39% GC Reads,4106910238
READ GC CONTENT,Read1,40% GC Reads,5014755409
READ GC CONTENT,Read1,41% GC Reads,5923799952
READ GC CONTENT,Read1,42% GC Reads,5988474544
READ GC CONTENT,Read1,43% GC Reads,6052440294
READ GC CONTENT,Read1,44% GC Reads,6858493643
READ GC CONTENT,Read1,45% GC Reads,7663639987
READ GC CONTENT,Read1,46% GC Reads,7707821445
READ GC CONTENT,Read1,47% GC Reads,7752090704
READ GC CONTENT,Read1,48% GC Reads,8120376493
READ GC CONTENT,Read1,49% GC Reads,8488533164
READ GC CONTENT,Read1,50% GC Reads,8499858761
READ GC CONTENT,Read1,51% GC Reads,8511184358
READ GC CONTENT,Read1,52% GC Reads,8325904688
READ GC CONTENT,Read1,53% GC Reads,8140809197
READ GC CONTENT,Read1,54% GC Reads,8098124585
READ GC CONTENT,Read1,55% GC Reads,8056295224
READ GC CONTENT,Read1,56% GC Reads,7343335779
READ GC CONTENT,Read1,57% GC Reads,6629139005
READ GC CONTENT,Read1,58% GC Reads,6568178388
READ GC CONTENT,Read1,59% GC Reads,6506054758
READ GC CONTENT,Read1,60% GC Reads,5576592225
READ GC CONTENT,Read1,61% GC Reads,4647696322
READ GC CONTENT,Read1,62% GC Reads,4575916355
READ GC CONTENT,Read1,63% GC Reads,3640691354
READ GC CONTENT,Read1,64% GC Reads,2776158438
READ GC CONTENT,Read1,65% GC Reads,2765574476
READ GC CONTENT,Read1,66% GC Reads,2697272946
READ GC CONTENT,Read1,67% GC Reads,1993120706
READ GC CONTENT,Read1,68% GC Reads,1346490049
READ GC CONTENT,Read1,69% GC Reads,1341063559
READ GC CONTENT,Read1,70% GC Reads,1300082811
READ GC CONTENT,Read1,71% GC Reads,905190676
READ GC CONTENT,Read1,72% GC Reads,545172828
READ GC CONTENT,Read1,73% GC Reads,541261742
READ GC CONTENT,Read1,74% GC Reads,521012560
READ GC CONTENT,Read1,75% GC Reads,335501675
READ GC CONTENT,Read1,76% GC Reads,166592678
READ GC CONTENT,Read1,77% GC Reads,165250520
READ GC CONTENT,Read1,78% GC Reads,158482981
READ GC CONTENT,Read1,79% GC Reads,99328180
READ GC CONTENT,Read1,80% GC Reads,45924490
READ GC CONTENT,Read1,81% GC Reads,45503436
READ GC CONTENT,Read1,82% GC Reads,43065184
READ GC CONTENT,Read1,83% GC Reads,24293405
READ GC CONTENT,Read1,84% GC Reads,7626647
READ GC CONTENT,Read1,85% GC Reads,7511304
READ GC CONTENT,Read1,86% GC Reads,6821538
READ GC CONTENT,Read1,87% GC Reads,3607226
READ GC CONTENT,Read1,88% GC Reads,932602
READ GC CONTENT,Read1,89% GC Reads,935223
READ GC CONTENT,Read1,90% GC Reads,601636
READ GC CONTENT,Read1,91% GC Reads,265428
READ GC CONTENT,Read1,92% GC Reads,261496
READ GC CONTENT,Read1,93% GC Reads,250355
READ GC CONTENT,Read1,94% GC Reads,209722
READ GC CONTENT,Read1,95% GC Reads,176298
READ GC CONTENT,Read1,96% GC Reads,176298
READ GC CONTENT,Read1,97% GC Reads,176298
READ GC CONTENT,Read1,98% GC Reads,133698
READ GC CONTENT,Read1,99% GC Reads,91098
READ GC CONTENT,Read1,100% GC Reads,91098
READ GC CONTENT QUALITY,Read1,0% GC Reads Average Quality,30.96
READ GC CONTENT QUALITY,Read1,1% GC Reads Average Quality,30.96
READ GC CONTENT QUALITY,Read1,2% GC Reads Average Quality,30.96
READ GC CONTENT QUALITY,Read1,3% GC Reads Average Quality,30.97
READ GC CONTENT QUALITY,Read1,4% GC Reads Average Quality,30.97
READ GC CONTENT QUALITY,Read1,5% GC Reads Average Quality,30.97
READ GC CONTENT QUALITY,Read1,6% GC Reads Average Quality,32.43
READ GC CONTENT QUALITY,Read1,7% GC Reads Average Quality,32.59
READ GC CONTENT QUALITY,Read1,8% GC Reads Average Quality,32.50
READ GC CONTENT QUALITY,Read1,9% GC Reads Average Quality,32.50
READ GC CONTENT QUALITY,Read1,10% GC Reads Average Quality,32.93
READ GC CONTENT QUALITY,Read1,11% GC Reads Average Quality,33.03
READ GC CONTENT QUALITY,Read1,12% GC Reads Average Quality,33.04
READ GC CONTENT QUALITY,Read1,13% GC Reads Average Quality,33.80
READ GC CONTENT QUALITY,Read1,14% GC Reads Average Quality,34.01
READ GC CONTENT QUALITY,Read1,15% GC Reads Average Quality,34.06
READ GC CONTENT QUALITY,Read1,16% GC Reads Average Quality,34.10
READ GC CONTENT QUALITY,Read1,17% GC Reads Average Quality,34.86
READ GC CONTENT QUALITY,Read1,18% GC Reads Average Quality,35.09
READ GC CONTENT QUALITY,Read1,19% GC Reads Average Quality,35.13
READ GC CONTENT QUALITY,Read1,20% GC Reads Average Quality,35.15
READ GC CONTENT QUALITY,Read1,21% GC Reads Average Quality,35.40
READ GC CONTENT QUALITY,Read1,22% GC Reads Average Quality,35.48
READ GC CONTENT QUALITY,Read1,23% GC Reads Average Quality,35.48
READ GC CONTENT QUALITY,Read1,24% GC Reads Average Quality,35.48
READ GC CONTENT QUALITY,Read1,25% GC Reads Average Quality,35.58
READ GC CONTENT QUALITY,Read1,26% GC Reads Average Quality,35.62
READ GC CONTENT QUALITY,Read1,27% GC Reads Average Quality,35.63
READ GC CONTENT QUALITY,Read1,28% GC Reads Average Quality,35.63
READ GC CONTENT QUALITY,Read1,29% GC Reads Average Quality,35.72
READ GC CONTENT QUALITY,Read1,30% GC Reads Average Quality,35.76
READ GC CONTENT QUALITY,Read1,31% GC Reads Average Quality,35.76
READ GC CONTENT QUALITY,Read1,32% GC Reads Average Quality,35.77
READ GC CONTENT QUALITY,Read1,33% GC Reads Average Quality,35.81
READ GC CONTENT QUALITY,Read1,34% GC Reads Average Quality,35.83
READ GC CONTENT QUALITY,Read1,35% GC Reads Average Quality,35.83
READ GC CONTENT QUALITY,Read1,36% GC Reads Average Quality,35.84
READ GC CONTENT QUALITY,Read1,37% GC Reads Average Quality,35.87
READ GC CONTENT QUALITY,Read1,38% GC Reads Average Quality,35.90
READ GC CONTENT QUALITY,Read1,39% GC Reads Average Quality,35.90
READ GC CONTENT QUALITY,Read1,40% GC Reads Average Quality,35.92
READ GC CONTENT QUALITY,Read1,41% GC Reads Average Quality,35.94
READ GC CONTENT QUALITY,Read1,42% GC Reads Average Quality,35.94
READ GC CONTENT QUALITY,Read1,43% GC Reads Average Quality,35.94
READ GC CONTENT QUALITY,Read1,44% GC Reads Average Quality,35.96
READ GC CONTENT QUALITY,Read1,45% GC Reads Average Quality,35.97
READ GC CONTENT QUALITY,Read1,46% GC Reads Average Quality,35.97
READ GC CONTENT QUALITY,Read1,47% GC Reads Average Quality,35.97
READ GC CONTENT QUALITY,Read1,48% GC Reads Average Quality,35.98
READ GC CONTENT QUALITY,Read1,49% GC Reads Average Quality,35.99
READ GC CONTENT QUALITY,Read1,50% GC Reads Average Quality,35.99
READ GC CONTENT QUALITY,Read1,51% GC Reads Average Quality,35.99
READ GC CONTENT QUALITY,Read1,52% GC Reads Average Quality,36.00
READ GC CONTENT QUALITY,Read1,53% GC Reads Average Quality,36.02
READ GC CONTENT QUALITY,Read1,54% GC Reads Average Quality,36.02
READ GC CONTENT QUALITY,Read1,55% GC Reads Average Quality,36.02
READ GC CONTENT QUALITY,Read1,56% GC Reads Average Quality,36.02
READ GC CONTENT QUALITY,Read1,57% GC Reads Average Quality,36.03
READ GC CONTENT QUALITY,Read1,58% GC Reads Average Quality,36.03
READ GC CONTENT QUALITY,Read1,59% GC Reads Average Quality,36.03
READ GC CONTENT QUALITY,Read1,60% GC Reads Average Quality,36.03
READ GC CONTENT QUALITY,Read1,61% GC Reads Average Quality,36.03
READ GC CONTENT QUALITY,Read1,62% GC Reads Average Quality,36.03
READ GC CONTENT QUALITY,Read1,63% GC Reads Average Quality,36.04
READ GC CONTENT QUALITY,Read1,64% GC Reads Average Quality,36.04
READ GC CONTENT QUALITY,Read1,65% GC Reads Average Quality,36.04
READ GC CONTENT QUALITY,Read1,66% GC Reads Average Quality,36.05
READ GC CONTENT QUALITY,Read1,67% GC Reads Average Quality,36.04
READ GC CONTENT QUALITY,Read1,68% GC Reads Average Quality,36.04
READ GC CONTENT QUALITY,Read1,69% GC Reads Average Quality,36.04
READ GC CONTENT QUALITY,Read1,70% GC Reads Average Quality,36.04
READ GC CONTENT QUALITY,Read1,71% GC Reads Average Quality,36.03
READ GC CONTENT QUALITY,Read1,72% GC Reads Average Quality,36.00
READ GC CONTENT QUALITY,Read1,73% GC Reads Average Quality,36.00
READ GC CONTENT QUALITY,Read1,74% GC Reads Average Quality,36.00
READ GC CONTENT QUALITY,Read1,75% GC Reads Average Quality,35.98
READ GC CONTENT QUALITY,Read1,76% GC Reads Average Quality,35.94
READ GC CONTENT QUALITY,Read1,77% GC Reads Average Quality,35.94
READ GC CONTENT QUALITY,Read1,78% GC Reads Average Quality,35.94
READ GC CONTENT QUALITY,Read1,79% GC Reads Average Quality,35.91
READ GC CONTENT QUALITY,Read1,80% GC Reads Average Quality,35.83
READ GC CONTENT QUALITY,Read1,81% GC Reads Average Quality,35.83
READ GC CONTENT QUALITY,Read1,82% GC Reads Average Quality,35.81
READ GC CONTENT QUALITY,Read1,83% GC Reads Average Quality,35.69
READ GC CONTENT QUALITY,Read1,84% GC Reads Average Quality,35.13
READ GC CONTENT QUALITY,Read1,85% GC Reads Average Quality,35.15
READ GC CONTENT QUALITY,Read1,86% GC Reads Average Quality,35.09
READ GC CONTENT QUALITY,Read1,87% GC Reads Average Quality,34.66
READ GC CONTENT QUALITY,Read1,88% GC Reads Average Quality,32.48
READ GC CONTENT QUALITY,Read1,89% GC Reads Average Quality,32.48
READ GC CONTENT QUALITY,Read1,90% GC Reads Average Quality,31.51
READ GC CONTENT QUALITY,Read1,91% GC Reads Average Quality,28.11
READ GC CONTENT QUALITY,Read1,92% GC Reads Average Quality,28.01
READ GC CONTENT QUALITY,Read1,93% GC Reads Average Quality,27.93
READ GC CONTENT QUALITY,Read1,94% GC Reads Average Quality,26.47
READ GC CONTENT QUALITY,Read1,95% GC Reads Average Quality,24.43
READ GC CONTENT QUALITY,Read1,96% GC Reads Average Quality,24.43
READ GC CONTENT QUALITY,Read1,97% GC Reads Average Quality,24.43
READ GC CONTENT QUALITY,Read1,98% GC Reads Average Quality,24.44
READ GC CONTENT QUALITY,Read1,99% GC Reads Average Quality,24.46
READ GC CONTENT QUALITY,Read1,100% GC Reads Average Quality,24.46
SEQUENCE POSITIONS,Read1,'AGATCGGAAGAG' Total Sequence Starts,0,0.00
SEQUENCE POSITIONS,Read1,'TGGAATTCTCGG' Total Sequence Starts,0,0.00
SEQUENCE POSITIONS,Read1,'GATCGTCGGACT' 1bp Starts,2
SEQUENCE POSITIONS,Read1,'GATCGTCGGACT' 10bp Starts,1
SEQUENCE POSITIONS,Read1,'GATCGTCGGACT' Total Sequence Starts,3,0.00
SEQUENCE POSITIONS,Read1,'CTGTCTCTTATA' Total Sequence Starts,0,0.00
POSITIONAL QUALITY,Read1,ReadPos 1 1% Quantile QV,11
POSITIONAL QUALITY,Read1,ReadPos 1 2% Quantile QV,11
POSITIONAL QUALITY,Read1,ReadPos 1 5% Quantile QV,25
POSITIONAL QUALITY,Read1,ReadPos 1 10% Quantile QV,37
POSITIONAL QUALITY,Read1,ReadPos 1 25% Quantile QV,37
POSITIONAL QUALITY,Read1,ReadPos 1 50% Quantile QV,37
POSITIONAL QUALITY,Read1,ReadPos 1 75% Quantile QV,37
POSITIONAL QUALITY,Read1,ReadPos 1 90% Quantile QV,37
POSITIONAL QUALITY,Read1,ReadPos 1 95% Quantile QV,37
POSITIONAL QUALITY,Read1,ReadPos 1 98% Quantile QV,37
POSITIONAL QUALITY,Read1,ReadPos 1 99% Quantile QV,37
POSITIONAL QUALITY,Read1,ReadPos 2 1% Quantile QV,11
POSITIONAL QUALITY,Read1,ReadPos 2 2% Quantile QV,11
POSITIONAL QUALITY,Read1,ReadPos 2 5% Quantile QV,25
POSITIONAL QUALITY,Read1,ReadPos 2 10% Quantile QV,37
POSITIONAL QUALITY,Read1,ReadPos 2 25% Quantile QV,37
POSITIONAL QUALITY,Read1,ReadPos 2 50% Quantile QV,37
POSITIONAL QUALITY,Read1,ReadPos 2 75% Quantile QV,37
POSITIONAL QUALITY,Read1,ReadPos 2 90% Quantile QV,37
POSITIONAL QUALITY,Read1,ReadPos 2 95% Quantile QV,37
POSITIONAL QUALITY,Read1,ReadPos 2 98% Quantile QV,37
POSITIONAL QUALITY,Read1,ReadPos 2 99% Quantile QV,37
POSITIONAL QUALITY,Read1,ReadPos 3 1% Quantile QV,11
POSITIONAL QUALITY,Read1,ReadPos 3 2% Quantile QV,11
POSITIONAL QUALITY,Read1,ReadPos 3 5% Quantile QV,25
POSITIONAL QUALITY,Read1,ReadPos 3 10% Quantile QV,37
POSITIONAL QUALITY,Read1,ReadPos 3 25% Quantile QV,37
POSITIONAL QUALITY,Read1,ReadPos 3 50% Quantile QV,37
POSITIONAL QUALITY,Read1,ReadPos 3 75% Quantile QV,37
POSITIONAL QUALITY,Read1,ReadPos 3 90% Quantile QV,37
POSITIONAL QUALITY,Read1,ReadPos 3 95% Quantile QV,37
POSITIONAL QUALITY,Read1,ReadPos 3 98% Quantile QV,37
POSITIONAL QUALITY,Read1,ReadPos 3 99% Quantile QV,37
POSITIONAL QUALITY,Read1,ReadPos 4 1% Quantile QV,11
POSITIONAL QUALITY,Read1,ReadPos 4 2% Quantile QV,11
POSITIONAL QUALITY,Read1,ReadPos 4 5% Quantile QV,25
POSITIONAL QUALITY,Read1,ReadPos 4 10% Quantile QV,37
POSITIONAL QUALITY,Read1,ReadPos 4 25% Quantile QV,37
POSITIONAL QUALITY,Read1,ReadPos 4 50% Quantile QV,37
POSITIONAL QUALITY,Read1,ReadPos 4 75% Quantile QV,37
POSITIONAL QUALITY,Read1,ReadPos 4 90% Quantile QV,37
POSITIONAL QUALITY,Read1,ReadPos 4 95% Quantile QV,37
POSITIONAL QUALITY,Read1,ReadPos 4 98% Quantile QV,37
POSITIONAL QUALITY,Read1,ReadPos 4 99% Quantile QV,37
POSITIONAL QUALITY,Read1,ReadPos 5 1% Quantile QV,11
POSITIONAL QUALITY,Read1,ReadPos 5 2% Quantile QV,11
POSITIONAL QUALITY,Read1,ReadPos 5 5% Quantile QV,25
POSITIONAL QUALITY,Read1,ReadPos 5 10% Quantile QV,37
POSITIONAL QUALITY,Read1,ReadPos 5 25% Quantile QV,37
POSITIONAL QUALITY,Read1,ReadPos 5 50% Quantile QV,37
POSITIONAL QUALITY,Read1,ReadPos 5 75% Quantile QV,37
POSITIONAL QUALITY,Read1,ReadPos 5 90% Quantile QV,37
POSITIONAL QUALITY,Read1,ReadPos 5 95% Quantile QV,37
POSITIONAL QUALITY,Read1,ReadPos 5 98% Quantile QV,37
POSITIONAL QUALITY,Read1,ReadPos 5 99% Quantile QV,37
POSITIONAL QUALITY,Read1,ReadPos 6 1% Quantile QV,11
POSITIONAL QUALITY,Read1,ReadPos 6 2% Quantile QV,11
POSITIONAL QUALITY,Read1,ReadPos 6 5% Quantile QV,25
POSITIONAL QUALITY,Read1,ReadPos 6 10% Quantile QV,37
POSITIONAL QUALITY,Read1,ReadPos 6 25% Quantile QV,37
POSITIONAL QUALITY,Read1,ReadPos 6 50% Quantile QV,37
POSITIONAL QUALITY,Read1,ReadPos 6 75% Quantile QV,37
POSITIONAL QUALITY,Read1,ReadPos 6 90% Quantile QV,37
POSITIONAL QUALITY,Read1,ReadPos 6 95% Quantile QV,37
POSITIONAL QUALITY,Read1,ReadPos 6 98% Quantile QV,37
POSITIONAL QUALITY,Read1,ReadPos 6 99% Quantile QV,37
POSITIONAL QUALITY,Read1,ReadPos 7 1% Quantile QV,11
POSITIONAL QUALITY,Read1,ReadPos 7 2% Quantile QV,11
POSITIONAL QUALITY,Read1,ReadPos 7 5% Quantile QV,25
POSITIONAL QUALITY,Read1,ReadPos 7 10% Quantile QV,37
POSITIONAL QUALITY,Read1,ReadPos 7 25% Quantile QV,37
POSITIONAL QUALITY,Read1,ReadPos 7 50% Quantile QV,37
POSITIONAL QUALITY,Read1,ReadPos 7 75% Quantile QV,37
POSITIONAL QUALITY,Read1,ReadPos 7 90% Quantile QV,37
POSITIONAL QUALITY,Read1,ReadPos 7 95% Quantile QV,37
POSITIONAL QUALITY,Read1,ReadPos 7 98% Quantile QV,37
POSITIONAL QUALITY,Read1,ReadPos 7 99% Quantile QV,37
POSITIONAL QUALITY,Read1,ReadPos 8 1% Quantile QV,11
POSITIONAL QUALITY,Read1,ReadPos 8 2% Quantile QV,11
POSITIONAL QUALITY,Read1,ReadPos 8 5% Quantile QV,25
POSITIONAL QUALITY,Read1,ReadPos 8 10% Quantile QV,37
POSITIONAL QUALITY,Read1,ReadPos 8 25% Quantile QV,37
POSITIONAL QUALITY,Read1,ReadPos 8 50% Quantile QV,37
POSITIONAL QUALITY,Read1,ReadPos 8 75% Quantile QV,37
POSITIONAL QUALITY,Read1,ReadPos 8 90% Quantile QV,37
POSITIONAL QUALITY,Read1,ReadPos 8 95% Quantile QV,37
POSITIONAL QUALITY,Read1,ReadPos 8 98% Quantile QV,37
POSITIONAL QUALITY,Read1,ReadPos 8 99% Quantile QV,37
POSITIONAL QUALITY,Read1,ReadPos 9 1% Quantile QV,11
POSITIONAL QUALITY,Read1,ReadPos 9 2% Quantile QV,11
POSITIONAL QUALITY,Read1,ReadPos 9 5% Quantile QV,25
POSITIONAL QUALITY,Read1,ReadPos 9 10% Quantile QV,37
POSITIONAL QUALITY,Read1,ReadPos 9 25% Quantile QV,37
POSITIONAL QUALITY,Read1,ReadPos 9 50% Quantile QV,37
POSITIONAL QUALITY,Read1,ReadPos 9 75% Quantile QV,37
POSITIONAL QUALITY,Read1,ReadPos 9 90% Quantile QV,37
POSITIONAL QUALITY,Read1,ReadPos 9 95% Quantile QV,37
POSITIONAL QUALITY,Read1,ReadPos 9 98% Quantile QV,37
POSITIONAL QUALITY,Read1,ReadPos 9 99% Quantile QV,37
POSITIONAL QUALITY,Read1,ReadPos 10 1% Quantile QV,11
POSITIONAL QUALITY,Read1,ReadPos 10 2% Quantile QV,11
POSITIONAL QUALITY,Read1,ReadPos 10 5% Quantile QV,25
POSITIONAL QUALITY,Read1,ReadPos 10 10% Quantile QV,37
POSITIONAL QUALITY,Read1,ReadPos 10 25% Quantile QV,37
POSITIONAL QUALITY,Read1,ReadPos 10 50% Quantile QV,37
POSITIONAL QUALITY,Read1,ReadPos 10 75% Quantile QV,37
POSITIONAL QUALITY,Read1,ReadPos 10 90% Quantile QV,37
POSITIONAL QUALITY,Read1,ReadPos 10 95% Quantile QV,37
POSITIONAL QUALITY,Read1,ReadPos 10 98% Quantile QV,37
POSITIONAL QUALITY,Read1,ReadPos 10 99% Quantile QV,37
POSITIONAL QUALITY,Read1,ReadPos 11 1% Quantile QV,11
POSITIONAL QUALITY,Read1,ReadPos 11 2% Quantile QV,11
POSITIONAL QUALITY,Read1,ReadPos 11 5% Quantile QV,25
POSITIONAL QUALITY,Read1,ReadPos 11 10% Quantile QV,37
POSITIONAL QUALITY,Read1,ReadPos 11 25% Quantile QV,37
POSITIONAL QUALITY,Read1,ReadPos 11 50% Quantile QV,37
POSITIONAL QUALITY,Read1,ReadPos 11 75% Quantile QV,37
POSITIONAL QUALITY,Read1,ReadPos 11 90% Quantile QV,37
POSITIONAL QUALITY,Read1,ReadPos 11 95% Quantile QV,37
POSITIONAL QUALITY,Read1,ReadPos 11 98% Quantile QV,37
POSITIONAL QUALITY,Read1,ReadPos 11 99% Quantile QV,37
POSITIONAL QUALITY,Read1,ReadPos 12 1% Quantile QV,11
POSITIONAL QUALITY,Read1,ReadPos 12 2% Quantile QV,11
POSITIONAL QUALITY,Read1,ReadPos 12 5% Quantile QV,25
POSITIONAL QUALITY,Read1,ReadPos 12 10% Quantile QV,37
POSITIONAL QUALITY,Read1,ReadPos 12 25% Quantile QV,37
POSITIONAL QUALITY,Read1,ReadPos 12 50% Quantile QV,37
POSITIONAL QUALITY,Read1,ReadPos 12 75% Quantile QV,37
POSITIONAL QUALITY,Read1,ReadPos 12 90% Quantile QV,37
POSITIONAL QUALITY,Read1,ReadPos 12 95% Quantile QV,37
POSITIONAL QUALITY,Read1,ReadPos 12 98% Quantile QV,37
POSITIONAL QUALITY,Read1,ReadPos 12 99% Quantile QV,37
POSITIONAL QUALITY,Read1,ReadPos 13 1% Quantile QV,11
POSITIONAL QUALITY,Read1,ReadPos 13 2% Quantile QV,11
POSITIONAL QUALITY,Read1,ReadPos 13 5% Quantile QV,25
POSITIONAL QUALITY,Read1,ReadPos 13 10% Quantile QV,37
POSITIONAL QUALITY,Read1,ReadPos 13 25% Quantile QV,37
POSITIONAL QUALITY,Read1,ReadPos 13 50% Quantile QV,37
POSITIONAL QUALITY,Read1,ReadPos 13 75% Quantile QV,37
POSITIONAL QUALITY,Read1,ReadPos 13 90% Quantile QV,37
POSITIONAL QUALITY,Read1,ReadPos 13 95% Quantile QV,37
POSITIONAL QUALITY,Read1,ReadPos 13 98% Quantile QV,37
POSITIONAL QUALITY,Read1,ReadPos 13 99% Quantile QV,37
POSITIONAL QUALITY,Read1,ReadPos 14 1% Quantile QV,11
POSITIONAL QUALITY,Read1,ReadPos 14 2% Quantile QV,11
POSITIONAL QUALITY,Read1,ReadPos 14 5% Quantile QV,25
POSITIONAL QUALITY,Read1,ReadPos 14 10% Quantile QV,37
POSITIONAL QUALITY,Read1,ReadPos 14 25% Quantile QV,37
POSITIONAL QUALITY,Read1,ReadPos 14 50% Quantile QV,37
POSITIONAL QUALITY,Read1,ReadPos 14 75% Quantile QV,37
POSITIONAL QUALITY,Read1,ReadPos 14 90% Quantile QV,37
POSITIONAL QUALITY,Read1,ReadPos 14 95% Quantile QV,37
POSITIONAL QUALITY,Read1,ReadPos 14 98% Quantile QV,37
POSITIONAL QUALITY,Read1,ReadPos 14 99% Quantile QV,37
POSITIONAL QUALITY,Read1,ReadPos 15 1% Quantile QV,11
POSITIONAL QUALITY,Read1,ReadPos 15 2% Quantile QV,11
POSITIONAL QUALITY,Read1,ReadPos 15 5% Quantile QV,25
POSITIONAL QUALITY,Read1,ReadPos 15 10% Quantile QV,37
POSITIONAL QUALITY,Read1,ReadPos 15 25% Quantile QV,37
POSITIONAL QUALITY,Read1,ReadPos 15 50% Quantile QV,37
POSITIONAL QUALITY,Read1,ReadPos 15 75% Quantile QV,37
POSITIONAL QUALITY,Read1,ReadPos 15 90% Quantile QV,37
POSITIONAL QUALITY,Read1,ReadPos 15 95% Quantile QV,37
POSITIONAL QUALITY,Read1,ReadPos 15 98% Quantile QV,37
POSITIONAL QUALITY,Read1,ReadPos 15 99% Quantile QV,37
POSITIONAL QUALITY,Read1,ReadPos 16 1% Quantile QV,11
POSITIONAL QUALITY,Read1,ReadPos 16 2% Quantile QV,11
POSITIONAL QUALITY,Read1,ReadPos 16 5% Quantile QV,25
POSITIONAL QUALITY,Read1,ReadPos 16 10% Quantile QV,37
POSITIONAL QUALITY,Read1,ReadPos 16 25% Quantile QV,37
POSITIONAL QUALITY,Read1,ReadPos 16 50% Quantile QV,37
POSITIONAL QUALITY,Read1,ReadPos 16 75% Quantile QV,37
POSITIONAL QUALITY,Read1,ReadPos 16 90% Quantile QV,37
POSITIONAL QUALITY,Read1,ReadPos 16 95% Quantile QV,37
POSITIONAL QUALITY,Read1,ReadPos 16 98% Quantile QV,37
POSITIONAL QUALITY,Read1,ReadPos 16 99% Quantile QV,37
POSITIONAL QUALITY,Read1,ReadPos 17 1% Quantile QV,11
POSITIONAL QUALITY,Read1,ReadPos 17 2% Quantile QV,11
POSITIONAL QUALITY,Read1,ReadPos 17 5% Quantile QV,25
POSITIONAL QUALITY,Read1,ReadPos 17 10% Quantile QV,37
POSITIONAL QUALITY,Read1,ReadPos 17 25% Quantile QV,37
POSITIONAL QUALITY,Read1,ReadPos 17 50% Quantile QV,37
POSITIONAL QUALITY,Read1,ReadPos 17 75% Quantile QV,37
POSITIONAL QUALITY,Read1,ReadPos 17 90% Quantile QV,37
POSITIONAL QUALITY,Read1,ReadPos 17 95% Quantile QV,37
POSITIONAL QUALITY,Read1,ReadPos 17 98% Quantile QV,37
POSITIONAL QUALITY,Read1,ReadPos 17 99% Quantile QV,37
POSITIONAL QUALITY,Read1,ReadPos 18 1% Quantile QV,11
POSITIONAL QUALITY,Read1,ReadPos 18 2% Quantile QV,11
POSITIONAL QUALITY,Read1,ReadPos 18 5% Quantile QV,25
POSITIONAL QUALITY,Read1,ReadPos 18 10% Quantile QV,37
POSITIONAL QUALITY,Read1,ReadPos 18 25% Quantile QV,37
POSITIONAL QUALITY,Read1,ReadPos 18 50% Quantile QV,37
POSITIONAL QUALITY,Read1,ReadPos 18 75% Quantile QV,37
POSITIONAL QUALITY,Read1,ReadPos 18 90% Quantile QV,37
POSITIONAL QUALITY,Read1,ReadPos 18 95% Quantile QV,37
POSITIONAL QUALITY,Read1,ReadPos 18 98% Quantile QV,37
POSITIONAL QUALITY,Read1,ReadPos 18 99% Quantile QV,37
POSITIONAL QUALITY,Read1,ReadPos 19 1% Quantile QV,11
POSITIONAL QUALITY,Read1,ReadPos 19 2% Quantile QV,11
POSITIONAL QUALITY,Read1,ReadPos 19 5% Quantile QV,25
POSITIONAL QUALITY,Read1,ReadPos 19 10% Quantile QV,37
POSITIONAL QUALITY,Read1,ReadPos 19 25% Quantile QV,37
POSITIONAL QUALITY,Read1,ReadPos 19 50% Quantile QV,37
POSITIONAL QUALITY,Read1,ReadPos 19 75% Quantile QV,37
POSITIONAL QUALITY,Read1,ReadPos 19 90% Quantile QV,37
POSITIONAL QUALITY,Read1,ReadPos 19 95% Quantile QV,37
POSITIONAL QUALITY,Read1,ReadPos 19 98% Quantile QV,37
POSITIONAL QUALITY,Read1,ReadPos 19 99% Quantile QV,37
POSITIONAL QUALITY,Read1,ReadPos 20 1% Quantile QV,11
POSITIONAL QUALITY,Read1,ReadPos 20 2% Quantile QV,11
POSITIONAL QUALITY,Read1,ReadPos 20 5% Quantile QV,25
POSITIONAL QUALITY,Read1,ReadPos 20 10% Quantile QV,37
POSITIONAL QUALITY,Read1,ReadPos 20 25% Quantile QV,37
POSITIONAL QUALITY,Read1,ReadPos 20 50% Quantile QV,37
POSITIONAL QUALITY,Read1,ReadPos 20 75% Quantile QV,37
POSITIONAL QUALITY,Read1,ReadPos 20 90% Quantile QV,37
POSITIONAL QUALITY,Read1,ReadPos 20 95% Quantile QV,37
POSITIONAL QUALITY,Read1,ReadPos 20 98% Quantile QV,37
POSITIONAL QUALITY,Read1,ReadPos 20 99% Quantile QV,37
POSITIONAL QUALITY,Read1,ReadPos 21 1% Quantile QV,11
POSITIONAL QUALITY,Read1,ReadPos 21 2% Quantile QV,11
POSITIONAL QUALITY,Read1,ReadPos 21 5% Quantile QV,25
POSITIONAL QUALITY,Read1,ReadPos 21 10% Quantile QV,37
POSITIONAL QUALITY,Read1,ReadPos 21 25% Quantile QV,37
POSITIONAL QUALITY,Read1,ReadPos 21 50% Quantile QV,37
POSITIONAL QUALITY,Read1,ReadPos 21 75% Quantile QV,37
POSITIONAL QUALITY,Read1,ReadPos 21 90% Quantile QV,37
POSITIONAL QUALITY,Read1,ReadPos 21 95% Quantile QV,37
POSITIONAL QUALITY,Read1,ReadPos 21 98% Quantile QV,37
POSITIONAL QUALITY,Read1,ReadPos 21 99% Quantile QV,37
POSITIONAL QUALITY,Read1,ReadPos 22 1% Quantile QV,11
POSITIONAL QUALITY,Read1,ReadPos 22 2% Quantile QV,11
POSITIONAL QUALITY,Read1,ReadPos 22 5% Quantile QV,25
POSITIONAL QUALITY,Read1,ReadPos 22 10% Quantile QV,37
POSITIONAL QUALITY,Read1,ReadPos 22 25% Quantile QV,37
POSITIONAL QUALITY,Read1,ReadPos 22 50% Quantile QV,37
POSITIONAL QUALITY,Read1,ReadPos 22 75% Quantile QV,37
POSITIONAL QUALITY,Read1,ReadPos 22 90% Quantile QV,37
POSITIONAL QUALITY,Read1,ReadPos 22 95% Quantile QV,37
POSITIONAL QUALITY,Read1,ReadPos 22 98% Quantile QV,37
POSITIONAL QUALITY,Read1,ReadPos 22 99% Quantile QV,37
POSITIONAL QUALITY,Read1,ReadPos 23 1% Quantile QV,11
POSITIONAL QUALITY,Read1,ReadPos 23 2% Quantile QV,11
POSITIONAL QUALITY,Read1,ReadPos 23 5% Quantile QV,25
POSITIONAL QUALITY,Read1,ReadPos 23 10% Quantile QV,37
POSITIONAL QUALITY,Read1,ReadPos 23 25% Quantile QV,37
POSITIONAL QUALITY,Read1,ReadPos 23 50% Quantile QV,37
POSITIONAL QUALITY,Read1,ReadPos 23 75% Quantile QV,37
POSITIONAL QUALITY,Read1,ReadPos 23 90% Quantile QV,37
POSITIONAL QUALITY,Read1,ReadPos 23 95% Quantile QV,37
POSITIONAL QUALITY,Read1,ReadPos 23 98% Quantile QV,37
POSITIONAL QUALITY,Read1,ReadPos 23 99% Quantile QV,37
POSITIONAL QUALITY,Read1,ReadPos 24 1% Quantile QV,11
POSITIONAL QUALITY,Read1,ReadPos 24 2% Quantile QV,11
POSITIONAL QUALITY,Read1,ReadPos 24 5% Quantile QV,25
POSITIONAL QUALITY,Read1,ReadPos 24 10% Quantile QV,37
POSITIONAL QUALITY,Read1,ReadPos 24 25% Quantile QV,37
POSITIONAL QUALITY,Read1,ReadPos 24 50% Quantile QV,37
POSITIONAL QUALITY,Read1,ReadPos 24 75% Quantile QV,37
POSITIONAL QUALITY,Read1,ReadPos 24 90% Quantile QV,37
POSITIONAL QUALITY,Read1,ReadPos 24 95% Quantile QV,37
POSITIONAL QUALITY,Read1,ReadPos 24 98% Quantile QV,37
POSITIONAL QUALITY,Read1,ReadPos 24 99% Quantile QV,37
POSITIONAL QUALITY,Read1,ReadPos 25 1% Quantile QV,11
POSITIONAL QUALITY,Read1,ReadPos 25 2% Quantile QV,11
POSITIONAL QUALITY,Read1,ReadPos 25 5% Quantile QV,25
POSITIONAL QUALITY,Read1,ReadPos 25 10% Quantile QV,37
POSITIONAL QUALITY,Read1,ReadPos 25 25% Quantile QV,37
POSITIONAL QUALITY,Read1,ReadPos 25 50% Quantile QV,37
POSITIONAL QUALITY,Read1,ReadPos 25 75% Quantile QV,37
POSITIONAL QUALITY,Read1,ReadPos 25 90% Quantile QV,37
POSITIONAL QUALITY,Read1,ReadPos 25 95% Quantile QV,37
POSITIONAL QUALITY,Read1,ReadPos 25 98% Quantile QV,37
POSITIONAL QUALITY,Read1,ReadPos 25 99% Quantile QV,37
POSITIONAL QUALITY,Read1,ReadPos 26 1% Quantile QV,11
POSITIONAL QUALITY,Read1,ReadPos 26 2% Quantile QV,11
POSITIONAL QUALITY,Read1,ReadPos 26 5% Quantile QV,25
POSITIONAL QUALITY,Read1,ReadPos 26 10% Quantile QV,37
POSITIONAL QUALITY,Read1,ReadPos 26 25% Quantile QV,37
POSITIONAL QUALITY,Read1,ReadPos 26 50% Quantile QV,37
POSITIONAL QUALITY,Read1,ReadPos 26 75% Quantile QV,37
POSITIONAL QUALITY,Read1,ReadPos 26 90% Quantile QV,37
POSITIONAL QUALITY,Read1,ReadPos 26 95% Quantile QV,37
POSITIONAL QUALITY,Read1,ReadPos 26 98% Quantile QV,37
POSITIONAL QUALITY,Read1,ReadPos 26 99% Quantile QV,37
READ MEAN QUALITY,Read2,Q8 Reads,2
READ MEAN QUALITY,Read2,Q9 Reads,6
READ MEAN QUALITY,Read2,Q10 Reads,4
READ MEAN QUALITY,Read2,Q11 Reads,8
READ MEAN QUALITY,Read2,Q12 Reads,9
READ MEAN QUALITY,Read2,Q13 Reads,26
READ MEAN QUALITY,Read2,Q14 Reads,47
READ MEAN QUALITY,Read2,Q15 Reads,129
READ MEAN QUALITY,Read2,Q16 Reads,182
READ MEAN QUALITY,Read2,Q17 Reads,276
READ MEAN QUALITY,Read2,Q18 Reads,383
READ MEAN QUALITY,Read2,Q19 Reads,494
READ MEAN QUALITY,Read2,Q20 Reads,728
READ MEAN QUALITY,Read2,Q21 Reads,1137
READ MEAN QUALITY,Read2,Q22 Reads,1693
READ MEAN QUALITY,Read2,Q23 Reads,2739
READ MEAN QUALITY,Read2,Q24 Reads,4182
READ MEAN QUALITY,Read2,Q25 Reads,6508
READ MEAN QUALITY,Read2,Q26 Reads,9791
READ MEAN QUALITY,Read2,Q27 Reads,14784
READ MEAN QUALITY,Read2,Q28 Reads,21464
READ MEAN QUALITY,Read2,Q29 Reads,30046
READ MEAN QUALITY,Read2,Q30 Reads,40415
READ MEAN QUALITY,Read2,Q31 Reads,53479
READ MEAN QUALITY,Read2,Q32 Reads,69418
READ MEAN QUALITY,Read2,Q33 Reads,94074
READ MEAN QUALITY,Read2,Q34 Reads,133676
READ MEAN QUALITY,Read2,Q35 Reads,236649
READ MEAN QUALITY,Read2,Q36 Reads,561958
READ MEAN QUALITY,Read2,Q37 Reads,1913446
POSITIONAL BASE MEAN QUALITY,Read2,ReadPos 1 A Average Quality,35.92
POSITIONAL BASE MEAN QUALITY,Read2,ReadPos 2 A Average Quality,35.88
POSITIONAL BASE MEAN QUALITY,Read2,ReadPos 3 A Average Quality,35.96
POSITIONAL BASE MEAN QUALITY,Read2,ReadPos 4 A Average Quality,35.86
POSITIONAL BASE MEAN QUALITY,Read2,ReadPos 5 A Average Quality,35.76
POSITIONAL BASE MEAN QUALITY,Read2,ReadPos 6 A Average Quality,35.83
POSITIONAL BASE MEAN QUALITY,Read2,ReadPos 7 A Average Quality,35.88
POSITIONAL BASE MEAN QUALITY,Read2,ReadPos 8 A Average Quality,35.93
POSITIONAL BASE MEAN QUALITY,Read2,ReadPos 9 A Average Quality,35.78
POSITIONAL BASE MEAN QUALITY,Read2,ReadPos 10 A Average Quality,35.87
POSITIONAL BASE MEAN QUALITY,Read2,ReadPos 11 A Average Quality,35.87
POSITIONAL BASE MEAN QUALITY,Read2,ReadPos 12 A Average Quality,35.88
POSITIONAL BASE MEAN QUALITY,Read2,ReadPos 13 A Average Quality,35.75
POSITIONAL BASE MEAN QUALITY,Read2,ReadPos 14 A Average Quality,35.81
POSITIONAL BASE MEAN QUALITY,Read2,ReadPos 15 A Average Quality,35.66
POSITIONAL BASE MEAN QUALITY,Read2,ReadPos 16 A Average Quality,35.67
POSITIONAL BASE MEAN QUALITY,Read2,ReadPos 17 A Average Quality,35.73
POSITIONAL BASE MEAN QUALITY,Read2,ReadPos 18 A Average Quality,35.58
POSITIONAL BASE MEAN QUALITY,Read2,ReadPos 19 A Average Quality,35.59
POSITIONAL BASE MEAN QUALITY,Read2,ReadPos 20 A Average Quality,35.57
POSITIONAL BASE MEAN QUALITY,Read2,ReadPos 21 A Average Quality,35.60
POSITIONAL BASE MEAN QUALITY,Read2,ReadPos 22 A Average Quality,35.66
POSITIONAL BASE MEAN QUALITY,Read2,ReadPos 23 A Average Quality,35.64
POSITIONAL BASE MEAN QUALITY,Read2,ReadPos 24 A Average Quality,35.70
POSITIONAL BASE MEAN QUALITY,Read2,ReadPos 25 A Average Quality,35.85
POSITIONAL BASE MEAN QUALITY,Read2,ReadPos 26 A Average Quality,35.77
POSITIONAL BASE MEAN QUALITY,Read2,ReadPos 1 C Average Quality,35.81
POSITIONAL BASE MEAN QUALITY,Read2,ReadPos 2 C Average Quality,35.79
POSITIONAL BASE MEAN QUALITY,Read2,ReadPos 3 C Average Quality,36.10
POSITIONAL BASE MEAN QUALITY,Read2,ReadPos 4 C Average Quality,36.08
POSITIONAL BASE MEAN QUALITY,Read2,ReadPos 5 C Average Quality,36.04
POSITIONAL BASE MEAN QUALITY,Read2,ReadPos 6 C Average Quality,36.05
POSITIONAL BASE MEAN QUALITY,Read2,ReadPos 7 C Average Quality,36.11
POSITIONAL BASE MEAN QUALITY,Read2,ReadPos 8 C Average Quality,36.13
POSITIONAL BASE MEAN QUALITY,Read2,ReadPos 9 C Average Quality,36.06
POSITIONAL BASE MEAN QUALITY,Read2,ReadPos 10 C Average Quality,36.11
POSITIONAL BASE MEAN QUALITY,Read2,ReadPos 11 C Average Quality,36.12
POSITIONAL BASE MEAN QUALITY,Read2,ReadPos 12 C Average Quality,36.11
POSITIONAL BASE MEAN QUALITY,Read2,ReadPos 13 C Average Quality,36.06
POSITIONAL BASE MEAN QUALITY,Read2,ReadPos 14 C Average Quality,36.06
POSITIONAL BASE MEAN QUALITY,Read2,ReadPos 15 C Average Quality,35.92
POSITIONAL BASE MEAN QUALITY,Read2,ReadPos 16 C Average Quality,35.93
POSITIONAL BASE MEAN QUALITY,Read2,ReadPos 17 C Average Quality,36.01
POSITIONAL BASE MEAN QUALITY,Read2,ReadPos 18 C Average Quality,35.88
POSITIONAL BASE MEAN QUALITY,Read2,ReadPos 19 C Average Quality,35.86
POSITIONAL BASE MEAN QUALITY,Read2,ReadPos 20 C Average Quality,35.86
POSITIONAL BASE MEAN QUALITY,Read2,ReadPos 21 C Average Quality,35.88
POSITIONAL BASE MEAN QUALITY,Read2,ReadPos 22 C Average Quality,35.85
POSITIONAL BASE MEAN QUALITY,Read2,ReadPos 23 C Average Quality,35.94
POSITIONAL BASE MEAN QUALITY,Read2,ReadPos 24 C Average Quality,35.90
POSITIONAL BASE MEAN QUALITY,Read2,ReadPos 25 C Average Quality,36.08
POSITIONAL BASE MEAN QUALITY,Read2,ReadPos 26 C Average Quality,36.08
POSITIONAL BASE MEAN QUALITY,Read2,ReadPos 1 G Average Quality,34.46
POSITIONAL BASE MEAN QUALITY,Read2,ReadPos 2 G Average Quality,35.27
POSITIONAL BASE MEAN QUALITY,Read2,ReadPos 3 G Average Quality,35.50
POSITIONAL BASE MEAN QUALITY,Read2,ReadPos 4 G Average Quality,35.68
POSITIONAL BASE MEAN QUALITY,Read2,ReadPos 5 G Average Quality,35.57
POSITIONAL BASE MEAN QUALITY,Read2,ReadPos 6 G Average Quality,35.67
POSITIONAL BASE MEAN QUALITY,Read2,ReadPos 7 G Average Quality,35.64
POSITIONAL BASE MEAN QUALITY,Read2,ReadPos 8 G Average Quality,35.75
POSITIONAL BASE MEAN QUALITY,Read2,ReadPos 9 G Average Quality,35.62
POSITIONAL BASE MEAN QUALITY,Read2,ReadPos 10 G Average Quality,35.76
POSITIONAL BASE MEAN QUALITY,Read2,ReadPos 11 G Average Quality,35.71
POSITIONAL BASE MEAN QUALITY,Read2,ReadPos 12 G Average Quality,35.67
POSITIONAL BASE MEAN QUALITY,Read2,ReadPos 13 G Average Quality,35.66
POSITIONAL BASE MEAN QUALITY,Read2,ReadPos 14 G Average Quality,35.68
POSITIONAL BASE MEAN QUALITY,Read2,ReadPos 15 G Average Quality,35.60
POSITIONAL BASE MEAN QUALITY,Read2,ReadPos 16 G Average Quality,35.58
POSITIONAL BASE MEAN QUALITY,Read2,ReadPos 17 G Average Quality,35.68
POSITIONAL BASE MEAN QUALITY,Read2,ReadPos 18 G Average Quality,35.51
POSITIONAL BASE MEAN QUALITY,Read2,ReadPos 19 G Average Quality,35.54
POSITIONAL BASE MEAN QUALITY,Read2,ReadPos 20 G Average Quality,35.50
POSITIONAL BASE MEAN QUALITY,Read2,ReadPos 21 G Average Quality,35.53
POSITIONAL BASE MEAN QUALITY,Read2,ReadPos 22 G Average Quality,35.61
POSITIONAL BASE MEAN QUALITY,Read2,ReadPos 23 G Average Quality,35.69
POSITIONAL BASE MEAN QUALITY,Read2,ReadPos 24 G Average Quality,35.71
POSITIONAL BASE MEAN QUALITY,Read2,ReadPos 25 G Average Quality,35.80
POSITIONAL BASE MEAN QUALITY,Read2,ReadPos 26 G Average Quality,35.68
POSITIONAL BASE MEAN QUALITY,Read2,ReadPos 1 T Average Quality,35.57
POSITIONAL BASE MEAN QUALITY,Read2,ReadPos 2 T Average Quality,35.71
POSITIONAL BASE MEAN QUALITY,Read2,ReadPos 3 T Average Quality,35.67
POSITIONAL BASE MEAN QUALITY,Read2,ReadPos 4 T Average Quality,35.70
POSITIONAL BASE MEAN QUALITY,Read2,ReadPos 5 T Average Quality,35.67
POSITIONAL BASE MEAN QUALITY,Read2,ReadPos 6 T Average Quality,35.68
POSITIONAL BASE MEAN QUALITY,Read2,ReadPos 7 T Average Quality,35.65
POSITIONAL BASE MEAN QUALITY,Read2,ReadPos 8 T Average Quality,35.73
POSITIONAL BASE MEAN QUALITY,Read2,ReadPos 9 T Average Quality,35.56
POSITIONAL BASE MEAN QUALITY,Read2,ReadPos 10 T Average Quality,35.69
POSITIONAL BASE MEAN QUALITY,Read2,ReadPos 11 T Average Quality,35.64
POSITIONAL BASE MEAN QUALITY,Read2,ReadPos 12 T Average Quality,35.62
POSITIONAL BASE MEAN QUALITY,Read2,ReadPos 13 T Average Quality,35.48
POSITIONAL BASE MEAN QUALITY,Read2,ReadPos 14 T Average Quality,35.50
POSITIONAL BASE MEAN QUALITY,Read2,ReadPos 15 T Average Quality,35.39
POSITIONAL BASE MEAN QUALITY,Read2,ReadPos 16 T Average Quality,35.33
POSITIONAL BASE MEAN QUALITY,Read2,ReadPos 17 T Average Quality,35.39
POSITIONAL BASE MEAN QUALITY,Read2,ReadPos 18 T Average Quality,35.16
POSITIONAL BASE MEAN QUALITY,Read2,ReadPos 19 T Average Quality,35.13
POSITIONAL BASE MEAN QUALITY,Read2,ReadPos 20 T Average Quality,35.09
POSITIONAL BASE MEAN QUALITY,Read2,ReadPos 21 T Average Quality,35.05
POSITIONAL BASE MEAN QUALITY,Read2,ReadPos 22 T Average Quality,35.11
POSITIONAL BASE MEAN QUALITY,Read2,ReadPos 23 T Average Quality,35.15
POSITIONAL BASE MEAN QUALITY,Read2,ReadPos 24 T Average Quality,35.19
POSITIONAL BASE MEAN QUALITY,Read2,ReadPos 25 T Average Quality,35.55
POSITIONAL BASE MEAN QUALITY,Read2,ReadPos 26 T Average Quality,35.74
POSITIONAL BASE CONTENT,Read2,ReadPos 1 A Bases,796993
POSITIONAL BASE CONTENT,Read2,ReadPos 2 A Bases,864714
POSITIONAL BASE CONTENT,Read2,ReadPos 3 A Bases,816476
POSITIONAL BASE CONTENT,Read2,ReadPos 4 A Bases,800199
POSITIONAL BASE CONTENT,Read2,ReadPos 5 A Bases,845312
POSITIONAL BASE CONTENT,Read2,ReadPos 6 A Bases,808496
POSITIONAL BASE CONTENT,Read2,ReadPos 7 A Bases,802679
POSITIONAL BASE CONTENT,Read2,ReadPos 8 A Bases,805673
POSITIONAL BASE CONTENT,Read2,ReadPos 9 A Bases,827785
POSITIONAL BASE CONTENT,Read2,ReadPos 10 A Bases,805772
POSITIONAL BASE CONTENT,Read2,ReadPos 11 A Bases,809075
POSITIONAL BASE CONTENT,Read2,ReadPos 12 A Bases,840713
POSITIONAL BASE CONTENT,Read2,ReadPos 13 A Bases,875935
POSITIONAL BASE CONTENT,Read2,ReadPos 14 A Bases,883920
POSITIONAL BASE CONTENT,Read2,ReadPos 15 A Bases,885002
POSITIONAL BASE CONTENT,Read2,ReadPos 16 A Bases,884928
POSITIONAL BASE CONTENT,Read2,ReadPos 17 A Bases,881965
POSITIONAL BASE CONTENT,Read2,ReadPos 18 A Bases,882701
POSITIONAL BASE CONTENT,Read2,ReadPos 19 A Bases,883702
POSITIONAL BASE CONTENT,Read2,ReadPos 20 A Bases,881624
POSITIONAL BASE CONTENT,Read2,ReadPos 21 A Bases,888134
POSITIONAL BASE CONTENT,Read2,ReadPos 22 A Bases,881649
POSITIONAL BASE CONTENT,Read2,ReadPos 23 A Bases,880743
POSITIONAL BASE CONTENT,Read2,ReadPos 24 A Bases,880045
POSITIONAL BASE CONTENT,Read2,ReadPos 25 A Bases,864552
POSITIONAL BASE CONTENT,Read2,ReadPos 26 A Bases,802482
POSITIONAL BASE CONTENT,Read2,ReadPos 1 C Bases,755252
POSITIONAL BASE CONTENT,Read2,ReadPos 2 C Bases,737944
POSITIONAL BASE CONTENT,Read2,ReadPos 3 C Bases,788232
POSITIONAL BASE CONTENT,Read2,ReadPos 4 C Bases,809520
POSITIONAL BASE CONTENT,Read2,ReadPos 5 C Bases,773803
POSITIONAL BASE CONTENT,Read2,ReadPos 6 C Bases,767252
POSITIONAL BASE CONTENT,Read2,ReadPos 7 C Bases,769905
POSITIONAL BASE CONTENT,Read2,ReadPos 8 C Bases,808886
POSITIONAL BASE CONTENT,Read2,ReadPos 9 C Bases,791123
POSITIONAL BASE CONTENT,Read2,ReadPos 10 C Bases,774836
POSITIONAL BASE CONTENT,Read2,ReadPos 11 C Bases,770811
POSITIONAL BASE CONTENT,Read2,ReadPos 12 C Bases,774357
POSITIONAL BASE CONTENT,Read2,ReadPos 13 C Bases,922763
POSITIONAL BASE CONTENT,Read2,ReadPos 14 C Bases,924567
POSITIONAL BASE CONTENT,Read2,ReadPos 15 C Bases,915546
POSITIONAL BASE CONTENT,Read2,ReadPos 16 C Bases,909931
POSITIONAL BASE CONTENT,Read2,ReadPos 17 C Bases,910599
POSITIONAL BASE CONTENT,Read2,ReadPos 18 C Bases,909895
POSITIONAL BASE CONTENT,Read2,ReadPos 19 C Bases,905557
POSITIONAL BASE CONTENT,Read2,ReadPos 20 C Bases,901651
POSITIONAL BASE CONTENT,Read2,ReadPos 21 C Bases,904851
POSITIONAL BASE CONTENT,Read2,ReadPos 22 C Bases,905262
POSITIONAL BASE CONTENT,Read2,ReadPos 23 C Bases,900966
POSITIONAL BASE CONTENT,Read2,ReadPos 24 C Bases,904671
POSITIONAL BASE CONTENT,Read2,ReadPos 25 C Bases,893361
POSITIONAL BASE CONTENT,Read2,ReadPos 26 C Bases,832527
POSITIONAL BASE CONTENT,Read2,ReadPos 1 G Bases,769718
POSITIONAL BASE CONTENT,Read2,ReadPos 2 G Bases,779370
POSITIONAL BASE CONTENT,Read2,ReadPos 3 G Bases,795649
POSITIONAL BASE CONTENT,Read2,ReadPos 4 G Bases,796385
POSITIONAL BASE CONTENT,Read2,ReadPos 5 G Bases,778780
POSITIONAL BASE CONTENT,Read2,ReadPos 6 G Bases,783727
POSITIONAL BASE CONTENT,Read2,ReadPos 7 G Bases,813918
POSITIONAL BASE CONTENT,Read2,ReadPos 8 G Bases,810700
POSITIONAL BASE CONTENT,Read2,ReadPos 9 G Bases,795289
POSITIONAL BASE CONTENT,Read2,ReadPos 10 G Bases,777976
POSITIONAL BASE CONTENT,Read2,ReadPos 11 G Bases,815830
POSITIONAL BASE CONTENT,Read2,ReadPos 12 G Bases,804706
POSITIONAL BASE CONTENT,Read2,ReadPos 13 G Bases,703471
POSITIONAL BASE CONTENT,Read2,ReadPos 14 G Bases,708523
POSITIONAL BASE CONTENT,Read2,ReadPos 15 G Bases,717014
POSITIONAL BASE CONTENT,Read2,ReadPos 16 G Bases,725407
POSITIONAL BASE CONTENT,Read2,ReadPos 17 G Bases,728843
POSITIONAL BASE CONTENT,Read2,ReadPos 18 G Bases,733014
POSITIONAL BASE CONTENT,Read2,ReadPos 19 G Bases,731317
POSITIONAL BASE CONTENT,Read2,ReadPos 20 G Bases,735813
POSITIONAL BASE CONTENT,Read2,ReadPos 21 G Bases,729726
POSITIONAL BASE CONTENT,Read2,ReadPos 22 G Bases,738089
POSITIONAL BASE CONTENT,Read2,ReadPos 23 G Bases,744037
POSITIONAL BASE CONTENT,Read2,ReadPos 24 G Bases,742847
POSITIONAL BASE CONTENT,Read2,ReadPos 25 G Bases,741432
POSITIONAL BASE CONTENT,Read2,ReadPos 26 G Bases,701375
POSITIONAL BASE CONTENT,Read2,ReadPos 1 T Bases,875110
POSITIONAL BASE CONTENT,Read2,ReadPos 2 T Bases,815518
POSITIONAL BASE CONTENT,Read2,ReadPos 3 T Bases,797101
POSITIONAL BASE CONTENT,Read2,ReadPos 4 T Bases,791103
POSITIONAL BASE CONTENT,Read2,ReadPos 5 T Bases,798488
POSITIONAL BASE CONTENT,Read2,ReadPos 6 T Bases,837340
POSITIONAL BASE CONTENT,Read2,ReadPos 7 T Bases,810234
POSITIONAL BASE CONTENT,Read2,ReadPos 8 T Bases,771248
POSITIONAL BASE CONTENT,Read2,ReadPos 9 T Bases,782050
POSITIONAL BASE CONTENT,Read2,ReadPos 10 T Bases,837408
POSITIONAL BASE CONTENT,Read2,ReadPos 11 T Bases,800041
POSITIONAL BASE CONTENT,Read2,ReadPos 12 T Bases,775707
POSITIONAL BASE CONTENT,Read2,ReadPos 13 T Bases,692953
POSITIONAL BASE CONTENT,Read2,ReadPos 14 T Bases,677943
POSITIONAL BASE CONTENT,Read2,ReadPos 15 T Bases,677138
POSITIONAL BASE CONTENT,Read2,ReadPos 16 T Bases,674094
POSITIONAL BASE CONTENT,Read2,ReadPos 17 T Bases,672641
POSITIONAL BASE CONTENT,Read2,ReadPos 18 T Bases,668116
POSITIONAL BASE CONTENT,Read2,ReadPos 19 T Bases,672769
POSITIONAL BASE CONTENT,Read2,ReadPos 20 T Bases,673745
POSITIONAL BASE CONTENT,Read2,ReadPos 21 T Bases,669491
POSITIONAL BASE CONTENT,Read2,ReadPos 22 T Bases,666515
POSITIONAL BASE CONTENT,Read2,ReadPos 23 T Bases,664064
POSITIONAL BASE CONTENT,Read2,ReadPos 24 T Bases,656768
POSITIONAL BASE CONTENT,Read2,ReadPos 25 T Bases,655025
POSITIONAL BASE CONTENT,Read2,ReadPos 26 T Bases,598182
POSITIONAL BASE CONTENT,Read2,ReadPos 1 N Bases,680
POSITIONAL BASE CONTENT,Read2,ReadPos 2 N Bases,10
POSITIONAL BASE CONTENT,Read2,ReadPos 3 N Bases,23
POSITIONAL BASE CONTENT,Read2,ReadPos 4 N Bases,158
POSITIONAL BASE CONTENT,Read2,ReadPos 5 N Bases,833
POSITIONAL BASE CONTENT,Read2,ReadPos 6 N Bases,214
POSITIONAL BASE CONTENT,Read2,ReadPos 7 N Bases,63
POSITIONAL BASE CONTENT,Read2,ReadPos 8 N Bases,66
POSITIONAL BASE CONTENT,Read2,ReadPos 9 N Bases,104
POSITIONAL BASE CONTENT,Read2,ReadPos 10 N Bases,114
POSITIONAL BASE CONTENT,Read2,ReadPos 11 N Bases,106
POSITIONAL BASE CONTENT,Read2,ReadPos 12 N Bases,118
POSITIONAL BASE CONTENT,Read2,ReadPos 13 N Bases,207
POSITIONAL BASE CONTENT,Read2,ReadPos 14 N Bases,85
POSITIONAL BASE CONTENT,Read2,ReadPos 15 N Bases,71
POSITIONAL BASE CONTENT,Read2,ReadPos 16 N Bases,105
POSITIONAL BASE CONTENT,Read2,ReadPos 17 N Bases,156
POSITIONAL BASE CONTENT,Read2,ReadPos 18 N Bases,134
POSITIONAL BASE CONTENT,Read2,ReadPos 19 N Bases,112
POSITIONAL BASE CONTENT,Read2,ReadPos 20 N Bases,85
POSITIONAL BASE CONTENT,Read2,ReadPos 21 N Bases,127
POSITIONAL BASE CONTENT,Read2,ReadPos 22 N Bases,55
POSITIONAL BASE CONTENT,Read2,ReadPos 23 N Bases,63
POSITIONAL BASE CONTENT,Read2,ReadPos 24 N Bases,81
POSITIONAL BASE CONTENT,Read2,ReadPos 25 N Bases,69
POSITIONAL BASE CONTENT,Read2,ReadPos 26 N Bases,85
READ LENGTHS,Read2,1bp Length Reads,197
READ LENGTHS,Read2,2bp Length Reads,75
READ LENGTHS,Read2,3bp Length Reads,116
READ LENGTHS,Read2,4bp Length Reads,149
READ LENGTHS,Read2,5bp Length Reads,187
READ LENGTHS,Read2,6bp Length Reads,230
READ LENGTHS,Read2,7bp Length Reads,226
READ LENGTHS,Read2,8bp Length Reads,222
READ LENGTHS,Read2,9bp Length Reads,245
READ LENGTHS,Read2,10bp Length Reads,243
READ LENGTHS,Read2,11bp Length Reads,262
READ LENGTHS,Read2,12bp Length Reads,272
READ LENGTHS,Read2,13bp Length Reads,291
READ LENGTHS,Read2,14bp Length Reads,267
READ LENGTHS,Read2,15bp Length Reads,306
READ LENGTHS,Read2,16bp Length Reads,261
READ LENGTHS,Read2,17bp Length Reads,344
READ LENGTHS,Read2,18bp Length Reads,403
READ LENGTHS,Read2,19bp Length Reads,539
READ LENGTHS,Read2,20bp Length Reads,589
READ LENGTHS,Read2,21bp Length Reads,759
READ LENGTHS,Read2,22bp Length Reads,1697
READ LENGTHS,Read2,23bp Length Reads,5463
READ LENGTHS,Read2,24bp Length Reads,29975
READ LENGTHS,Read2,25bp Length Reads,219797
READ LENGTHS,Read2,26bp Length Reads,2934867
READ GC CONTENT,Read2,0% GC Reads,982472
READ GC CONTENT,Read2,1% GC Reads,982472
READ GC CONTENT,Read2,2% GC Reads,1568713
READ GC CONTENT,Read2,3% GC Reads,2167078
READ GC CONTENT,Read2,4% GC Reads,2188378
READ GC CONTENT,Read2,5% GC Reads,2201158
READ GC CONTENT,Read2,6% GC Reads,3012522
READ GC CONTENT,Read2,7% GC Reads,3809141
READ GC CONTENT,Read2,8% GC Reads,3789480
READ GC CONTENT,Read2,9% GC Reads,3786531
READ GC CONTENT,Read2,10% GC Reads,5885062
READ GC CONTENT,Read2,11% GC Reads,7984248
READ GC CONTENT,Read2,12% GC Reads,8017016
READ GC CONTENT,Read2,13% GC Reads,13656596
READ GC CONTENT,Read2,14% GC Reads,19504250
READ GC CONTENT,Read2,15% GC Reads,19940063
READ GC CONTENT,Read2,16% GC Reads,20184515
READ GC CONTENT,Read2,17% GC Reads,38131560
READ GC CONTENT,Read2,18% GC Reads,58097774
READ GC CONTENT,Read2,19% GC Reads,60976083
READ GC CONTENT,Read2,20% GC Reads,61824416
READ GC CONTENT,Read2,21% GC Reads,116885576
READ GC CONTENT,Read2,22% GC Reads,177475679
READ GC CONTENT,Read2,23% GC Reads,184438170
READ GC CONTENT,Read2,24% GC Reads,186087338
READ GC CONTENT,Read2,25% GC Reads,330537041
READ GC CONTENT,Read2,26% GC Reads,491090565
READ GC CONTENT,Read2,27% GC Reads,509649290
READ GC CONTENT,Read2,28% GC Reads,512670129
READ GC CONTENT,Read2,29% GC Reads,826289038
READ GC CONTENT,Read2,30% GC Reads,1170095757
READ GC CONTENT,Read2,31% GC Reads,1206044337
READ GC CONTENT,Read2,32% GC Reads,1211182484
READ GC CONTENT,Read2,33% GC Reads,1750462789
READ GC CONTENT,Read2,34% GC Reads,2340397493
READ GC CONTENT,Read2,35% GC Reads,2399537193
READ GC CONTENT,Read2,36% GC Reads,2408136482
READ GC CONTENT,Read2,37% GC Reads,3204452687
READ GC CONTENT,Read2,38% GC Reads,4067397437
READ GC CONTENT,Read2,39% GC Reads,4134395248
READ GC CONTENT,Read2,40% GC Reads,5026464009
READ GC CONTENT,Read2,41% GC Reads,5919810123
READ GC CONTENT,Read2,42% GC Reads,5984375270
READ GC CONTENT,Read2,43% GC Reads,6048246645
READ GC CONTENT,Read2,44% GC Reads,6845425099
READ GC CONTENT,Read2,45% GC Reads,7641605779
READ GC CONTENT,Read2,46% GC Reads,7683631098
READ GC CONTENT,Read2,47% GC Reads,7725682289
READ GC CONTENT,Read2,48% GC Reads,8087680357
READ GC CONTENT,Read2,49% GC Reads,8449344824
READ GC CONTENT,Read2,50% GC Reads,8462395344
READ GC CONTENT,Read2,51% GC Reads,8475445864
READ GC CONTENT,Read2,52% GC Reads,8279370687
READ GC CONTENT,Read2,53% GC Reads,8083432490
READ GC CONTENT,Read2,54% GC Reads,8038589096
READ GC CONTENT,Read2,55% GC Reads,7994032425
READ GC CONTENT,Read2,56% GC Reads,7284799156
READ GC CONTENT,Read2,57% GC Reads,6574751598
READ GC CONTENT,Read2,58% GC Reads,6515839314
READ GC CONTENT,Read2,59% GC Reads,6455910173
READ GC CONTENT,Read2,60% GC Reads,5527302257
READ GC CONTENT,Read2,61% GC Reads,4599567345
READ GC CONTENT,Read2,62% GC Reads,4528158972
READ GC CONTENT,Read2,63% GC Reads,3601283908
READ GC CONTENT,Read2,64% GC Reads,2745183180
READ GC CONTENT,Read2,65% GC Reads,2734575955
READ GC CONTENT,Read2,66% GC Reads,2667491098
READ GC CONTENT,Read2,67% GC Reads,1973330808
READ GC CONTENT,Read2,68% GC Reads,1335363999
READ GC CONTENT,Read2,69% GC Reads,1330005989
READ GC CONTENT,Read2,70% GC Reads,1289595734
READ GC CONTENT,Read2,71% GC Reads,896411514
READ GC CONTENT,Read2,72% GC Reads,537565821
READ GC CONTENT,Read2,73% GC Reads,533546604
READ GC CONTENT,Read2,74% GC Reads,513600857
READ GC CONTENT,Read2,75% GC Reads,331842670
READ GC CONTENT,Read2,76% GC Reads,166218114
READ GC CONTENT,Read2,77% GC Reads,164886765
READ GC CONTENT,Read2,78% GC Reads,157953417
READ GC CONTENT,Read2,79% GC Reads,99199066
READ GC CONTENT,Read2,80% GC Reads,46440932
READ GC CONTENT,Read2,81% GC Reads,45995302
READ GC CONTENT,Read2,82% GC Reads,43697950
READ GC CONTENT,Read2,83% GC Reads,25331186
READ GC CONTENT,Read2,84% GC Reads,8863332
READ GC CONTENT,Read2,85% GC Reads,8758804
READ GC CONTENT,Read2,86% GC Reads,8072644
READ GC CONTENT,Read2,87% GC Reads,4765596
READ GC CONTENT,Read2,88% GC Reads,2319091
READ GC CONTENT,Read2,89% GC Reads,2368573
READ GC CONTENT,Read2,90% GC Reads,2215489
READ GC CONTENT,Read2,91% GC Reads,2054541
READ GC CONTENT,Read2,92% GC Reads,2376642
READ GC CONTENT,Read2,93% GC Reads,3199812
READ GC CONTENT,Read2,94% GC Reads,4742802
READ GC CONTENT,Read2,95% GC Reads,6955150
READ GC CONTENT,Read2,96% GC Reads,9859386
READ GC CONTENT,Read2,97% GC Reads,14304764
READ GC CONTENT,Read2,98% GC Reads,28864325
READ GC CONTENT,Read2,99% GC Reads,39803276
READ GC CONTENT,Read2,100% GC Reads,39803276
READ GC CONTENT QUALITY,Read2,0% GC Reads Average Quality,27.98
READ GC CONTENT QUALITY,Read2,1% GC Reads Average Quality,27.98
READ GC CONTENT QUALITY,Read2,2% GC Reads Average Quality,26.49
READ GC CONTENT QUALITY,Read2,3% GC Reads Average Quality,25.82
READ GC CONTENT QUALITY,Read2,4% GC Reads Average Quality,25.83
READ GC CONTENT QUALITY,Read2,5% GC Reads Average Quality,25.82
READ GC CONTENT QUALITY,Read2,6% GC Reads Average Quality,26.10
READ GC CONTENT QUALITY,Read2,7% GC Reads Average Quality,26.21
READ GC CONTENT QUALITY,Read2,8% GC Reads Average Quality,26.16
READ GC CONTENT QUALITY,Read2,9% GC Reads Average Quality,26.17
READ GC CONTENT QUALITY,Read2,10% GC Reads Average Quality,26.78
READ GC CONTENT QUALITY,Read2,11% GC Reads Average Quality,27.07
READ GC CONTENT QUALITY,Read2,12% GC Reads Average Quality,27.07
READ GC CONTENT QUALITY,Read2,13% GC Reads Average Quality,28.90
READ GC CONTENT QUALITY,Read2,14% GC Reads Average Quality,29.70
READ GC CONTENT QUALITY,Read2,15% GC Reads Average Quality,29.78
READ GC CONTENT QUALITY,Read2,16% GC Reads Average Quality,29.83
READ GC CONTENT QUALITY,Read2,17% GC Reads Average Quality,31.56
READ GC CONTENT QUALITY,Read2,18% GC Reads Average Quality,32.29
READ GC CONTENT QUALITY,Read2,19% GC Reads Average Quality,32.45
READ GC CONTENT QUALITY,Read2,20% GC Reads Average Quality,32.49
READ GC CONTENT QUALITY,Read2,21% GC Reads Average Quality,33.62
READ GC CONTENT QUALITY,Read2,22% GC Reads Average Quality,34.06
READ GC CONTENT QUALITY,Read2,23% GC Reads Average Quality,34.10
READ GC CONTENT QUALITY,Read2,24% GC Reads Average Quality,34.12
READ GC CONTENT QUALITY,Read2,25% GC Reads Average Quality,34.65
READ GC CONTENT QUALITY,Read2,26% GC Reads Average Quality,34.88
READ GC CONTENT QUALITY,Read2,27% GC Reads Average Quality,34.91
READ GC CONTENT QUALITY,Read2,28% GC Reads Average Quality,34.91
READ GC CONTENT QUALITY,Read2,29% GC Reads Average Quality,35.17
READ GC CONTENT QUALITY,Read2,30% GC Reads Average Quality,35.31
READ GC CONTENT QUALITY,Read2,31% GC Reads Average Quality,35.32
READ GC CONTENT QUALITY,Read2,32% GC Reads Average Quality,35.32
READ GC CONTENT QUALITY,Read2,33% GC Reads Average Quality,35.47
READ GC CONTENT QUALITY,Read2,34% GC Reads Average Quality,35.55
READ GC CONTENT QUALITY,Read2,35% GC Reads Average Quality,35.56
READ GC CONTENT QUALITY,Read2,36% GC Reads Average Quality,35.56
READ GC CONTENT QUALITY,Read2,37% GC Reads Average Quality,35.64
READ GC CONTENT QUALITY,Read2,38% GC Reads Average Quality,35.69
READ GC CONTENT QUALITY,Read2,39% GC Reads Average Quality,35.69
READ GC CONTENT QUALITY,Read2,40% GC Reads Average Quality,35.74
READ GC CONTENT QUALITY,Read2,41% GC Reads Average Quality,35.78
READ GC CONTENT QUALITY,Read2,42% GC Reads Average Quality,35.78
READ GC CONTENT QUALITY,Read2,43% GC Reads Average Quality,35.78
READ GC CONTENT QUALITY,Read2,44% GC Reads Average Quality,35.82
READ GC CONTENT QUALITY,Read2,45% GC Reads Average Quality,35.85
READ GC CONTENT QUALITY,Read2,46% GC Reads Average Quality,35.85
READ GC CONTENT QUALITY,Read2,47% GC Reads Average Quality,35.85
READ GC CONTENT QUALITY,Read2,48% GC Reads Average Quality,35.87
READ GC CONTENT QUALITY,Read2,49% GC Reads Average Quality,35.89
READ GC CONTENT QUALITY,Read2,50% GC Reads Average Quality,35.89
READ GC CONTENT QUALITY,Read2,51% GC Reads Average Quality,35.89
READ GC CONTENT QUALITY,Read2,52% GC Reads Average Quality,35.92
READ GC CONTENT QUALITY,Read2,53% GC Reads Average Quality,35.94
READ GC CONTENT QUALITY,Read2,54% GC Reads Average Quality,35.94
READ GC CONTENT QUALITY,Read2,55% GC Reads Average Quality,35.94
READ GC CONTENT QUALITY,Read2,56% GC Reads Average Quality,35.96
READ GC CONTENT QUALITY,Read2,57% GC Reads Average Quality,35.98
READ GC CONTENT QUALITY,Read2,58% GC Reads Average Quality,35.98
READ GC CONTENT QUALITY,Read2,59% GC Reads Average Quality,35.98
READ GC CONTENT QUALITY,Read2,60% GC Reads Average Quality,35.99
READ GC CONTENT QUALITY,Read2,61% GC Reads Average Quality,36.00
READ GC CONTENT QUALITY,Read2,62% GC Reads Average Quality,36.00
READ GC CONTENT QUALITY,Read2,63% GC Reads Average Quality,36.01
READ GC CONTENT QUALITY,Read2,64% GC Reads Average Quality,36.03
READ GC CONTENT QUALITY,Read2,65% GC Reads Average Quality,36.03
READ GC CONTENT QUALITY,Read2,66% GC Reads Average Quality,36.03
READ GC CONTENT QUALITY,Read2,67% GC Reads Average Quality,36.03
READ GC CONTENT QUALITY,Read2,68% GC Reads Average Quality,36.02
READ GC CONTENT QUALITY,Read2,69% GC Reads Average Quality,36.02
READ GC CONTENT QUALITY,Read2,70% GC Reads Average Quality,36.02
READ GC CONTENT QUALITY,Read2,71% GC Reads Average Quality,36.01
READ GC CONTENT QUALITY,Read2,72% GC Reads Average Quality,35.99
READ GC CONTENT QUALITY,Read2,73% GC Reads Average Quality,35.99
READ GC CONTENT QUALITY,Read2,74% GC Reads Average Quality,35.99
READ GC CONTENT QUALITY,Read2,75% GC Reads Average Quality,35.96
READ GC CONTENT QUALITY,Read2,76% GC Reads Average Quality,35.86
READ GC CONTENT QUALITY,Read2,77% GC Reads Average Quality,35.86
READ GC CONTENT QUALITY,Read2,78% GC Reads Average Quality,35.86
READ GC CONTENT QUALITY,Read2,79% GC Reads Average Quality,35.80
READ GC CONTENT QUALITY,Read2,80% GC Reads Average Quality,35.63
READ GC CONTENT QUALITY,Read2,81% GC Reads Average Quality,35.63
READ GC CONTENT QUALITY,Read2,82% GC Reads Average Quality,35.60
READ GC CONTENT QUALITY,Read2,83% GC Reads Average Quality,35.23
READ GC CONTENT QUALITY,Read2,84% GC Reads Average Quality,33.67
READ GC CONTENT QUALITY,Read2,85% GC Reads Average Quality,33.66
READ GC CONTENT QUALITY,Read2,86% GC Reads Average Quality,33.50
READ GC CONTENT QUALITY,Read2,87% GC Reads Average Quality,32.46
READ GC CONTENT QUALITY,Read2,88% GC Reads Average Quality,29.41
READ GC CONTENT QUALITY,Read2,89% GC Reads Average Quality,29.34
READ GC CONTENT QUALITY,Read2,90% GC Reads Average Quality,29.03
READ GC CONTENT QUALITY,Read2,91% GC Reads Average Quality,28.74
READ GC CONTENT QUALITY,Read2,92% GC Reads Average Quality,29.03
READ GC CONTENT QUALITY,Read2,93% GC Reads Average Quality,29.54
READ GC CONTENT QUALITY,Read2,94% GC Reads Average Quality,30.18
READ GC CONTENT QUALITY,Read2,95% GC Reads Average Quality,30.68
READ GC CONTENT QUALITY,Read2,96% GC Reads Average Quality,31.01
READ GC CONTENT QUALITY,Read2,97% GC Reads Average Quality,31.32
READ GC CONTENT QUALITY,Read2,98% GC Reads Average Quality,32.75
READ GC CONTENT QUALITY,Read2,99% GC Reads Average Quality,33.31
READ GC CONTENT QUALITY,Read2,100% GC Reads Average Quality,33.31
SEQUENCE POSITIONS,Read2,'AGATCGGAAGAG' 14bp Starts,13
SEQUENCE POSITIONS,Read2,'AGATCGGAAGAG' Total Sequence Starts,13,0.00
SEQUENCE POSITIONS,Read2,'TGGAATTCTCGG' 6bp Starts,2
SEQUENCE POSITIONS,Read2,'TGGAATTCTCGG' 8bp Starts,2
SEQUENCE POSITIONS,Read2,'TGGAATTCTCGG' Total Sequence Starts,4,0.00
SEQUENCE POSITIONS,Read2,'GATCGTCGGACT' Total Sequence Starts,0,0.00
SEQUENCE POSITIONS,Read2,'CTGTCTCTTATA' Total Sequence Starts,0,0.00
POSITIONAL QUALITY,Read2,ReadPos 1 1% Quantile QV,11
POSITIONAL QUALITY,Read2,ReadPos 1 2% Quantile QV,11
POSITIONAL QUALITY,Read2,ReadPos 1 5% Quantile QV,25
POSITIONAL QUALITY,Read2,ReadPos 1 10% Quantile QV,37
POSITIONAL QUALITY,Read2,ReadPos 1 25% Quantile QV,37
POSITIONAL QUALITY,Read2,ReadPos 1 50% Quantile QV,37
POSITIONAL QUALITY,Read2,ReadPos 1 75% Quantile QV,37
POSITIONAL QUALITY,Read2,ReadPos 1 90% Quantile QV,37
POSITIONAL QUALITY,Read2,ReadPos 1 95% Quantile QV,37
POSITIONAL QUALITY,Read2,ReadPos 1 98% Quantile QV,37
POSITIONAL QUALITY,Read2,ReadPos 1 99% Quantile QV,37
POSITIONAL QUALITY,Read2,ReadPos 2 1% Quantile QV,11
POSITIONAL QUALITY,Read2,ReadPos 2 2% Quantile QV,11
POSITIONAL QUALITY,Read2,ReadPos 2 5% Quantile QV,25
POSITIONAL QUALITY,Read2,ReadPos 2 10% Quantile QV,37
POSITIONAL QUALITY,Read2,ReadPos 2 25% Quantile QV,37
POSITIONAL QUALITY,Read2,ReadPos 2 50% Quantile QV,37
POSITIONAL QUALITY,Read2,ReadPos 2 75% Quantile QV,37
POSITIONAL QUALITY,Read2,ReadPos 2 90% Quantile QV,37
POSITIONAL QUALITY,Read2,ReadPos 2 95% Quantile QV,37
POSITIONAL QUALITY,Read2,ReadPos 2 98% Quantile QV,37
POSITIONAL QUALITY,Read2,ReadPos 2 99% Quantile QV,37
POSITIONAL QUALITY,Read2,ReadPos 3 1% Quantile QV,11
POSITIONAL QUALITY,Read2,ReadPos 3 2% Quantile QV,11
POSITIONAL QUALITY,Read2,ReadPos 3 5% Quantile QV,25
POSITIONAL QUALITY,Read2,ReadPos 3 10% Quantile QV,37
POSITIONAL QUALITY,Read2,ReadPos 3 25% Quantile QV,37
POSITIONAL QUALITY,Read2,ReadPos 3 50% Quantile QV,37
POSITIONAL QUALITY,Read2,ReadPos 3 75% Quantile QV,37
POSITIONAL QUALITY,Read2,ReadPos 3 90% Quantile QV,37
POSITIONAL QUALITY,Read2,ReadPos 3 95% Quantile QV,37
POSITIONAL QUALITY,Read2,ReadPos 3 98% Quantile QV,37
POSITIONAL QUALITY,Read2,ReadPos 3 99% Quantile QV,37
POSITIONAL QUALITY,Read2,ReadPos 4 1% Quantile QV,11
POSITIONAL QUALITY,Read2,ReadPos 4 2% Quantile QV,11
POSITIONAL QUALITY,Read2,ReadPos 4 5% Quantile QV,25
POSITIONAL QUALITY,Read2,ReadPos 4 10% Quantile QV,37
POSITIONAL QUALITY,Read2,ReadPos 4 25% Quantile QV,37
POSITIONAL QUALITY,Read2,ReadPos 4 50% Quantile QV,37
POSITIONAL QUALITY,Read2,ReadPos 4 75% Quantile QV,37
POSITIONAL QUALITY,Read2,ReadPos 4 90% Quantile QV,37
POSITIONAL QUALITY,Read2,ReadPos 4 95% Quantile QV,37
POSITIONAL QUALITY,Read2,ReadPos 4 98% Quantile QV,37
POSITIONAL QUALITY,Read2,ReadPos 4 99% Quantile QV,37
POSITIONAL QUALITY,Read2,ReadPos 5 1% Quantile QV,11
POSITIONAL QUALITY,Read2,ReadPos 5 2% Quantile QV,11
POSITIONAL QUALITY,Read2,ReadPos 5 5% Quantile QV,25
POSITIONAL QUALITY,Read2,ReadPos 5 10% Quantile QV,37
POSITIONAL QUALITY,Read2,ReadPos 5 25% Quantile QV,37
POSITIONAL QUALITY,Read2,ReadPos 5 50% Quantile QV,37
POSITIONAL QUALITY,Read2,ReadPos 5 75% Quantile QV,37
POSITIONAL QUALITY,Read2,ReadPos 5 90% Quantile QV,37
POSITIONAL QUALITY,Read2,ReadPos 5 95% Quantile QV,37
POSITIONAL QUALITY,Read2,ReadPos 5 98% Quantile QV,37
POSITIONAL QUALITY,Read2,ReadPos 5 99% Quantile QV,37
POSITIONAL QUALITY,Read2,ReadPos 6 1% Quantile QV,11
POSITIONAL QUALITY,Read2,ReadPos 6 2% Quantile QV,11
POSITIONAL QUALITY,Read2,ReadPos 6 5% Quantile QV,25
POSITIONAL QUALITY,Read2,ReadPos 6 10% Quantile QV,37
POSITIONAL QUALITY,Read2,ReadPos 6 25% Quantile QV,37
POSITIONAL QUALITY,Read2,ReadPos 6 50% Quantile QV,37
POSITIONAL QUALITY,Read2,ReadPos 6 75% Quantile QV,37
POSITIONAL QUALITY,Read2,ReadPos 6 90% Quantile QV,37
POSITIONAL QUALITY,Read2,ReadPos 6 95% Quantile QV,37
POSITIONAL QUALITY,Read2,ReadPos 6 98% Quantile QV,37
POSITIONAL QUALITY,Read2,ReadPos 6 99% Quantile QV,37
POSITIONAL QUALITY,Read2,ReadPos 7 1% Quantile QV,11
POSITIONAL QUALITY,Read2,ReadPos 7 2% Quantile QV,11
POSITIONAL QUALITY,Read2,ReadPos 7 5% Quantile QV,25
POSITIONAL QUALITY,Read2,ReadPos 7 10% Quantile QV,37
POSITIONAL QUALITY,Read2,ReadPos 7 25% Quantile QV,37
POSITIONAL QUALITY,Read2,ReadPos 7 50% Quantile QV,37
POSITIONAL QUALITY,Read2,ReadPos 7 75% Quantile QV,37
POSITIONAL QUALITY,Read2,ReadPos 7 90% Quantile QV,37
POSITIONAL QUALITY,Read2,ReadPos 7 95% Quantile QV,37
POSITIONAL QUALITY,Read2,ReadPos 7 98% Quantile QV,37
POSITIONAL QUALITY,Read2,ReadPos 7 99% Quantile QV,37
POSITIONAL QUALITY,Read2,ReadPos 8 1% Quantile QV,11
POSITIONAL QUALITY,Read2,ReadPos 8 2% Quantile QV,11
POSITIONAL QUALITY,Read2,ReadPos 8 5% Quantile QV,25
POSITIONAL QUALITY,Read2,ReadPos 8 10% Quantile QV,37
POSITIONAL QUALITY,Read2,ReadPos 8 25% Quantile QV,37
POSITIONAL QUALITY,Read2,ReadPos 8 50% Quantile QV,37
POSITIONAL QUALITY,Read2,ReadPos 8 75% Quantile QV,37
POSITIONAL QUALITY,Read2,ReadPos 8 90% Quantile QV,37
POSITIONAL QUALITY,Read2,ReadPos 8 95% Quantile QV,37
POSITIONAL QUALITY,Read2,ReadPos 8 98% Quantile QV,37
POSITIONAL QUALITY,Read2,ReadPos 8 99% Quantile QV,37
POSITIONAL QUALITY,Read2,ReadPos 9 1% Quantile QV,11
POSITIONAL QUALITY,Read2,ReadPos 9 2% Quantile QV,11
POSITIONAL QUALITY,Read2,ReadPos 9 5% Quantile QV,25
POSITIONAL QUALITY,Read2,ReadPos 9 10% Quantile QV,37
POSITIONAL QUALITY,Read2,ReadPos 9 25% Quantile QV,37
POSITIONAL QUALITY,Read2,ReadPos 9 50% Quantile QV,37
POSITIONAL QUALITY,Read2,ReadPos 9 75% Quantile QV,37
POSITIONAL QUALITY,Read2,ReadPos 9 90% Quantile QV,37
POSITIONAL QUALITY,Read2,ReadPos 9 95% Quantile QV,37
POSITIONAL QUALITY,Read2,ReadPos 9 98% Quantile QV,37
POSITIONAL QUALITY,Read2,ReadPos 9 99% Quantile QV,37
POSITIONAL QUALITY,Read2,ReadPos 10 1% Quantile QV,11
POSITIONAL QUALITY,Read2,ReadPos 10 2% Quantile QV,11
POSITIONAL QUALITY,Read2,ReadPos 10 5% Quantile QV,25
POSITIONAL QUALITY,Read2,ReadPos 10 10% Quantile QV,37
POSITIONAL QUALITY,Read2,ReadPos 10 25% Quantile QV,37
POSITIONAL QUALITY,Read2,ReadPos 10 50% Quantile QV,37
POSITIONAL QUALITY,Read2,ReadPos 10 75% Quantile QV,37
POSITIONAL QUALITY,Read2,ReadPos 10 90% Quantile QV,37
POSITIONAL QUALITY,Read2,ReadPos 10 95% Quantile QV,37
POSITIONAL QUALITY,Read2,ReadPos 10 98% Quantile QV,37
POSITIONAL QUALITY,Read2,ReadPos 10 99% Quantile QV,37
POSITIONAL QUALITY,Read2,ReadPos 11 1% Quantile QV,11
POSITIONAL QUALITY,Read2,ReadPos 11 2% Quantile QV,11
POSITIONAL QUALITY,Read2,ReadPos 11 5% Quantile QV,25
POSITIONAL QUALITY,Read2,ReadPos 11 10% Quantile QV,37
POSITIONAL QUALITY,Read2,ReadPos 11 25% Quantile QV,37
POSITIONAL QUALITY,Read2,ReadPos 11 50% Quantile QV,37
POSITIONAL QUALITY,Read2,ReadPos 11 75% Quantile QV,37
POSITIONAL QUALITY,Read2,ReadPos 11 90% Quantile QV,37
POSITIONAL QUALITY,Read2,ReadPos 11 95% Quantile QV,37
POSITIONAL QUALITY,Read2,ReadPos 11 98% Quantile QV,37
POSITIONAL QUALITY,Read2,ReadPos 11 99% Quantile QV,37
POSITIONAL QUALITY,Read2,ReadPos 12 1% Quantile QV,11
POSITIONAL QUALITY,Read2,ReadPos 12 2% Quantile QV,11
POSITIONAL QUALITY,Read2,ReadPos 12 5% Quantile QV,25
POSITIONAL QUALITY,Read2,ReadPos 12 10% Quantile QV,37
POSITIONAL QUALITY,Read2,ReadPos 12 25% Quantile QV,37
POSITIONAL QUALITY,Read2,ReadPos 12 50% Quantile QV,37
POSITIONAL QUALITY,Read2,ReadPos 12 75% Quantile QV,37
POSITIONAL QUALITY,Read2,ReadPos 12 90% Quantile QV,37
POSITIONAL QUALITY,Read2,ReadPos 12 95% Quantile QV,37
POSITIONAL QUALITY,Read2,ReadPos 12 98% Quantile QV,37
POSITIONAL QUALITY,Read2,ReadPos 12 99% Quantile QV,37
POSITIONAL QUALITY,Read2,ReadPos 13 1% Quantile QV,11
POSITIONAL QUALITY,Read2,ReadPos 13 2% Quantile QV,11
POSITIONAL QUALITY,Read2,ReadPos 13 5% Quantile QV,25
POSITIONAL QUALITY,Read2,ReadPos 13 10% Quantile QV,37
POSITIONAL QUALITY,Read2,ReadPos 13 25% Quantile QV,37
POSITIONAL QUALITY,Read2,ReadPos 13 50% Quantile QV,37
POSITIONAL QUALITY,Read2,ReadPos 13 75% Quantile QV,37
POSITIONAL QUALITY,Read2,ReadPos 13 90% Quantile QV,37
POSITIONAL QUALITY,Read2,ReadPos 13 95% Quantile QV,37
POSITIONAL QUALITY,Read2,ReadPos 13 98% Quantile QV,37
POSITIONAL QUALITY,Read2,ReadPos 13 99% Quantile QV,37
POSITIONAL QUALITY,Read2,ReadPos 14 1% Quantile QV,11
POSITIONAL QUALITY,Read2,ReadPos 14 2% Quantile QV,11
POSITIONAL QUALITY,Read2,ReadPos 14 5% Quantile QV,25
POSITIONAL QUALITY,Read2,ReadPos 14 10% Quantile QV,37
POSITIONAL QUALITY,Read2,ReadPos 14 25% Quantile QV,37
POSITIONAL QUALITY,Read2,ReadPos 14 50% Quantile QV,37
POSITIONAL QUALITY,Read2,ReadPos 14 75% Quantile QV,37
POSITIONAL QUALITY,Read2,ReadPos 14 90% Quantile QV,37
POSITIONAL QUALITY,Read2,ReadPos 14 95% Quantile QV,37
POSITIONAL QUALITY,Read2,ReadPos 14 98% Quantile QV,37
POSITIONAL QUALITY,Read2,ReadPos 14 99% Quantile QV,37
POSITIONAL QUALITY,Read2,ReadPos 15 1% Quantile QV,11
POSITIONAL QUALITY,Read2,ReadPos 15 2% Quantile QV,11
POSITIONAL QUALITY,Read2,ReadPos 15 5% Quantile QV,25
POSITIONAL QUALITY,Read2,ReadPos 15 10% Quantile QV,37
POSITIONAL QUALITY,Read2,ReadPos 15 25% Quantile QV,37
POSITIONAL QUALITY,Read2,ReadPos 15 50% Quantile QV,37
POSITIONAL QUALITY,Read2,ReadPos 15 75% Quantile QV,37
POSITIONAL QUALITY,Read2,ReadPos 15 90% Quantile QV,37
POSITIONAL QUALITY,Read2,ReadPos 15 95% Quantile QV,37
POSITIONAL QUALITY,Read2,ReadPos 15 98% Quantile QV,37
POSITIONAL QUALITY,Read2,ReadPos 15 99% Quantile QV,37
POSITIONAL QUALITY,Read2,ReadPos 16 1% Quantile QV,11
POSITIONAL QUALITY,Read2,ReadPos 16 2% Quantile QV,11
POSITIONAL QUALITY,Read2,ReadPos 16 5% Quantile QV,25
POSITIONAL QUALITY,Read2,ReadPos 16 10% Quantile QV,37
POSITIONAL QUALITY,Read2,ReadPos 16 25% Quantile QV,37
POSITIONAL QUALITY,Read2,ReadPos 16 50% Quantile QV,37
POSITIONAL QUALITY,Read2,ReadPos 16 75% Quantile QV,37
POSITIONAL QUALITY,Read2,ReadPos 16 90% Quantile QV,37
POSITIONAL QUALITY,Read2,ReadPos 16 95% Quantile QV,37
POSITIONAL QUALITY,Read2,ReadPos 16 98% Quantile QV,37
POSITIONAL QUALITY,Read2,ReadPos 16 99% Quantile QV,37
POSITIONAL QUALITY,Read2,ReadPos 17 1% Quantile QV,11
POSITIONAL QUALITY,Read2,ReadPos 17 2% Quantile QV,11
POSITIONAL QUALITY,Read2,ReadPos 17 5% Quantile QV,25
POSITIONAL QUALITY,Read2,ReadPos 17 10% Quantile QV,37
POSITIONAL QUALITY,Read2,ReadPos 17 25% Quantile QV,37
POSITIONAL QUALITY,Read2,ReadPos 17 50% Quantile QV,37
POSITIONAL QUALITY,Read2,ReadPos 17 75% Quantile QV,37
POSITIONAL QUALITY,Read2,ReadPos 17 90% Quantile QV,37
POSITIONAL QUALITY,Read2,ReadPos 17 95% Quantile QV,37
POSITIONAL QUALITY,Read2,ReadPos 17 98% Quantile QV,37
POSITIONAL QUALITY,Read2,ReadPos 17 99% Quantile QV,37
POSITIONAL QUALITY,Read2,ReadPos 18 1% Quantile QV,11
POSITIONAL QUALITY,Read2,ReadPos 18 2% Quantile QV,11
POSITIONAL QUALITY,Read2,ReadPos 18 5% Quantile QV,25
POSITIONAL QUALITY,Read2,ReadPos 18 10% Quantile QV,37
POSITIONAL QUALITY,Read2,ReadPos 18 25% Quantile QV,37
POSITIONAL QUALITY,Read2,ReadPos 18 50% Quantile QV,37
POSITIONAL QUALITY,Read2,ReadPos 18 75% Quantile QV,37
POSITIONAL QUALITY,Read2,ReadPos 18 90% Quantile QV,37
POSITIONAL QUALITY,Read2,ReadPos 18 95% Quantile QV,37
POSITIONAL QUALITY,Read2,ReadPos 18 98% Quantile QV,37
POSITIONAL QUALITY,Read2,ReadPos 18 99% Quantile QV,37
POSITIONAL QUALITY,Read2,ReadPos 19 1% Quantile QV,11
POSITIONAL QUALITY,Read2,ReadPos 19 2% Quantile QV,11
POSITIONAL QUALITY,Read2,ReadPos 19 5% Quantile QV,25
POSITIONAL QUALITY,Read2,ReadPos 19 10% Quantile QV,37
POSITIONAL QUALITY,Read2,ReadPos 19 25% Quantile QV,37
POSITIONAL QUALITY,Read2,ReadPos 19 50% Quantile QV,37
POSITIONAL QUALITY,Read2,ReadPos 19 75% Quantile QV,37
POSITIONAL QUALITY,Read2,ReadPos 19 90% Quantile QV,37
POSITIONAL QUALITY,Read2,ReadPos 19 95% Quantile QV,37
POSITIONAL QUALITY,Read2,ReadPos 19 98% Quantile QV,37
POSITIONAL QUALITY,Read2,ReadPos 19 99% Quantile QV,37
POSITIONAL QUALITY,Read2,ReadPos 20 1% Quantile QV,11
POSITIONAL QUALITY,Read2,ReadPos 20 2% Quantile QV,11
POSITIONAL QUALITY,Read2,ReadPos 20 5% Quantile QV,25
POSITIONAL QUALITY,Read2,ReadPos 20 10% Quantile QV,37
POSITIONAL QUALITY,Read2,ReadPos 20 25% Quantile QV,37
POSITIONAL QUALITY,Read2,ReadPos 20 50% Quantile QV,37
POSITIONAL QUALITY,Read2,ReadPos 20 75% Quantile QV,37
POSITIONAL QUALITY,Read2,ReadPos 20 90% Quantile QV,37
POSITIONAL QUALITY,Read2,ReadPos 20 95% Quantile QV,37
POSITIONAL QUALITY,Read2,ReadPos 20 98% Quantile QV,37
POSITIONAL QUALITY,Read2,ReadPos 20 99% Quantile QV,37
POSITIONAL QUALITY,Read2,ReadPos 21 1% Quantile QV,11
POSITIONAL QUALITY,Read2,ReadPos 21 2% Quantile QV,11
POSITIONAL QUALITY,Read2,ReadPos 21 5% Quantile QV,25
POSITIONAL QUALITY,Read2,ReadPos 21 10% Quantile QV,37
POSITIONAL QUALITY,Read2,ReadPos 21 25% Quantile QV,37
POSITIONAL QUALITY,Read2,ReadPos 21 50% Quantile QV,37
POSITIONAL QUALITY,Read2,ReadPos 21 75% Quantile QV,37
POSITIONAL QUALITY,Read2,ReadPos 21 90% Quantile QV,37
POSITIONAL QUALITY,Read2,ReadPos 21 95% Quantile QV,37
POSITIONAL QUALITY,Read2,ReadPos 21 98% Quantile QV,37
POSITIONAL QUALITY,Read2,ReadPos 21 99% Quantile QV,37
POSITIONAL QUALITY,Read2,ReadPos 22 1% Quantile QV,11
POSITIONAL QUALITY,Read2,ReadPos 22 2% Quantile QV,11
POSITIONAL QUALITY,Read2,ReadPos 22 5% Quantile QV,25
POSITIONAL QUALITY,Read2,ReadPos 22 10% Quantile QV,37
POSITIONAL QUALITY,Read2,ReadPos 22 25% Quantile QV,37
POSITIONAL QUALITY,Read2,ReadPos 22 50% Quantile QV,37
POSITIONAL QUALITY,Read2,ReadPos 22 75% Quantile QV,37
POSITIONAL QUALITY,Read2,ReadPos 22 90% Quantile QV,37
POSITIONAL QUALITY,Read2,ReadPos 22 95% Quantile QV,37
POSITIONAL QUALITY,Read2,ReadPos 22 98% Quantile QV,37
POSITIONAL QUALITY,Read2,ReadPos 22 99% Quantile QV,37
POSITIONAL QUALITY,Read2,ReadPos 23 1% Quantile QV,11
POSITIONAL QUALITY,Read2,ReadPos 23 2% Quantile QV,11
POSITIONAL QUALITY,Read2,ReadPos 23 5% Quantile QV,25
POSITIONAL QUALITY,Read2,ReadPos 23 10% Quantile QV,37
POSITIONAL QUALITY,Read2,ReadPos 23 25% Quantile QV,37
POSITIONAL QUALITY,Read2,ReadPos 23 50% Quantile QV,37
POSITIONAL QUALITY,Read2,ReadPos 23 75% Quantile QV,37
POSITIONAL QUALITY,Read2,ReadPos 23 90% Quantile QV,37
POSITIONAL QUALITY,Read2,ReadPos 23 95% Quantile QV,37
POSITIONAL QUALITY,Read2,ReadPos 23 98% Quantile QV,37
POSITIONAL QUALITY,Read2,ReadPos 23 99% Quantile QV,37
POSITIONAL QUALITY,Read2,ReadPos 24 1% Quantile QV,11
POSITIONAL QUALITY,Read2,ReadPos 24 2% Quantile QV,11
POSITIONAL QUALITY,Read2,ReadPos 24 5% Quantile QV,25
POSITIONAL QUALITY,Read2,ReadPos 24 10% Quantile QV,37
POSITIONAL QUALITY,Read2,ReadPos 24 25% Quantile QV,37
POSITIONAL QUALITY,Read2,ReadPos 24 50% Quantile QV,37
POSITIONAL QUALITY,Read2,ReadPos 24 75% Quantile QV,37
POSITIONAL QUALITY,Read2,ReadPos 24 90% Quantile QV,37
POSITIONAL QUALITY,Read2,ReadPos 24 95% Quantile QV,37
POSITIONAL QUALITY,Read2,ReadPos 24 98% Quantile QV,37
POSITIONAL QUALITY,Read2,ReadPos 24 99% Quantile QV,37
POSITIONAL QUALITY,Read2,ReadPos 25 1% Quantile QV,11
POSITIONAL QUALITY,Read2,ReadPos 25 2% Quantile QV,11
POSITIONAL QUALITY,Read2,ReadPos 25 5% Quantile QV,25
POSITIONAL QUALITY,Read2,ReadPos 25 10% Quantile QV,37
POSITIONAL QUALITY,Read2,ReadPos 25 25% Quantile QV,37
POSITIONAL QUALITY,Read2,ReadPos 25 50% Quantile QV,37
POSITIONAL QUALITY,Read2,ReadPos 25 75% Quantile QV,37
POSITIONAL QUALITY,Read2,ReadPos 25 90% Quantile QV,37
POSITIONAL QUALITY,Read2,ReadPos 25 95% Quantile QV,37
POSITIONAL QUALITY,Read2,ReadPos 25 98% Quantile QV,37
POSITIONAL QUALITY,Read2,ReadPos 25 99% Quantile QV,37
POSITIONAL QUALITY,Read2,ReadPos 26 1% Quantile QV,11
POSITIONAL QUALITY,Read2,ReadPos 26 2% Quantile QV,11
POSITIONAL QUALITY,Read2,ReadPos 26 5% Quantile QV,25
POSITIONAL QUALITY,Read2,ReadPos 26 10% Quantile QV,37
POSITIONAL QUALITY,Read2,ReadPos 26 25% Quantile QV,37
POSITIONAL QUALITY,Read2,ReadPos 26 50% Quantile QV,37
POSITIONAL QUALITY,Read2,ReadPos 26 75% Quantile QV,37
POSITIONAL QUALITY,Read2,ReadPos 26 90% Quantile QV,37
POSITIONAL QUALITY,Read2,ReadPos 26 95% Quantile QV,37
POSITIONAL QUALITY,Read2,ReadPos 26 98% Quantile QV,37
POSITIONAL QUALITY,Read2,ReadPos 26 99% Quantile QV,37
